chs1	XM_027024980.2	113586674	XP_026880781.2	8005	Electrophorus electricus
LOC122622390	XM_043800798.1	122622390	XP_043656733.1	7243	Drosophila teissieri
LOC120454543	XM_039639922.1	120454543	XP_039495856.1	129105	Drosophila santomea
LOC117142251	XM_033306109.1	117142251	XP_033162000.1	7226	Drosophila mauritiana
LOC6613934	XM_032720317.1	6613934	XP_032576208.1	7238	Drosophila sechellia
Dmel_CG2666	NM_079509.3	45884	NP_524233.1	7227	Drosophila melanogaster
LOC27207284	XM_016183003.3	27207284	XP_016033301.1	7240	Drosophila simulans
LOC6535398	XM_015191648.3	6535398	XP_015047134.1	7245	Drosophila yakuba
LOC108011245	XM_036818980.1	108011245	XP_036674875.1	28584	Drosophila suzukii
LOC6500499	XM_014911100.3	6500499	XP_014766586.1	7217	Drosophila ananassae
LOC119559876	XM_037873006.1	119559876	XP_037728934.1	1486046	Drosophila subpulchrella
LOC108156158	XM_017287482.2	108156158	XP_017142971.1	7229	Drosophila miranda
LOC4802475	XM_003736692.3	4802475	XP_003736740.2	7237	Drosophila pseudoobscura
LOC117899175	XM_034809035.1	117899175	XP_034664926.1	7241	Drosophila subobscura
LOC108603280	XM_017991941.1	108603280	XP_017847430.1	30019	Drosophila busckii
LOC120897708	XM_040302764.1	120897708	XP_040158698.1	7173	Anopheles arabiensis
LOC120773350	XM_040102174.1	120773350	XP_039958108.1	59916	Bactrocera tryoni
LOC118468987	XM_035940398.1	118468987	XP_035796291.1	7167	Anopheles albimanus
LOC120953477	XM_040373421.2	120953477	XP_040229355.1	1518534	Anopheles coluzzii
LOC121587920	XM_041905263.1	121587920	XP_041761197.1	30066	Anopheles merus
AgaP_AGAP001748	XM_321336.5	1281426	XP_321336.5	7165	Anopheles gambiae str. PEST
LOC118505388	XM_036041097.1	118505388	XP_035896990.1	30069	Anopheles stephensi
LOC5575776	XM_021849205.1	5575776	XP_021704897.1	7159	Aedes aegypti
LOC119076809	XM_037183794.1	119076809	XP_037039689.1	38358	Bradysia coprophila
LOC6050141	XM_038261665.1	6050141	XP_038117593.1	7176	Culex quinquefasciatus
LOC119658848	XM_038066596.1	119658848	XP_037922524.1	343691	Hermetia illucens
LOC105279913	XM_026971153.1	105279913	XP_026826954.1	2015173	Ooceraea biroi
LOC117168036	XM_033353372.1	117168036	XP_033209263.1	2817044	Belonocnema kinseyi
LOC105194172	XM_011158942.3	105194172	XP_011157244.1	13686	Solenopsis invicta
LOC105831196	XM_012671177.3	105831196	XP_012526631.1	307658	Monomorium pharaonis
LOC412215	XM_016915247.2	412215	XP_016770736.1	7460	Apis mellifera
LOC122631942	XM_043818203.1	122631942	XP_043674138.1	30213	Vespula pensylvanica
LOC122416108	XM_043428803.1	122416108	XP_043284738.1	32260	Venturia canescens
LOC122572528	XM_043737573.1	122572528	XP_043593508.1	396416	Bombus pyrosoma
LOC100647512	XM_012313422.3	100647512	XP_012168812.1	30195	Bombus terrestris
LOC123262595	XM_044724843.1	123262595	XP_044580778.1	32391	Cotesia glomerata
LOC100118280	XM_031933531.1	100118280	XP_031789391.1	7425	Nasonia vitripennis
LOC122860601	XM_044164492.1	122860601	XP_044020427.1	684658	Aphidius gifuensis
Chs1	NM_001039402.1	641504	NP_001034491.1	7070	Tribolium castaneum
LOC100884166	XM_021351080.2	100884166	XP_021206755.2	7091	Bombyx mori
LOC113493499	XM_026871505.1	113493499	XP_026727306.1	7111	Trichoplusia ni
LOC119832062	XM_038355671.1	119832062	XP_038211599.1	33412	Zerene cesonia
LOC115454119	XM_037441746.1	115454119	XP_037297643.1	7130	Manduca sexta
LOC111046048	XM_039423630.1	111046048	XP_039279564.1	108931	Nilaparvata lugens
LOC123305798	XM_044887631.1	123305798	XP_044743566.1	189513	Chrysoperla carnea
LOC121731107	XM_042120460.1	121731107	XP_041976394.1	91739	Aricia agestis
LOC123312605	XM_044897123.1	123312605	XP_044753058.1	41139	Coccinella septempunctata
LOC116765217	XM_032654633.1	116765217	XP_032510524.1	13037	Danaus plexippus plexippus
LOC116928982	XM_032936127.2	116928982	XP_032792018.1	35525	Daphnia magna
LOC120636993	XM_039908572.1	120636993	XP_039764506.1	116150	Pararge aegeria
LOC725284	XM_016911959.2	725284	XP_016767448.1	7460	Apis mellifera
LOC118403483	XM_035802206.1	118403483	XP_035658099.1	7739	Branchiostoma floridae
LOC119387157	XM_037654464.2	119387157	XP_037510392.1	34632	Rhipicephalus sanguineus
LOC119159440	XM_037412197.1	119159440	XP_037268094.1	6941	Rhipicephalus microplus
LOC113553811	XM_026957352.1	113553811	XP_026813153.1	43146	Rhopalosiphum maidis
LOC119387159	XM_037654466.2	119387159	XP_037510394.1	34632	Rhipicephalus sanguineus
LOC100162079	XM_003247469.4	100162079	XP_003247517.1	7029	Acyrthosiphon pisum
LOC119442526	XM_037707435.2	119442526	XP_037563363.1	543639	Dermacentor silvarum
LOC121132328	XM_040727714.1	121132328	XP_040583648.1	72036	Lepeophtheirus salmonis
LOC119573948	XM_037921048.1	119573948	XP_037776976.1	6687	Penaeus monodon
LOC120637332	XM_039909127.1	120637332	XP_039765061.1	116150	Pararge aegeria
LOC116779467	XM_032673759.1	116779467	XP_032529650.1	13037	Danaus plexippus plexippus
LOC119833013	XM_038356920.1	119833013	XP_038212848.1	33412	Zerene cesonia
LOC115445069	XM_037441747.1	115445069	XP_037297644.1	7130	Manduca sexta
LOC121731121	XM_042120471.1	121731121	XP_041976405.1	91739	Aricia agestis
LOC101744621	XM_038010652.1	101744621	XP_037866580.1	7091	Bombyx mori
LOC113493500	XM_026871506.1	113493500	XP_026727307.1	7111	Trichoplusia ni
LOC100118136	XM_008216900.4	100118136	XP_008215122.2	7425	Nasonia vitripennis
LOC105199598	XM_039456370.1	105199598	XP_039312304.1	13686	Solenopsis invicta
Chs2	NM_001039403.1	641505	NP_001034492.1	7070	Tribolium castaneum
LOC121387679	XM_041518871.1	121387679	XP_041374805.1	1735272	Gigantopelta aegis
LOC105836116	XM_012679938.3	105836116	XP_012535392.1	307658	Monomorium pharaonis
LOC105279720	XM_011339671.3	105279720	XP_011337973.1	2015173	Ooceraea biroi
LOC122860847	XM_044164860.1	122860847	XP_044020795.1	684658	Aphidius gifuensis
LOC122566151	XM_043722985.1	122566151	XP_043578920.1	396416	Bombus pyrosoma
AgaP_AGAP001205	XM_321951.2	1281963	XP_321951.2	7165	Anopheles gambiae str. PEST
LOC120896104	XM_040299962.1	120896104	XP_040155896.1	7173	Anopheles arabiensis
LOC117183057	XM_033376212.1	117183057	XP_033232103.1	2817044	Belonocnema kinseyi
LOC117318087	XM_033873088.1	117318087	XP_033728979.1	6579	Pecten maximus
LOC121589057	XM_041907627.1	121589057	XP_041763561.1	30066	Anopheles merus
LOC112554551	XM_025222360.1	112554551	XP_025078145.1	400727	Pomacea canaliculata
LOC123273041	XM_044740198.1	123273041	XP_044596133.1	32391	Cotesia glomerata
LOC118505357	XM_036041033.1	118505357	XP_035896926.1	30069	Anopheles stephensi
LOC5566760	XM_001651113.2	5566760	XP_001651163.1	7159	Aedes aegypti
LOC117317766	XM_033872693.1	117317766	XP_033728584.1	6579	Pecten maximus
LOC6047547	XM_038263041.1	6047547	XP_038118969.1	7176	Culex quinquefasciatus
LOC119649777	XM_038052079.1	119649777	XP_037908007.1	343691	Hermetia illucens
LOC122415825	XM_043428330.1	122415825	XP_043284265.1	32260	Venturia canescens
LOC121387284	XM_041518306.1	121387284	XP_041374240.1	1735272	Gigantopelta aegis
LOC105343572	XM_034445400.1	105343572	XP_034301291.1	29159	Crassostrea gigas
LOC117322317	XM_033877171.1	117322317	XP_033733062.1	6579	Pecten maximus
LOC105343992	XM_020073600.2	105343992	XP_019929159.2	29159	Crassostrea gigas
LOC111125342	XM_022469048.1	111125342	XP_022324756.1	6565	Crassostrea virginica
LOC111125208	XM_022468759.1	111125208	XP_022324467.1	6565	Crassostrea virginica
LOC112572606	XM_025252359.1	112572606	XP_025108144.1	400727	Pomacea canaliculata
LOC26535990	XM_039374854.2	26535990	XP_039230788.1	7245	Drosophila yakuba
LOC122615987	XM_043791195.1	122615987	XP_043647130.1	7243	Drosophila teissieri
Dmel_CG7464	NM_001144525.2	40442	NP_001137997.2	7227	Drosophila melanogaster
LOC105317562	XM_034444650.1	105317562	XP_034300541.1	29159	Crassostrea gigas
LOC115220481	XM_029790613.2	115220481	XP_029646473.1	2607531	Octopus sinensis
LOC6616529	XM_032718961.1	6616529	XP_032574852.1	7238	Drosophila sechellia
LOC117141352	XM_033304757.1	117141352	XP_033160648.1	7226	Drosophila mauritiana
LOC6739087	XM_016171921.3	6739087	XP_016032928.2	7240	Drosophila simulans
LOC119077579	XM_037184789.1	119077579	XP_037040684.1	38358	Bradysia coprophila
LOC4812360	XM_001352845.4	4812360	XP_001352881.4	7237	Drosophila pseudoobscura
LOC111109754	XM_022445986.1	111109754	XP_022301694.1	6565	Crassostrea virginica
LOC120448641	XM_039630767.2	120448641	XP_039486701.1	129105	Drosophila santomea
LOC108150988	XM_017279337.2	108150988	XP_017134826.1	7229	Drosophila miranda
LOC112557684	XM_025227679.1	112557684	XP_025083464.1	400727	Pomacea canaliculata
LOC117894305	XM_034801272.1	117894305	XP_034657163.1	7241	Drosophila subobscura
LOC105317566	XM_034444774.1	105317566	XP_034300665.1	29159	Crassostrea gigas
LOC121387874	XM_041519106.1	121387874	XP_041375040.1	1735272	Gigantopelta aegis
LOC111100586	XM_022432631.1	111100586	XP_022288339.1	6565	Crassostrea virginica
LOC119554438	XM_037865348.1	119554438	XP_037721276.1	1486046	Drosophila subpulchrella
LOC6493805	XM_001958437.4	6493805	XP_001958473.1	7217	Drosophila ananassae
LOC108007770	XM_017071527.2	108007770	XP_016927016.2	28584	Drosophila suzukii
LOC120778564	XM_040110428.1	120778564	XP_039966362.1	59916	Bactrocera tryoni
LOC111109745	XM_022445972.1	111109745	XP_022301680.1	6565	Crassostrea virginica
LOC121387734	XM_041518931.1	121387734	XP_041374865.1	1735272	Gigantopelta aegis
LOC105324613	XM_011423733.3	105324613	XP_011422035.2	29159	Crassostrea gigas
LOC105343573	XM_034445405.1	105343573	XP_034301296.1	29159	Crassostrea gigas
Has2_2	XM_027431680.2	100751055	XP_027287481.1	10029	Cricetulus griseus
Has2	NM_008216.3	15117	NP_032242.3	10090	Mus musculus
Has2	XM_006982381.2	102920842	XP_006982443.1	10042	Peromyscus maniculatus bairdii
Has2	XM_021183791.1	110310674	XP_021039450.1	10089	Mus caroli
Has2	XM_028871903.2	114694830	XP_028727736.1	10041	Peromyscus leucopus
Has2	XM_031359063.1	116082212	XP_031214923.1	35658	Mastomys coucha
Has2	XM_034517236.1	117719124	XP_034373127.1	61156	Arvicanthis niloticus
Has2	XM_005354601.2	101989564	XP_005354658.1	79684	Microtus ochrogaster
Has2	XM_036208671.1	118597263	XP_036064564.1	38674	Onychomys torridus
Has2	XM_038343606.1	119823539	XP_038199534.1	1047088	Arvicola amphibius
Has2	NM_013153.2	25694	NP_037285.1	10116	Rattus norvegicus
LOC117334745	XM_033894538.1	117334745	XP_033750429.1	6579	Pecten maximus
Has2	XM_021216584.2	110334723	XP_021072243.1	10093	Mus pahari
Has2	XM_032890846.1	116890097	XP_032746737.1	10117	Rattus rattus
Has2	XM_005316195.3	101967233	XP_005316252.1	43179	Ictidomys tridecemlineatus
HAS2	XM_010990997.2	105098322	XP_010989299.1	9838	Camelus dromedarius
LOC102518631	XM_032467712.1	102518631	XP_032323603.1	419612	Camelus ferus
HAS2	XM_004000089.5	101099432	XP_004000138.1	9685	Felis catus
HAS2	XM_007075592.2	102950235	XP_007075654.1	9694	Panthera tigris
HAS2	XM_019808628.2	100471054	XP_019664187.1	9646	Ailuropoda melanoleuca
HAS2	XM_030304286.1	115506324	XP_030160146.1	61383	Lynx canadensis
HAS2_4	XM_038429645.1	482032	XP_038285573.1	9612	Canis lupus familiaris
HAS2	XM_041768458.1	121498488	XP_041624392.1	494514	Vulpes lagopus
HAS2	XM_042923792.1	122210867	XP_042779726.1	9689	Panthera leo
HAS2	XM_043601680.1	122495764	XP_043457615.1	37029	Prionailurus bengalensis
LOC102406104	XM_025265444.3	102406104	XP_025121229.1	89462	Bubalus bubalis
HAS2	XM_032316471.1	116575210	XP_032172362.1	36723	Mustela erminea
HAS2	XM_044245023.1	122904333	XP_044100958.1	452646	Neogale vison
HAS2	XM_027582135.1	113916189	XP_027437936.1	9704	Zalophus californianus
HAS2	NM_005328.3	3037	NP_005319.1	9606	Homo sapiens
HAS2	XM_001098841.4	703353	XP_001098841.1	9544	Macaca mulatta
HAS2	XM_002759268.5	100398661	XP_002759314.1	9483	Callithrix jacchus
HAS2	XM_003256164.4	100603930	XP_003256212.1	61853	Nomascus leucogenys
HAS2	XM_005564005.3	102131327	XP_005564062.1	9541	Macaca fascicularis
HAS2	XM_010381518.2	104676637	XP_010379820.1	61622	Rhinopithecus roxellana
HAS2	XM_023223072.1	111549871	XP_023078840.1	591936	Piliocolobus tephrosceles
HAS2	XM_024251434.1	100443159	XP_024107202.1	9601	Pongo abelii
HAS2	XM_024345267.1	472850	XP_024201035.1	9598	Pan troglodytes
HAS2	XM_025394490.1	112630289	XP_025250275.1	9565	Theropithecus gelada
HAS2	XM_031013564.1	109025003	XP_030869424.1	9593	Gorilla gorilla gorilla
LOC101325883	XM_004324085.3	101325883	XP_004324133.1	9739	Tursiops truncatus
HAS2	XM_007106932.2	102990709	XP_007106994.1	9755	Physeter catodon
HAS2	XM_032610033.1	116742407	XP_032465924.1	42100	Phocoena sinus
HAS2	XM_036830956.1	118883817	XP_036686851.1	9771	Balaenoptera musculus
HAS2	XM_037802981.1	119509124	XP_037658909.1	27675	Choloepus didactylus
LOC121381580	XM_041510915.1	121381580	XP_041366849.1	1735272	Gigantopelta aegis
HAS2	NM_174079.3	281220	NP_776504.2	9913	Bos taurus
LOC101110341	XM_004011666.4	101110341	XP_004011715.1	9940	Ovis aries
HAS2	XM_005688873.3	102170334	XP_005688930.1	9925	Capra hircus
LOC109568691	XM_019974112.1	109568691	XP_019829671.1	9915	Bos indicus
HAS2	XM_027560934.1	113904143	XP_027416735.1	30522	Bos indicus x Bos taurus
HAS2	XM_043483821.1	122451205	XP_043339756.1	1574408	Cervus canadensis
HAS2	XM_043880120.1	122679445	XP_043736055.1	9860	Cervus elaphus
LOC112554501	XM_025222285.1	112554501	XP_025078070.1	400727	Pomacea canaliculata
LOC121387283	XM_041518305.1	121387283	XP_041374239.1	1735272	Gigantopelta aegis
LOC121387878	XM_041519112.1	121387878	XP_041375046.1	1735272	Gigantopelta aegis
HAS2	XM_012743342.1	105859519	XP_012598796.1	30608	Microcebus murinus
HAS2	XM_021688414.2	110578887	XP_021544089.1	29088	Neomonachus schauinslandi
SHAS2	NM_214053.1	397120	NP_999218.1	9823	Sus scrofa
HAS2	NM_001081801.2	100009708	NP_001075270.1	9796	Equus caballus
HAS2	XM_014855299.2	106840120	XP_014710785.1	9793	Equus asinus
HAS2	XM_004580705.2	101517221	XP_004580762.1	9978	Ochotona princeps
LOC117334391	XM_033893991.1	117334391	XP_033749882.1	6579	Pecten maximus
LOC108599955	XM_017987206.2	108599955	XP_017842695.2	30019	Drosophila busckii
HAS2	XM_029923602.1	115279077	XP_029779462.1	37032	Suricata suricatta
HAS2	NM_001082010.1	100008626	NP_001075479.1	9986	Oryctolagus cuniculus
HAS2	XM_036031385.1	114514615	XP_035887278.1	89673	Phyllostomus discolor
LOC121388222	XM_041519492.1	121388222	XP_041375426.1	1735272	Gigantopelta aegis
LOC117339577	XM_033901260.1	117339577	XP_033757151.1	6579	Pecten maximus
LOC123313116	XM_044897835.1	123313116	XP_044753770.1	41139	Coccinella septempunctata
LOC111113317	XM_022451497.1	111113317	XP_022307205.1	6565	Crassostrea virginica
SRAE_X000035900	XM_024644694.1	36383412	XP_024510228.1	34506	Strongyloides ratti
LOC111125341	XM_022469046.1	111125341	XP_022324754.1	6565	Crassostrea virginica
LOC105341373	XM_034474308.1	105341373	XP_034330199.1	29159	Crassostrea gigas
LOC111125340	XM_022469045.1	111125340	XP_022324753.1	6565	Crassostrea virginica
HAS2	XM_029062007.1	100073390	XP_028917840.1	9258	Ornithorhynchus anatinus
HAS2	XM_038745471.1	119926976	XP_038601399.1	9261	Tachyglossus aculeatus
LOC111128135	XM_022473600.1	111128135	XP_022329308.1	6565	Crassostrea virginica
LOC111128079	XM_022473493.1	111128079	XP_022329201.1	6565	Crassostrea virginica
HAS2	XM_035126155.1	118090434	XP_034982046.1	8524	Zootoca vivipara
LOC105325734	XM_011425423.3	105325734	XP_011423725.2	29159	Crassostrea gigas
HAS2	XM_028736222.1	114600283	XP_028592055.1	64176	Podarcis muralis
HAS2	XM_039521260.1	120396429	XP_039377194.1	260615	Mauremys reevesii
HAS2	XM_042461571.1	121927720	XP_042317505.1	8520	Sceloporus undulatus
HAS2	XM_005288748.4	101931459	XP_005288805.1	8479	Chrysemys picta bellii
HAS2	XM_034763540.1	117873783	XP_034619431.1	34903	Trachemys scripta elegans
HAS2	XM_045006083.1	123364188	XP_044862018.1	74926	Mauremys mutica
HAS2	XM_030553766.1	115647078	XP_030409626.1	1825980	Gopherus evgoodei
HAS2	XM_001370252.3	100025815	XP_001370289.1	13616	Monodelphis domestica
HAS2	XM_043978265.1	122736182	XP_043834200.1	33562	Dromiciops gliroides
HAS2	XM_033155799.1	117050264	XP_033011690.1	80427	Lacerta agilis
HAS2	XM_007063393.4	102940312	XP_007063455.1	8469	Chelonia mydas
LOC119442525	XM_037707434.2	119442525	XP_037563362.1	543639	Dermacentor silvarum
has2	XM_008116919.2	100565058	XP_008115126.1	28377	Anolis carolinensis
HAS2	XM_044658276.1	123231948	XP_044514211.1	191870	Gracilinanus agilis
HAS2	XM_003760357.2	100935104	XP_003760405.1	9305	Sarcophilus harrisii
HAS2	XM_036741480.1	118834042	XP_036597375.1	9337	Trichosurus vulpecula
HAS2	XM_008505337.2	103538891	XP_008503559.1	9244	Calypte anna
HAS2	XM_032223262.1	116512661	XP_032079153.1	35005	Thamnophis elegans
LOC112556673	XM_025225885.1	112556673	XP_025081670.1	400727	Pomacea canaliculata
LOC101871664	XM_005143833.3	101871664	XP_005143890.1	13146	Melopsittacus undulatus
HAS2	XM_030507180.1	115617079	XP_030363040.1	2489341	Strigops habroptila
LOC105336663	XM_011441084.3	105336663	XP_011439386.2	29159	Crassostrea gigas
HAS2	XM_030012824.2	115340802	XP_029868684.1	8962	Aquila chrysaetos chrysaetos
HAS2	XM_037382236.1	119145602	XP_037238133.1	120794	Falco rusticolus
HAS2	XM_040588795.1	121085798	XP_040444729.1	148594	Falco naumanni
HAS2	NM_204806.3	395594	NP_990137.2	9031	Gallus gallus
HAS2	XM_015856238.2	107310516	XP_015711724.1	93934	Coturnix japonica
HAS2	XM_021387804.1	110394121	XP_021243479.1	8996	Numida meleagris
HAS2	XM_032182144.1	116486138	XP_032038035.1	219594	Aythya fuligula
LOC105334325	XM_034465631.1	105334325	XP_034321522.1	29159	Crassostrea gigas
HAS2	XM_035319281.1	118162841	XP_035175172.1	8884	Oxyura jamaicensis
HAS2	XM_040546985.1	121064859	XP_040402919.1	8869	Cygnus olor
HAS2	XM_005019040.5	101798379	XP_005019097.1	8839	Anas platyrhynchos
LOC121385560	XM_041516280.1	121385560	XP_041372214.1	1735272	Gigantopelta aegis
HAS2	XM_005042444.2	101817917	XP_005042501.1	59894	Ficedula albicollis
HAS2	XM_015620121.2	107200974	XP_015475607.1	9157	Parus major
HAS2	XM_030943105.1	115900907	XP_030798965.1	87175	Camarhynchus parvulus
HAS2	XM_032132416.1	116455047	XP_031988307.1	1196302	Corvus moneduloides
HAS2	XM_033066584.1	116999654	XP_032922475.1	91951	Catharus ustulatus
HAS2	XM_036404362.1	118700050	XP_036260255.1	84834	Molothrus ater
HAS2	XM_038129336.1	119697939	XP_037985264.1	45807	Motacilla alba alba
HAS2	XM_032691031.1	116788299	XP_032546922.1	296741	Chiroxiphia lanceolata
LOC117321593	XM_033876063.1	117321593	XP_033731954.1	6579	Pecten maximus
LOC105341371	XM_034474305.1	105341371	XP_034330196.1	29159	Crassostrea gigas
LOC117321594	XM_033876065.1	117321594	XP_033731956.1	6579	Pecten maximus
HAS2	XM_002200462.6	100228837	XP_002200498.1	59729	Taeniopygia guttata
HAS2	XM_021546435.2	110479295	XP_021402110.1	40157	Lonchura striata domestica
LOC105333743	XM_034467623.1	105333743	XP_034323514.1	29159	Crassostrea gigas
LOC111106230	XM_022440818.1	111106230	XP_022296526.1	6565	Crassostrea virginica
LOC115223107	XM_036512213.1	115223107	XP_036368106.1	2607531	Octopus sinensis
has2	NM_153650.2	260350	NP_705936.1	7955	Danio rerio
HAS2	XM_003205271.4	100546088	XP_003205319.2	9103	Meleagris gallopavo
LOC122680725	XM_043882376.1	122680725	XP_043738311.1	9860	Cervus elaphus
LOC122423949	XM_043441507.1	122423949	XP_043297442.1	1574408	Cervus canadensis
has2	XM_043260241.1	122359975	XP_043116176.1	1606681	Puntigrus tetrazona
LOC109104953	XM_042772197.1	109104953	XP_042628131.1	7962	Cyprinus carpio
LOC109109340	XM_042743614.1	109109340	XP_042599548.1	7962	Cyprinus carpio
LOC117333891	XM_033893309.1	117333891	XP_033749200.1	6579	Pecten maximus
LOC121387244	XM_041518269.1	121387244	XP_041374203.1	1735272	Gigantopelta aegis
LOC111105812	XM_022440212.1	111105812	XP_022295920.1	6565	Crassostrea virginica
has2	XM_006635950.2	102682245	XP_006636013.1	7918	Lepisosteus oculatus
LOC115212970	XM_029781832.2	115212970	XP_029637692.1	2607531	Octopus sinensis
has2	XM_042740710.1	109091264	XP_042596644.1	7962	Cyprinus carpio
LOC117399966	XM_033999432.2	117399966	XP_033855323.1	7906	Acipenser ruthenus
LOC113059902	XM_026228567.1	113059902	XP_026084352.1	7957	Carassius auratus
LOC112577619	XM_025283296.2	112577619	XP_025139081.1	89462	Bubalus bubalis
LOC112569062	XM_025246724.1	112569062	XP_025102509.1	400727	Pomacea canaliculata
LOC121313294	XM_041245677.1	121313294	XP_041101611.1	7913	Polyodon spathula
LOC113116314	XM_026284402.1	113116314	XP_026140187.1	7957	Carassius auratus
has2	XM_039737271.1	120515904	XP_039593205.1	55291	Polypterus senegalus
LOC105611231	XM_042247508.1	105611231	XP_042103442.1	9940	Ovis aries
LOC117394927	XM_033993689.2	117394927	XP_033849580.2	7906	Acipenser ruthenus
LOC105330644	XM_034448352.1	105330644	XP_034304243.1	29159	Crassostrea gigas
has2	XM_036539515.1	118784992	XP_036395408.1	118141	Megalops cyprinoides
LOC121684882	XM_042065008.1	121684882	XP_041920942.1	34773	Alosa sapidissima
LOC119159439	XM_037412195.1	119159439	XP_037268092.1	6941	Rhipicephalus microplus
HAS2	XM_040354910.1	120941495	XP_040210844.1	8407	Rana temporaria
has2	XM_018762690.2	108940476	XP_018618206.1	113540	Scleropages formosus
has2	XM_017685937.2	108413427	XP_017541426.2	42514	Pygocentrus nattereri
LOC112554500	XM_025222284.1	112554500	XP_025078069.1	400727	Pomacea canaliculata
has2	XM_035410683.1	118223745	XP_035266574.1	7936	Anguilla anguilla
LOC120516438	XM_039738091.1	120516438	XP_039594025.1	55291	Polypterus senegalus
LOC121314881	XM_041248613.1	121314881	XP_041104547.1	7913	Polyodon spathula
LOC115223289	XM_029793797.2	115223289	XP_029649657.1	2607531	Octopus sinensis
HAS2	XM_040433345.1	121002045	XP_040289279.1	8384	Bufo bufo
HAS2	XM_044293838.1	122938373	XP_044149773.1	30331	Bufo gargarizans
LOC122553184	XM_043696772.1	122553184	XP_043552707.1	36176	Chiloscyllium plagiosum
has2	XM_030072541.1	115373907	XP_029928401.1	586833	Myripristis murdjan
has2	NM_001127085.1	100145711	NP_001120557.1	8364	Xenopus tropicalis
has2	XM_043688678.1	122549229	XP_043544613.1	36176	Chiloscyllium plagiosum
has2	XM_026999094.2	113570601	XP_026854895.1	8005	Electrophorus electricus
LOC115220581	XM_036510185.1	115220581	XP_036366078.1	2607531	Octopus sinensis
has2	XM_041190434.1	121279295	XP_041046368.1	13397	Carcharodon carcharias
LOC121289240	XM_041208486.1	121289240	XP_041064420.1	13397	Carcharodon carcharias
HAS2	XM_044066910.1	122798170	XP_043922845.1	7888	Protopterus annectens
has2	XM_040118910.1	120784807	XP_039974844.1	8245	Xiphias gladius
has2	XM_041942941.1	121610704	XP_041798875.1	109905	Chelmon rostratus
has2	XM_036130088.1	105933384	XP_035985981.1	8078	Fundulus heteroclitus
has2	XM_044208595.1	122881883	XP_044064530.1	119488	Siniperca chuatsi
LOC117688688	XM_034466894.1	117688688	XP_034322785.1	29159	Crassostrea gigas
LOC121383678	XM_041513770.1	121383678	XP_041369704.1	1735272	Gigantopelta aegis
has2	XM_003443695.5	100695119	XP_003443743.1	8128	Oreochromis niloticus
has2	XM_031748174.2	116326759	XP_031604034.1	47969	Oreochromis aureus
has2	XM_010742302.3	104928081	XP_010740604.1	215358	Larimichthys crocea
has2	XM_030782676.1	115819127	XP_030638536.1	29144	Chanos chanos
has2	XM_008323955.3	103388789	XP_008322177.1	244447	Cynoglossus semilaevis
has2	XM_044117839.1	122831553	XP_043973774.1	33528	Gambusia affinis
has2	XM_041988424.1	121641990	XP_041844358.1	1250792	Melanotaenia boesemani
has2	XM_042424397.1	121905850	XP_042280331.1	8240	Thunnus maccoyii
has2	XM_044360388.1	122988191	XP_044216323.1	8236	Thunnus albacares
has2	XM_033019094.1	116971905	XP_032874985.1	386614	Amblyraja radiata
has2	XM_041043449.1	121185398	XP_040899383.1	941984	Toxotes jaculatrix
has2	XM_008432015.1	103478284	XP_008430237.1	8081	Poecilia reticulata
has2	XM_041793801.1	121513816	XP_041649735.1	241271	Cheilinus undulatus
has2	XM_030102914.1	115396848	XP_029958774.1	181472	Salarias fasciatus
has2	XM_030750191.1	115794598	XP_030606051.1	63155	Archocentrus centrarchus
has2	XM_037072874.1	119005337	XP_036928769.1	8177	Acanthopagrus latus
has2	XM_042087703.1	121706181	XP_041943637.1	34773	Alosa sapidissima
has2	XM_004566811.3	101466497	XP_004566868.2	106582	Maylandia zebra
LOC121387301	XM_041518323.1	121387301	XP_041374257.1	1735272	Gigantopelta aegis
has2	XM_030157338.1	115435127	XP_030013198.1	375764	Sphaeramia orbicularis
has2	XM_033639930.1	117265438	XP_033495821.1	310571	Epinephelus lanceolatus
has2	XM_010880433.5	105016535	XP_010878735.2	8010	Esox lucius
has2	XM_005799016.2	102236901	XP_005799073.1	8083	Xiphophorus maculatus
LOC116975808	XM_033025030.1	116975808	XP_032880921.1	386614	Amblyraja radiata
has2	XM_004086643.4	101174410	XP_004086691.1	8090	Oryzias latipes
has2	XM_044033328.1	122774229	XP_043889263.1	28829	Solea senegalensis
LOC121383677	XM_041513769.1	121383677	XP_041369703.1	1735272	Gigantopelta aegis
has2	XM_028016132.1	114143823	XP_027871933.1	32473	Xiphophorus couchianus
has2	XM_024263495.2	112140506	XP_024119263.1	30732	Oryzias melastigma
has2	XM_015949455.1	107378946	XP_015804941.1	105023	Nothobranchius furzeri
has2	XM_012826454.2	105899292	XP_012681908.1	7950	Clupea harengus
has2	XM_042490122.1	121945787	XP_042346056.1	160734	Plectropomus leopardus
has2	XM_032559605.1	116717926	XP_032415496.1	8084	Xiphophorus hellerii
LOC117514809	XM_034175401.1	117514809	XP_034031292.1	390379	Thalassophryne amazonica
LOC121542740	XM_041852256.2	121542740	XP_041708190.1	59861	Coregonus clupeaformis
has2	XM_034611987.1	117777306	XP_034467878.1	8267	Hippoglossus hippoglossus
has2	XM_035164702.2	118114317	XP_035020593.1	195615	Hippoglossus stenolepis
LOC120516854	XM_039738822.1	120516854	XP_039594756.1	55291	Polypterus senegalus
LOC120043474	XM_038988067.1	120043474	XP_038843995.1	8040	Salvelinus namaycush
has2	XM_038993344.1	120047793	XP_038849272.1	8040	Salvelinus namaycush
has2	XM_034529032.1	117728229	XP_034384923.1	8103	Cyclopterus lumpus
has2	XM_036935639.1	110520721	XP_036791534.1	8022	Oncorhynchus mykiss
has2	XM_030371359.1	115554578	XP_030227219.1	8049	Gadus morhua
has2	XM_031278407.2	116035365	XP_031134267.1	283035	Sander lucioperca
has2	XM_040166380.1	120811178	XP_040022314.1	69293	Gasterosteus aculeatus aculeatus
has2	XM_028581547.1	114557860	XP_028437348.1	8167	Perca flavescens
has2	XM_039804765.1	120561616	XP_039660699.1	8168	Perca fluviatilis
has2	XM_026939586.2	113542219	XP_026795387.1	310915	Pangasianodon hypophthalmus
has2	XM_033981174.1	117383926	XP_033837065.1	409849	Periophthalmus magnuspinnatus
has2	XM_024388889.1	112225184	XP_024244657.1	74940	Oncorhynchus tshawytscha
LOC109878265	XM_031812212.1	109878265	XP_031668072.1	8019	Oncorhynchus kisutch
LOC116361890	XM_031816217.1	116361890	XP_031672077.1	8019	Oncorhynchus kisutch
has2	XM_035621850.2	118296813	XP_035477743.1	52904	Scophthalmus maximus
has2	XM_017409888.3	108232248	XP_017265377.1	37003	Kryptolebias marmoratus
has2	XM_032519528.1	116691694	XP_032375419.1	54343	Etheostoma spectabile
has2	XM_034874911.1	117946632	XP_034730802.1	417921	Etheostoma cragini
has2	XM_029452078.1	115021563	XP_029307938.1	56716	Cottoperca gobio
has2	XM_037783504.1	119496311	XP_037639432.1	72105	Sebastes umbrosus
has2	XM_034101737.1	117460364	XP_033957628.1	52239	Pseudochaenichthys georgianus
has2	XM_029130202.2	114843547	XP_028986035.1	158456	Betta splendens
LOC122322915	XM_043216514.1	122322915	XP_043072449.1	1606681	Puntigrus tetrazona
LOC114156403	XM_028036812.1	114156403	XP_027892613.1	32473	Xiphophorus couchianus
has2	XM_034698234.1	117823153	XP_034554125.1	1203425	Notolabrus celidotus
has2	XM_037274110.1	119136037	XP_037130005.1	161584	Syngnathus acus
LOC113544354	XM_034301321.1	113544354	XP_034157212.1	310915	Pangasianodon hypophthalmus
LOC118790082	XM_036546893.1	118790082	XP_036402786.1	118141	Megalops cyprinoides
LOC116730607	XM_032579951.1	116730607	XP_032435842.1	8084	Xiphophorus hellerii
has2	XM_037677117.1	119410205	XP_037533045.1	451745	Nematolebias whitei
LOC110369242	XM_036134352.1	110369242	XP_035990245.1	8078	Fundulus heteroclitus
LOC102223149	XM_023345246.1	102223149	XP_023201014.1	8083	Xiphophorus maculatus
LOC114142915	XM_028014488.1	114142915	XP_027870289.1	32473	Xiphophorus couchianus
LOC113534703	XM_034305366.1	113534703	XP_034161257.1	310915	Pangasianodon hypophthalmus
LOC113061527	XM_026230692.1	113061527	XP_026086477.1	7957	Carassius auratus
LOC105344864	XM_034448347.1	105344864	XP_034304238.1	29159	Crassostrea gigas
LOC102216714	XM_023332159.1	102216714	XP_023187927.1	8083	Xiphophorus maculatus
LOC115427839	XM_030146535.1	115427839	XP_030002395.1	375764	Sphaeramia orbicularis
LOC118217922	XM_035400153.1	118217922	XP_035256044.1	7936	Anguilla anguilla
LOC122322916	XM_043216515.1	122322916	XP_043072450.1	1606681	Puntigrus tetrazona
LOC107381858	XM_015953776.1	107381858	XP_015809262.1	105023	Nothobranchius furzeri
LOC113534702	XM_034305367.1	113534702	XP_034161258.1	310915	Pangasianodon hypophthalmus
LOC120516624	XM_039738414.1	120516624	XP_039594348.1	55291	Polypterus senegalus
LOC108716131	XM_041562786.1	108716131	XP_041418720.1	8355	Xenopus laevis
LOC118217768	XM_035399781.1	118217768	XP_035255672.1	7936	Anguilla anguilla
LOC116957970	XM_032980432.1	116957970	XP_032836323.1	7757	Petromyzon marinus
LOC115826699	XM_030790583.1	115826699	XP_030646443.1	29144	Chanos chanos
LOC116718360	XM_032560226.1	116718360	XP_032416117.1	8084	Xiphophorus hellerii
chs1	XM_017724696.2	108443830	XP_017580185.1	42514	Pygocentrus nattereri
chs1	XM_012855153.3	105919766	XP_012710607.2	8078	Fundulus heteroclitus
LOC105947355	XM_031902944.1	105947355	XP_031758804.1	8364	Xenopus tropicalis
LOC118770740	XM_036518504.1	118770740	XP_036374397.1	118141	Megalops cyprinoides
LOC115826704	XM_030790588.1	115826704	XP_030646448.1	29144	Chanos chanos
chs1	XM_044136681.1	122842630	XP_043992616.1	33528	Gambusia affinis
LOC118217711	XM_035399690.1	118217711	XP_035255581.1	7936	Anguilla anguilla
LOC109057455	XM_042768376.1	109057455	XP_042624310.1	7962	Cyprinus carpio
LOC122864814	XM_044172496.1	122864814	XP_044028431.1	119488	Siniperca chuatsi
LOC121367219	XM_041491329.1	121367219	XP_041347263.1	1735272	Gigantopelta aegis
LOC117957193	XM_034892789.1	117957193	XP_034748680.1	417921	Etheostoma cragini
LOC111125448	XM_022469266.1	111125448	XP_022324974.1	6565	Crassostrea virginica
LOC115222811	XM_029793116.2	115222811	XP_029648976.1	2607531	Octopus sinensis
LOC121387901	XM_041519129.1	121387901	XP_041375063.1	1735272	Gigantopelta aegis
LOC114156402	XM_028036811.1	114156402	XP_027892612.1	32473	Xiphophorus couchianus
LOC121191959	XM_041053453.1	121191959	XP_040909387.1	941984	Toxotes jaculatrix
chs1	XM_039795575.1	120556163	XP_039651509.1	8168	Perca fluviatilis
LOC116692741	XM_032521240.1	116692741	XP_032377131.1	54343	Etheostoma spectabile
LOC122451195	XM_043483809.1	122451195	XP_043339744.1	1574408	Cervus canadensis
chs1	XM_034877497.1	117948050	XP_034733388.1	417921	Etheostoma cragini
LOC116676717	XM_032507623.1	116676717	XP_032363514.1	54343	Etheostoma spectabile
LOC122843222	XM_044137817.1	122843222	XP_043993752.1	33528	Gambusia affinis
LOC110499397	XM_021576519.2	110499397	XP_021432194.2	8022	Oncorhynchus mykiss
LOC111968120	XM_023993674.1	111968120	XP_023849442.1	2691554	Salvelinus sp. IW2-2015
LOC122679417	XM_043880075.1	122679417	XP_043736010.1	9860	Cervus elaphus
LOC120029384	XM_038974608.1	120029384	XP_038830536.1	8040	Salvelinus namaycush
LOC115144422	XM_029685464.1	115144422	XP_029541324.1	8023	Oncorhynchus nerka
LOC116676844	XM_032507686.1	116676844	XP_032363577.1	54343	Etheostoma spectabile
LOC118402750	XM_035800957.1	118402750	XP_035656850.1	8018	Oncorhynchus keta
chs1	XM_031314170.2	116060549	XP_031170030.1	283035	Sander lucioperca
LOC515601	XM_010811980.1	515601	XP_010810282.1	9913	Bos taurus
chs1	XM_034075042.1	117439229	XP_033930933.1	52239	Pseudochaenichthys georgianus
LOC112224653	XM_024388338.2	112224653	XP_024244106.1	74940	Oncorhynchus tshawytscha
LOC115390838	XM_030094864.1	115390838	XP_029950724.1	181472	Salarias fasciatus
LOC105357250	XM_011492129.3	105357250	XP_011490431.1	8090	Oryzias latipes
LOC109889451	XM_020480885.2	109889451	XP_020336474.1	8019	Oncorhynchus kisutch
LOC114558649	XM_028582750.1	114558649	XP_028438551.1	8167	Perca flavescens
LOC113061526	XM_026230691.1	113061526	XP_026086476.1	7957	Carassius auratus
chs1	XM_024294878.2	112160399	XP_024150646.1	30732	Oryzias melastigma
LOC115810381	XM_030772313.1	115810381	XP_030628173.1	29144	Chanos chanos
LOC115788642	XM_030741766.1	115788642	XP_030597626.1	63155	Archocentrus centrarchus
chs1	XM_010888941.3	105021342	XP_010887243.2	8010	Esox lucius
LOC113544353	XM_034301039.1	113544353	XP_034156930.1	310915	Pangasianodon hypophthalmus
chs1	XM_042064881.1	121684799	XP_041920815.1	34773	Alosa sapidissima
chs1	XM_033983772.1	117386407	XP_033839663.1	409849	Periophthalmus magnuspinnatus
LOC113903943	XM_027560618.1	113903943	XP_027416419.1	30522	Bos indicus x Bos taurus
LOC108932744	XM_018749311.1	108932744	XP_018604827.1	113540	Scleropages formosus
LOC121958129	XM_042506999.1	121958129	XP_042362933.1	160734	Plectropomus leopardus
chs1	XM_034188600.1	117526535	XP_034044491.1	390379	Thalassophryne amazonica
LOC121913478	XM_042436132.1	121913478	XP_042292066.1	8240	Thunnus maccoyii
LOC102222895	XM_023345313.1	102222895	XP_023201081.1	8083	Xiphophorus maculatus
chs1	XM_031579353.2	105911527	XP_031435213.1	7950	Clupea harengus
chs1	XM_029144705.1	114852362	XP_029000538.1	158456	Betta splendens
LOC119014311	XM_037089352.1	119014311	XP_036945247.1	8177	Acanthopagrus latus
LOC119503923	XM_037795960.1	119503923	XP_037651888.1	72105	Sebastes umbrosus
LOC120786465	XM_040121937.1	120786465	XP_039977871.1	8245	Xiphias gladius
chs1	XM_026943138.2	113544352	XP_026798939.2	310915	Pangasianodon hypophthalmus
LOC111125756	XM_022469842.1	111125756	XP_022325550.1	6565	Crassostrea virginica
chs1	XM_031741751.2	116321801	XP_031597611.1	47969	Oreochromis aureus
LOC102076176	XM_019359330.1	102076176	XP_019214875.1	8128	Oreochromis niloticus
LOC121656276	XM_042011298.1	121656276	XP_041867232.1	1250792	Melanotaenia boesemani
LOC121913476	XM_042436130.1	121913476	XP_042292064.1	8240	Thunnus maccoyii
LOC115016059	XM_029443723.1	115016059	XP_029299583.1	56716	Cottoperca gobio
LOC116731591	XM_032581420.1	116731591	XP_032437311.1	8084	Xiphophorus hellerii
chs1	XM_034680325.1	117810478	XP_034536216.1	1203425	Notolabrus celidotus
LOC115826702	XM_030790587.1	115826702	XP_030646447.1	29144	Chanos chanos
chs1	XM_044347126.1	122979572	XP_044203061.1	8236	Thunnus albacares
LOC115113025	XM_029640209.1	115113025	XP_029496069.1	8023	Oncorhynchus nerka
LOC111978084	XM_024007882.1	111978084	XP_023863650.1	2691554	Salvelinus sp. IW2-2015
LOC120045934	XM_038990860.1	120045934	XP_038846788.1	8040	Salvelinus namaycush
LOC118398210	XM_035793317.1	118398210	XP_035649210.1	8018	Oncorhynchus keta
LOC112257120	XM_024430684.1	112257120	XP_024286452.1	74940	Oncorhynchus tshawytscha
LOC113113123	XM_026279304.1	113113123	XP_026135089.1	7957	Carassius auratus
LOC116046445	XM_031294790.2	116046445	XP_031150650.2	283035	Sander lucioperca
chs1	XM_042410578.1	121896666	XP_042266512.1	8240	Thunnus maccoyii
LOC110502717	XM_021580968.2	110502717	XP_021436643.1	8022	Oncorhynchus mykiss
LOC121316646	XM_041251687.1	121316646	XP_041107621.1	7913	Polyodon spathula
LOC109898911	XM_020493968.2	109898911	XP_020349557.1	8019	Oncorhynchus kisutch
LOC115788476	XM_030741512.1	115788476	XP_030597372.1	63155	Archocentrus centrarchus
LOC115558406	XM_030376500.1	115558406	XP_030232360.1	8049	Gadus morhua
LOC108717413	XM_018264670.2	108717413	XP_018120159.2	8355	Xenopus laevis
chs1	XM_041038810.1	121182352	XP_040894744.1	941984	Toxotes jaculatrix
LOC102170800	XM_013969071.2	102170800	XP_013824525.2	9925	Capra hircus
LOC121575296	XM_041888290.1	121575296	XP_041744224.1	59861	Coregonus clupeaformis
LOC115417195	XM_030131202.1	115417195	XP_029987062.1	375764	Sphaeramia orbicularis
LOC122786088	XM_044052111.1	122786088	XP_043908046.1	28829	Solea senegalensis
LOC109568300	XM_019973487.1	109568300	XP_019829046.1	9915	Bos indicus
LOC100737755	XM_021088980.1	100737755	XP_020944639.1	9823	Sus scrofa
chs1	NM_001316326.1	322468	NP_001303255.1	7955	Danio rerio
chs1	XM_044195815.1	122876014	XP_044051750.1	119488	Siniperca chuatsi
LOC101477217	XM_023152231.2	101477217	XP_023007999.2	106582	Maylandia zebra
LOC121619527	XM_041955303.1	121619527	XP_041811237.1	109905	Chelmon rostratus
LOC109054297	XM_042736191.1	109054297	XP_042592125.1	7962	Cyprinus carpio
LOC113057339	XM_026224704.1	113057339	XP_026080489.1	7957	Carassius auratus
chs1	XM_034577881.1	117757105	XP_034433772.1	8267	Hippoglossus hippoglossus
LOC105006110	XM_020046310.1	105006110	XP_019901869.1	8010	Esox lucius
LOC121913477	XM_042436131.1	121913477	XP_042292065.1	8240	Thunnus maccoyii
LOC104938844	XM_019254286.2	104938844	XP_019109831.1	215358	Larimichthys crocea
LOC115826700	XM_030790584.1	115826700	XP_030646444.1	29144	Chanos chanos
chs1	XM_040200509.1	120833414	XP_040056443.1	69293	Gasterosteus aculeatus aculeatus
LOC116731769	XM_032581601.1	116731769	XP_032437492.1	8084	Xiphophorus hellerii
LOC122805586	XM_044075855.1	122805586	XP_043931790.1	7888	Protopterus annectens
chs1	XM_040128681.1	120790809	XP_039984615.1	8245	Xiphias gladius
chs1	XM_043255132.1	122356431	XP_043111067.1	1606681	Puntigrus tetrazona
chs1	XM_017418718.3	108237357	XP_017274207.1	37003	Kryptolebias marmoratus
LOC102222640	XM_023344417.1	102222640	XP_023200185.1	8083	Xiphophorus maculatus
LOC115774996	XM_030722467.1	115774996	XP_030578327.1	63155	Archocentrus centrarchus
chs1	XM_044029834.1	122772131	XP_043885769.1	28829	Solea senegalensis
LOC120571333	XM_039820218.1	120571333	XP_039676152.1	8168	Perca fluviatilis
chs1	XM_041789152.1	121510857	XP_041645086.1	241271	Cheilinus undulatus
chs1	XM_037095277.1	119017998	XP_036951172.1	8177	Acanthopagrus latus
LOC108932680	XM_018749226.2	108932680	XP_018604742.2	113540	Scleropages formosus
chs1	XM_036547146.1	118790243	XP_036403039.1	118141	Megalops cyprinoides
LOC116957979	XM_032980441.1	116957979	XP_032836332.1	7757	Petromyzon marinus
chs1	XM_037753451.1	119478609	XP_037609379.1	72105	Sebastes umbrosus
chs1	XM_039738987.1	120516948	XP_039594921.1	55291	Polypterus senegalus
LOC101110602	XM_012183631.2	101110602	XP_012039021.2	9940	Ovis aries
LOC121316387	XM_041251465.1	121316387	XP_041107399.1	7913	Polyodon spathula
chs1	XM_041980670.1	121636839	XP_041836604.1	1250792	Melanotaenia boesemani
LOC117738747	XM_034544843.1	117738747	XP_034400734.1	8103	Cyclopterus lumpus
LOC118220348	XM_035404219.1	118220348	XP_035260110.1	7936	Anguilla anguilla
LOC117411266	XM_034018553.2	117411266	XP_033874444.1	7906	Acipenser ruthenus
LOC116956923	XM_032978809.1	116956923	XP_032834700.1	7757	Petromyzon marinus
chs1	XM_042487807.1	121944120	XP_042343741.1	160734	Plectropomus leopardus
LOC117770655	XM_034600308.1	117770655	XP_034456199.1	8267	Hippoglossus hippoglossus
LOC102076559	XM_019350959.2	102076559	XP_019206504.1	8128	Oreochromis niloticus
LOC109615769	XM_029119799.2	109615769	XP_028975632.2	8010	Esox lucius
LOC122864838	XM_044172540.1	122864838	XP_044028475.1	119488	Siniperca chuatsi
LOC104937682	XM_027286588.1	104937682	XP_027142389.1	215358	Larimichthys crocea
LOC112233133	XM_024400543.2	112233133	XP_024256311.1	74940	Oncorhynchus tshawytscha
LOC119191992	XM_037445847.1	119191992	XP_037301744.1	7130	Manduca sexta
LOC116320893	XM_039605158.1	116320893	XP_039461092.1	47969	Oreochromis aureus
chs1	XM_037247069.1	119120300	XP_037102964.1	161584	Syngnathus acus
LOC121958117	XM_042506989.1	121958117	XP_042362923.1	160734	Plectropomus leopardus
LOC102079794	XM_019351042.2	102079794	XP_019206587.1	8128	Oreochromis niloticus
chs1	XM_035400152.1	118217921	XP_035256043.1	7936	Anguilla anguilla
chs1	XM_034563578.1	117751637	XP_034419469.1	8103	Cyclopterus lumpus
LOC114866079	XM_029167722.2	114866079	XP_029023555.1	158456	Betta splendens
LOC100185238	XM_002127383.4	100185238	XP_002127419.2	7719	Ciona intestinalis
LOC121119602	XM_040714310.1	121119602	XP_040570244.1	72036	Lepeophtheirus salmonis
LOC114866017	XM_029167599.2	114866017	XP_029023432.2	158456	Betta splendens
LOC115536030	XM_030347686.1	115536030	XP_030203546.1	8049	Gadus morhua
LOC115028502	XM_029462320.1	115028502	XP_029318180.1	56716	Cottoperca gobio
LOC118883585	XM_036830578.1	118883585	XP_036686473.1	9771	Balaenoptera musculus
LOC103462893	XM_017303878.1	103462893	XP_017159367.1	8081	Poecilia reticulata
LOC120435548	XM_039605331.1	120435548	XP_039461265.1	47969	Oreochromis aureus
LOC121523511	XM_041808429.1	121523511	XP_041664363.1	241271	Cheilinus undulatus
LOC113061218	XM_026230259.1	113061218	XP_026086044.1	7957	Carassius auratus
LOC113061225	XM_026230264.1	113061225	XP_026086049.1	7957	Carassius auratus
chs1	XM_033632036.1	117260138	XP_033487927.1	310571	Epinephelus lanceolatus
LOC105934081	XM_036134353.1	105934081	XP_035990246.1	8078	Fundulus heteroclitus
LOC120826797	XM_040189344.1	120826797	XP_040045278.1	69293	Gasterosteus aculeatus aculeatus
LOC120826982	XM_040189633.1	120826982	XP_040045567.1	69293	Gasterosteus aculeatus aculeatus
LOC117738739	XM_034544832.1	117738739	XP_034400723.1	8103	Cyclopterus lumpus
LOC122843223	XM_044137818.1	122843223	XP_043993753.1	33528	Gambusia affinis
LOC121523512	XM_041808430.1	121523512	XP_041664364.1	241271	Cheilinus undulatus
LOC122844036	XM_044139240.1	122844036	XP_043995175.1	33528	Gambusia affinis
LOC121656445	XM_042011435.1	121656445	XP_041867369.1	1250792	Melanotaenia boesemani
LOC103393822	XM_025064994.1	103393822	XP_024920762.1	244447	Cynoglossus semilaevis
LOC118397679	XM_035792582.1	118397679	XP_035648475.1	8018	Oncorhynchus keta
LOC107079351	XM_015362740.1	107079351	XP_015218226.1	7918	Lepisosteus oculatus
LOC105008148	XM_029119876.2	105008148	XP_028975709.2	8010	Esox lucius
LOC115132574	XM_029665321.1	115132574	XP_029521181.1	8023	Oncorhynchus nerka
LOC116353460	XM_031789226.1	116353460	XP_031645086.1	8019	Oncorhynchus kisutch
LOC110487593	XM_036971006.1	110487593	XP_036826901.1	8022	Oncorhynchus mykiss
LOC121656447	XM_042011438.1	121656447	XP_041867372.1	1250792	Melanotaenia boesemani
LOC117263027	XM_033636165.1	117263027	XP_033492056.1	310571	Epinephelus lanceolatus
LOC117828338	XM_034705381.1	117828338	XP_034561272.1	1203425	Notolabrus celidotus
SRAE_2000019300	XM_024650992.1	36377878	XP_024504714.1	34506	Strongyloides ratti
LOC119503515	XM_037795344.1	119503515	XP_037651272.1	72105	Sebastes umbrosus
LOC116975810	XM_033025033.1	116975810	XP_032880924.1	386614	Amblyraja radiata
LOC109614626	XM_029120054.2	109614626	XP_028975887.2	8010	Esox lucius
LOC114839362	XM_029120052.2	114839362	XP_028975885.1	8010	Esox lucius
LOC120026803	XM_038971518.1	120026803	XP_038827446.1	8040	Salvelinus namaycush
LOC116957847	XM_032980263.1	116957847	XP_032836154.1	7757	Petromyzon marinus
LOC118769179	XM_036516206.1	118769179	XP_036372099.1	118141	Megalops cyprinoides
LOC115409757	XM_030121032.1	115409757	XP_029976892.1	181472	Salarias fasciatus
LOC117410441	XM_034016988.1	117410441	XP_033872879.1	7906	Acipenser ruthenus
LOC116957977	XM_032980439.1	116957977	XP_032836330.1	7757	Petromyzon marinus
LOC122970324	XM_044336456.1	122970324	XP_044192391.1	8236	Thunnus albacares
LOC105344892	XM_034448353.1	105344892	XP_034304244.1	29159	Crassostrea gigas
LOC118562043	XM_036134339.1	118562043	XP_035990232.1	8078	Fundulus heteroclitus
has3	XM_006641166.2	102690710	XP_006641229.1	7918	Lepisosteus oculatus
LOC112162399	XM_024298215.2	112162399	XP_024153983.2	30732	Oryzias melastigma
has3	XM_039763516.1	120535579	XP_039619450.1	55291	Polypterus senegalus
LOC115368369	XM_030064449.1	115368369	XP_029920309.1	586833	Myripristis murdjan
HAS3	XM_044082026.1	122810417	XP_043937961.1	7888	Protopterus annectens
LOC122970323	XM_044336455.1	122970323	XP_044192390.1	8236	Thunnus albacares
Has3	XM_021721692.2	101969344	XP_021577367.2	43179	Ictidomys tridecemlineatus
LOC117425059	XM_034904226.1	117425059	XP_034760117.1	7906	Acipenser ruthenus
LOC117424436	XM_034040764.2	117424436	XP_033896655.2	7906	Acipenser ruthenus
LOC119014357	XM_037089448.1	119014357	XP_036945343.1	8177	Acanthopagrus latus
HAS3	XM_035117832.1	118086337	XP_034973723.1	8524	Zootoca vivipara
has3	XM_002936011.5	100487554	XP_002936057.2	8364	Xenopus tropicalis
HAS3	XM_040329215.1	120917733	XP_040185149.1	8407	Rana temporaria
HAS3	XM_039502862.1	120384326	XP_039358796.1	260615	Mauremys reevesii
HAS3	XM_044987285.1	123349318	XP_044843220.1	74926	Mauremys mutica
has3	XM_018739480.2	108926644	XP_018594996.2	113540	Scleropages formosus
HAS3	XM_036012081.1	114515501	XP_035867974.1	89673	Phyllostomus discolor
HAS3	XM_044911283.1	110594232	XP_044767218.1	29088	Neomonachus schauinslandi
HAS3	XM_033157072.1	117051037	XP_033012963.1	80427	Lacerta agilis
HAS3	XM_005310585.4	101951574	XP_005310642.1	8479	Chrysemys picta bellii
HAS3	NM_001001268.1	408053	NP_001001268.1	9823	Sus scrofa
LOC100478996	XM_034638557.1	100478996	XP_034494448.1	9646	Ailuropoda melanoleuca
HAS3	XM_030581302.1	115660207	XP_030437162.1	1825980	Gopherus evgoodei
HAS3	XM_007062445.4	102931765	XP_007062507.1	8469	Chelonia mydas
HAS3	XM_028739894.1	114602088	XP_028595727.1	64176	Podarcis muralis
HAS3	XM_007090351.3	102953815	XP_007090413.1	9694	Panthera tigris
HAS3	XM_042918095.1	122207851	XP_042774029.1	9689	Panthera leo
HAS3	XM_029924457.1	115279954	XP_029780317.1	37032	Suricata suricatta
HAS3	XM_025426656.3	112646542	XP_025282441.1	9612	Canis lupus dingo
HAS3_4	XM_038529569.1	489739	XP_038385497.1	9612	Canis lupus familiaris
HAS3	XM_041769892.1	121499346	XP_041625826.1	494514	Vulpes lagopus
Has3	XM_034522220.1	117722930	XP_034378111.1	61156	Arvicanthis niloticus
LOC121296654	XM_041222419.1	121296654	XP_041078353.1	7913	Polyodon spathula
HAS3	XM_012742409.1	105858958	XP_012597863.1	30608	Microcebus murinus
LOC101329904	XM_019935622.2	101329904	XP_019791181.1	9739	Tursiops truncatus
HAS3	XM_032611853.1	116743453	XP_032467744.1	42100	Phocoena sinus
Has3	NM_172319.1	266805	NP_758822.1	10116	Rattus norvegicus
Has3	XM_032887382.1	116886068	XP_032743273.1	10117	Rattus rattus
LOC121325340	XM_041267767.1	121325340	XP_041123701.1	7913	Polyodon spathula
HAS3	XM_030297678.1	115502384	XP_030153538.1	61383	Lynx canadensis
HAS3	XM_043599519.1	122494388	XP_043455454.1	37029	Prionailurus bengalensis
LOC116046447	XM_031294792.2	116046447	XP_031150652.1	283035	Sander lucioperca
HAS3	XM_032230309.1	116517393	XP_032086200.1	35005	Thamnophis elegans
Has3	XM_031341307.1	116070107	XP_031197167.1	35658	Mastomys coucha
Has3	XM_029532354.1	110337662	XP_029388214.1	10093	Mus pahari
Has3	NM_001331048.1	15118	NP_001317977.1	10090	Mus musculus
Has3	XM_029480765.1	110300324	XP_029336625.1	10089	Mus caroli
HAS3	XM_008257539.2	100009454	XP_008255761.1	9986	Oryctolagus cuniculus
Has3_1	XM_035442653.1	100757895	XP_035298544.1	10029	Cricetulus griseus
HAS3	XM_036834027.1	118885396	XP_036689922.1	9771	Balaenoptera musculus
HAS3	XM_007110772.3	102989832	XP_007110834.1	9755	Physeter catodon
LOC122817383	XM_044090574.1	122817383	XP_043946509.1	7888	Protopterus annectens
HAS3	XM_038367927.1	119841027	XP_038223855.1	27794	Dermochelys coriacea
HAS3	XM_002826580.3	100462167	XP_002826626.1	9601	Pongo abelii
HAS3	XM_023245706.2	101096124	XP_023101474.2	9685	Felis catus
Has3	XM_026778508.1	101992917	XP_026634309.1	79684	Microtus ochrogaster
HAS3	XM_027618730.2	113935982	XP_027474531.2	9704	Zalophus californianus
LOC100408611	XM_035281810.1	100408611	XP_035137701.1	9483	Callithrix jacchus
HAS3	XM_030794795.1	100598098	XP_030650655.1	61853	Nomascus leucogenys
HAS3	NM_001199280.2	3038	NP_001186209.1	9606	Homo sapiens
HAS3	XM_001168498.5	454195	XP_001168498.2	9598	Pan troglodytes
HAS3	XM_019011976.2	101146377	XP_018867521.1	9593	Gorilla gorilla gorilla
Has3	XM_038312254.1	119801658	XP_038168182.1	1047088	Arvicola amphibius
HAS3	XM_004583977.2	101529773	XP_004584034.1	9978	Ochotona princeps
HAS3	XM_023637193.1	100066947	XP_023492961.1	9796	Equus caballus
HAS3	XM_032324980.1	116579514	XP_032180871.1	36723	Mustela erminea
HAS3	XM_044255844.1	122911301	XP_044111779.1	452646	Neogale vison
HAS3	XM_015443098.2	102114972	XP_015298584.1	9541	Macaca fascicularis
HAS3	XM_028840467.1	704121	XP_028696300.1	9544	Macaca mulatta
HAS3	XM_010355028.2	104655585	XP_010353330.1	61622	Rhinopithecus roxellana
HAS3	XM_023210279.2	111541397	XP_023066047.1	591936	Piliocolobus tephrosceles
HAS3	XM_044761819.1	106822467	XP_044617754.1	9793	Equus asinus
has3	XM_044192350.1	122874465	XP_044048285.1	119488	Siniperca chuatsi
HAS3	XM_025369513.1	112613753	XP_025225298.1	9565	Theropithecus gelada
has3	XM_042110355.1	121724045	XP_041966289.1	34773	Alosa sapidissima
has3	XM_012842473.3	105913413	XP_012697927.1	7950	Clupea harengus
has3	XM_037107548.1	119024608	XP_036963443.1	8177	Acanthopagrus latus
has3	XM_030730963.1	115781333	XP_030586823.1	63155	Archocentrus centrarchus
has3	XM_034534046.1	117731716	XP_034389937.1	8103	Cyclopterus lumpus
HAS3	XM_043437933.1	122421706	XP_043293868.1	1574408	Cervus canadensis
LOC115782339	XM_030732471.1	115782339	XP_030588331.1	63155	Archocentrus centrarchus
LOC120786466	XM_040121938.1	120786466	XP_039977872.1	8245	Xiphias gladius
has3	XM_034686058.1	117814610	XP_034541949.1	1203425	Notolabrus celidotus
HAS3	XM_032486622.1	102517693	XP_032342513.1	419612	Camelus ferus
LOC102397999	XM_044932105.2	102397999	XP_044788040.1	89462	Bubalus bubalis
HAS3	XM_019978909.1	109572268	XP_019834468.1	9915	Bos indicus
HAS3	XM_024977958.1	286824	XP_024833726.1	9913	Bos taurus
HAS3	XM_027516151.1	113876675	XP_027371952.1	30522	Bos indicus x Bos taurus
has3	XM_044357588.1	122986364	XP_044213523.1	8236	Thunnus albacares
HAS3	XM_010979229.2	105088406	XP_010977531.1	9838	Camelus dromedarius
HAS3	XM_036751664.1	118843875	XP_036607559.1	9337	Trichosurus vulpecula
HAS3	XM_043981470.1	122739782	XP_043837405.1	33562	Dromiciops gliroides
has3	XM_042412475.1	121897761	XP_042268409.1	8240	Thunnus maccoyii
LOC109110508	XM_042775363.1	109110508	XP_042631297.1	7962	Cyprinus carpio
HAS3	XM_018062199.1	102170999	XP_017917688.1	9925	Capra hircus
HAS3	XM_027978119.2	101120264	XP_027833920.1	9940	Ovis aries
HAS3	XM_001366646.3	100020005	XP_001366683.1	13616	Monodelphis domestica
HAS3	XM_044660514.1	123234592	XP_044516449.1	191870	Gracilinanus agilis
has3	XM_041796187.1	121515425	XP_041652121.1	241271	Cheilinus undulatus
has3	XM_029432889.1	115009118	XP_029288749.1	56716	Cottoperca gobio
Has3	XM_028857722.2	114683418	XP_028713555.1	10041	Peromyscus leucopus
has3	XM_033968797.1	117372919	XP_033824688.1	409849	Periophthalmus magnuspinnatus
HAS3	XM_043898921.1	122691890	XP_043754856.1	9860	Cervus elaphus
has3	XM_030054090.1	115360908	XP_029909950.1	586833	Myripristis murdjan
HAS3	XM_031950092.1	100915210	XP_031805952.1	9305	Sarcophilus harrisii
HAS3	XM_044270928.1	122921046	XP_044126863.1	30331	Bufo gargarizans
has3	XM_034087918.1	117449981	XP_033943809.1	52239	Pseudochaenichthys georgianus
HAS3	XM_032701243.1	116793412	XP_032557134.1	296741	Chiroxiphia lanceolata
has3	XM_020455771.2	109866886	XP_020311360.1	8019	Oncorhynchus kisutch
has3	XM_021569582.2	110494478	XP_021425257.2	8022	Oncorhynchus mykiss
has3	XM_042301483.1	112218491	XP_042157417.1	74940	Oncorhynchus tshawytscha
HAS3	XM_038754372.1	119934832	XP_038610300.1	9261	Tachyglossus aculeatus
has3	XM_030790788.1	115826858	XP_030646648.1	29144	Chanos chanos
has3	XM_041939116.1	121608020	XP_041795050.1	109905	Chelmon rostratus
HAS3	XM_015874325.2	107319480	XP_015729811.1	93934	Coturnix japonica
has3	XM_029668172.1	115134331	XP_029524032.1	8023	Oncorhynchus nerka
HAS3	XM_037815646.1	119518479	XP_037671574.1	27675	Choloepus didactylus
HAS3	XM_042480652.1	121937458	XP_042336586.1	8520	Sceloporus undulatus
has3	XM_003449190.5	100692993	XP_003449238.1	8128	Oreochromis niloticus
has3	XM_031753485.2	116330991	XP_031609345.1	47969	Oreochromis aureus
Has3	XM_006974151.3	102918743	XP_006974213.1	10042	Peromyscus maniculatus bairdii
has3	XM_014124268.2	106560880	XP_013979743.1	8030	Salmo salar
has3	XM_043264004.1	122362517	XP_043119939.1	1606681	Puntigrus tetrazona
has3	XM_027272540.1	104930141	XP_027128341.1	215358	Larimichthys crocea
HAS3	XM_040410314.1	120980928	XP_040266248.1	8384	Bufo bufo
LOC109074192	XM_042744188.1	109074192	XP_042600122.1	7962	Cyprinus carpio
Has3	XM_036187091.1	118583619	XP_036042984.1	38674	Onychomys torridus
LOC113061495	XM_026230651.1	113061495	XP_026086436.1	7957	Carassius auratus
has3	XM_034175572.1	117515019	XP_034031463.1	390379	Thalassophryne amazonica
HAS3	XM_030026377.1	115346376	XP_029882237.1	8962	Aquila chrysaetos chrysaetos
has3	XM_039016844.1	120065789	XP_038872772.1	8040	Salvelinus namaycush
has3	XM_004556207.1	101487664	XP_004556264.1	106582	Maylandia zebra
has3	XM_030365963.1	115550697	XP_030221823.1	8049	Gadus morhua
LOC114845076	XM_029132880.1	114845076	XP_028988713.1	158456	Betta splendens
has3	XM_029153282.2	114857114	XP_029009115.1	158456	Betta splendens
has3	XM_010884147.3	105018589	XP_010882449.1	8010	Esox lucius
has3	XM_041038506.1	121182150	XP_040894440.1	941984	Toxotes jaculatrix
has3	XM_008412542.2	103466738	XP_008410764.1	8081	Poecilia reticulata
has3	XM_044125805.1	122836113	XP_043981740.1	33528	Gambusia affinis
LOC110519986	XM_021596928.2	110519986	XP_021452603.2	8022	Oncorhynchus mykiss
has3	XM_030137343.1	115421449	XP_029993203.1	375764	Sphaeramia orbicularis
LOC113118314	XM_026287382.1	113118314	XP_026143167.1	7957	Carassius auratus
LOC120053438	XM_039000562.1	120053438	XP_038856490.1	8040	Salvelinus namaycush
HAS3	XM_032122079.1	116450038	XP_031977970.1	1196302	Corvus moneduloides
has3	XM_037766973.1	119486678	XP_037622901.1	72105	Sebastes umbrosus
has3	XM_005795790.2	102229462	XP_005795847.1	8083	Xiphophorus maculatus
has3	XM_032580707.1	116731148	XP_032436598.1	8084	Xiphophorus hellerii
has3	XM_028030008.1	114152197	XP_027885809.1	32473	Xiphophorus couchianus
has3	XM_042496716.1	121950644	XP_042352650.1	160734	Plectropomus leopardus
HAS3	XM_037408970.1	119157755	XP_037264867.1	120794	Falco rusticolus
HAS3	XM_040615270.1	121097872	XP_040471204.1	148594	Falco naumanni
has3	XM_033634667.1	117262040	XP_033490558.1	310571	Epinephelus lanceolatus
has3	XM_012852310.3	105917498	XP_012707764.2	8078	Fundulus heteroclitus
has3	XM_017690916.2	108423536	XP_017546405.1	42514	Pygocentrus nattereri
has3	XM_027017982.2	113582290	XP_026873783.2	8005	Electrophorus electricus
has3	XM_026926986.2	113534297	XP_026782787.1	310915	Pangasianodon hypophthalmus
has3	XM_015965175.1	107389167	XP_015820661.1	105023	Nothobranchius furzeri
HAS3	XM_030282555.3	115496862	XP_030138415.3	59729	Taeniopygia guttata
LOC122970325	XM_044336457.1	122970325	XP_044192392.1	8236	Thunnus albacares
has3	XM_017441042.3	108250938	XP_017296531.1	37003	Kryptolebias marmoratus
LOC122761747	XM_044016999.1	122761747	XP_043872934.1	28829	Solea senegalensis
LOC122775888	XM_044036096.1	122775888	XP_043892031.1	28829	Solea senegalensis
HAS3	XM_030457764.1	103526596	XP_030313624.1	9244	Calypte anna
LOC111952887	XM_023971880.1	111952887	XP_023827648.1	2691554	Salvelinus sp. IW2-2015
LOC109888640	XM_020479799.2	109888640	XP_020335388.1	8019	Oncorhynchus kisutch
HAS3	XM_033070181.1	117001702	XP_032926072.1	91951	Catharus ustulatus
has3	XM_037682604.1	119415463	XP_037538532.1	451745	Nematolebias whitei
HAS3	XM_021526984.2	110468821	XP_021382659.1	40157	Lonchura striata domestica
LOC112252314	XM_024423433.2	112252314	XP_024279201.1	74940	Oncorhynchus tshawytscha
HAS3	XM_015639532.2	107209621	XP_015495018.1	9157	Parus major
has3	XM_030097113.1	115392484	XP_029952973.1	181472	Salarias fasciatus
HAS3	XM_040571296.1	121076728	XP_040427230.1	8869	Cygnus olor
has3	XM_023985341.1	111962329	XP_023841109.1	2691554	Salvelinus sp. IW2-2015
has3	XM_034588410.1	117763361	XP_034444301.1	8267	Hippoglossus hippoglossus
LOC116046449	XM_031294795.2	116046449	XP_031150655.2	283035	Sander lucioperca
has3	XM_040133479.1	120793407	XP_039989413.1	8245	Xiphias gladius
has3	XM_037255258.1	119124890	XP_037111153.1	161584	Syngnathus acus
has3	XM_041996079.1	121646942	XP_041852013.1	1250792	Melanotaenia boesemani
LOC114567959	XM_028597262.1	114567959	XP_028453063.1	8167	Perca flavescens
has3	XM_032523339.1	116693956	XP_032379230.1	54343	Etheostoma spectabile
LOC120809645	XM_040163609.1	120809645	XP_040019543.1	69293	Gasterosteus aculeatus aculeatus
HAS3	XM_036390295.1	118691189	XP_036246188.1	84834	Molothrus ater
HAS3	XM_038148467.1	119705720	XP_038004395.1	45807	Motacilla alba alba
HAS3	XM_021408660.1	110404404	XP_021264335.1	8996	Numida meleagris
LOC115015765	XM_029443305.1	115015765	XP_029299165.1	56716	Cottoperca gobio
has3	XM_023956030.1	101165478	XP_023811798.1	8090	Oryzias latipes
has3	NM_173220.2	282555	NP_775327.2	7955	Danio rerio
HAS3	XM_032195820.1	116494113	XP_032051711.1	219594	Aythya fuligula
has3	XM_034878376.1	117948624	XP_034734267.1	417921	Etheostoma cragini
LOC118157796	XM_035312274.1	118157796	XP_035168165.1	8884	Oxyura jamaicensis
LOC115108898	XM_029633460.1	115108898	XP_029489320.1	8023	Oncorhynchus nerka
HAS3	XM_005052228.2	101822065	XP_005052285.1	59894	Ficedula albicollis
HAS3	XM_010718158.2	100542703	XP_010716460.1	9103	Meleagris gallopavo
has3	XM_008311411.3	103379751	XP_008309633.1	244447	Cynoglossus semilaevis
HAS3	XM_027466434.2	101794398	XP_027322235.1	8839	Anas platyrhynchos
LOC118400766	XM_035797772.1	118400766	XP_035653665.1	8018	Oncorhynchus keta
LOC120812823	XM_040169036.1	120812823	XP_040024970.1	69293	Gasterosteus aculeatus aculeatus
HAS3	XM_030955946.1	115907807	XP_030811806.1	87175	Camarhynchus parvulus
has3	XM_036003394.1	116048649	XP_035859287.1	283035	Sander lucioperca
has3	XM_036212516.1	112152616	XP_036068409.1	30732	Oryzias melastigma
has3	XM_028586157.1	114560638	XP_028441958.1	8167	Perca flavescens
has3	XM_039808920.1	120564161	XP_039664854.1	8168	Perca fluviatilis
LOC109618222	XM_034468600.1	109618222	XP_034324491.1	29159	Crassostrea gigas
LOC101879562	XM_034073235.1	101879562	XP_033929126.1	13146	Melopsittacus undulatus
has3	XM_035396144.1	118215397	XP_035252035.1	7936	Anguilla anguilla
LOC109620632	XM_034445407.1	109620632	XP_034301298.1	29159	Crassostrea gigas
LOC120571334	XM_039820219.1	120571334	XP_039676153.1	8168	Perca fluviatilis
has3	XM_016998601.1	100558635	XP_016854090.1	28377	Anolis carolinensis
LOC120815103	XM_040170127.1	120815103	XP_040026061.1	69293	Gasterosteus aculeatus aculeatus
LOC115409756	XM_030121031.1	115409756	XP_029976891.1	181472	Salarias fasciatus
LOC117403181	XM_034921461.1	117403181	XP_034777352.1	7906	Acipenser ruthenus
has3	XM_036535304.1	118782062	XP_036391197.1	118141	Megalops cyprinoides
LOC117403183	XM_034005185.1	117403183	XP_033861076.1	7906	Acipenser ruthenus
LOC115368050	XM_030064010.1	115368050	XP_029919870.1	586833	Myripristis murdjan
has3	XM_041192257.1	121280351	XP_041048191.1	13397	Carcharodon carcharias
LOC116982405	XM_033035610.1	116982405	XP_032891501.1	386614	Amblyraja radiata
LOC117378330	XM_033974919.1	117378330	XP_033830810.1	409849	Periophthalmus magnuspinnatus
LOC114567955	XM_028597255.1	114567955	XP_028453056.1	8167	Perca flavescens
has3	XM_043706468.1	122558175	XP_043562403.1	36176	Chiloscyllium plagiosum
LOC117403045	XM_034004902.1	117403045	XP_033860793.1	7906	Acipenser ruthenus
LOC108242631	XM_037975739.1	108242631	XP_037831667.1	37003	Kryptolebias marmoratus
LOC111112966	XM_022450862.1	111112966	XP_022306570.1	6565	Crassostrea virginica
LOC114955850	XM_029332768.2	114955850	XP_029188601.2	45264	Acropora millepora
LOC105341274	XM_034464288.1	105341274	XP_034320179.1	29159	Crassostrea gigas
LOC105345033	XM_034464292.1	105345033	XP_034320183.1	29159	Crassostrea gigas
LOC117315086	XM_033869232.1	117315086	XP_033725123.1	6579	Pecten maximus
LOC108242624	XM_037975743.1	108242624	XP_037831671.1	37003	Kryptolebias marmoratus
LOC111128616	XM_022474347.1	111128616	XP_022330055.1	6565	Crassostrea virginica
LOC114963732	XM_029342959.2	114963732	XP_029198792.2	45264	Acropora millepora
LOC105317494	XM_034481438.1	105317494	XP_034337329.1	29159	Crassostrea gigas
HAS3	XM_001511257.2	100077175	XP_001511307.2	9258	Ornithorhynchus anatinus
LOC105911525	XM_031579313.2	105911525	XP_031435173.2	7950	Clupea harengus
LOC115232263	XM_036500314.1	115232263	XP_036356207.1	2607531	Octopus sinensis
LOC117513389	XM_034173584.1	117513389	XP_034029475.1	390379	Thalassophryne amazonica
LOC105341257	XM_034463885.1	105341257	XP_034319776.1	29159	Crassostrea gigas
LOC108242633	XM_025008436.2	108242633	XP_024864204.2	37003	Kryptolebias marmoratus
LOC118421304	XM_035828537.1	118421304	XP_035684430.1	7739	Branchiostoma floridae
LOC112557502	XM_025227408.1	112557502	XP_025083193.1	400727	Pomacea canaliculata
LOC117957195	XM_034892791.1	117957195	XP_034748682.1	417921	Etheostoma cragini
LOC113116709	XM_026285023.1	113116709	XP_026140808.1	7957	Carassius auratus
LOC118428100	XM_035838070.1	118428100	XP_035693963.1	7739	Branchiostoma floridae
LOC121373551	XM_041500227.1	121373551	XP_041356161.1	1735272	Gigantopelta aegis
LOC117332686	XM_033891684.1	117332686	XP_033747575.1	6579	Pecten maximus
HAS1	XM_042441247.1	121916314	XP_042297181.1	8520	Sceloporus undulatus
LOC111129033	XM_022475090.1	111129033	XP_022330798.1	6565	Crassostrea virginica
LOC122950046	XM_044310161.1	122950046	XP_044166096.1	45264	Acropora millepora
has1	XM_030073378.1	115374442	XP_029929238.1	586833	Myripristis murdjan
LOC117434057	XM_034056597.2	117434057	XP_033912488.2	7906	Acipenser ruthenus
LOC117964945	XM_034909769.1	117964945	XP_034765660.1	7906	Acipenser ruthenus
LOC122809227	XM_044080543.1	122809227	XP_043936478.1	7888	Protopterus annectens
has1	XM_043260368.1	122360058	XP_043116303.1	1606681	Puntigrus tetrazona
LOC116945789	XM_032960322.1	116945789	XP_032816213.1	7757	Petromyzon marinus
LOC106578351	XM_014157055.2	106578351	XP_014012530.1	8030	Salmo salar
has1	XM_042740978.1	109052687	XP_042596912.1	7962	Cyprinus carpio
has1	XM_030750471.1	115794813	XP_030606331.1	63155	Archocentrus centrarchus
has1	XM_008121787.2	100566258	XP_008119994.1	28377	Anolis carolinensis
LOC105920034	XM_012855525.3	105920034	XP_012710979.1	8078	Fundulus heteroclitus
LOC118556245	XM_036128150.1	118556245	XP_035984043.1	8078	Fundulus heteroclitus
has1	XM_044117474.1	122831352	XP_043973409.1	33528	Gambusia affinis
LOC102217002	XM_005798438.2	102217002	XP_005798495.1	8083	Xiphophorus maculatus
LOC104932382	XM_027286379.1	104932382	XP_027142180.1	215358	Larimichthys crocea
has1	XM_044358692.1	122987060	XP_044214627.1	8236	Thunnus albacares
LOC118427439	XM_035837238.1	118427439	XP_035693131.1	7739	Branchiostoma floridae
HAS1	XM_035120913.1	118087863	XP_034976804.1	8524	Zootoca vivipara
has1	XM_008432369.1	103478477	XP_008430591.1	8081	Poecilia reticulata
LOC112557843	XM_025227921.1	112557843	XP_025083706.1	400727	Pomacea canaliculata
LOC109142400	XM_027286383.1	109142400	XP_027142184.1	215358	Larimichthys crocea
HAS1	XM_028742511.1	114603483	XP_028598344.1	64176	Podarcis muralis
LOC116515925	XM_032228251.1	116515925	XP_032084142.1	35005	Thamnophis elegans
LOC118416032	XM_035821074.1	118416032	XP_035676967.1	7739	Branchiostoma floridae
has1	XM_034175099.1	117514579	XP_034030990.1	390379	Thalassophryne amazonica
has1l	XM_031906791.1	100491673	XP_031762651.1	8364	Xenopus tropicalis
HAS1	XM_033158206.1	117051638	XP_033014097.1	80427	Lacerta agilis
has1	XM_041942930.1	121610694	XP_041798864.1	109905	Chelmon rostratus
HAS1	XM_044991623.1	123351930	XP_044847558.1	74926	Mauremys mutica
LOC111958616	XM_023979879.1	111958616	XP_023835647.1	2691554	Salvelinus sp. IW2-2015
has1	XM_024385499.2	112222758	XP_024241267.2	74940	Oncorhynchus tshawytscha
has1	XM_004541589.4	101465324	XP_004541646.3	106582	Maylandia zebra
LOC118421163	XM_035828323.1	118421163	XP_035684216.1	7739	Branchiostoma floridae
LOC116515924	XM_032228250.1	116515924	XP_032084141.1	35005	Thamnophis elegans
has1	XM_012818042.3	105891863	XP_012673496.1	7950	Clupea harengus
LOC110510523	XM_021591887.2	110510523	XP_021447562.1	8022	Oncorhynchus mykiss
has1	XM_032555865.1	116715137	XP_032411756.1	8084	Xiphophorus hellerii
LOC112227043	XM_042309358.1	112227043	XP_042165292.1	74940	Oncorhynchus tshawytscha
has1	XM_042423447.1	121905286	XP_042279381.1	8240	Thunnus maccoyii
has1	XM_028009370.1	114139426	XP_027865171.1	32473	Xiphophorus couchianus
has1	XM_008323567.2	103388529	XP_008321789.1	244447	Cynoglossus semilaevis
LOC109901800	XM_031802994.1	109901800	XP_031658854.1	8019	Oncorhynchus kisutch
LOC109901799	XM_020497764.2	109901799	XP_020353353.2	8019	Oncorhynchus kisutch
LOC112072845	XM_024140244.1	112072845	XP_023996012.1	2691554	Salvelinus sp. IW2-2015
has1	XM_030371091.1	115554384	XP_030226951.1	8049	Gadus morhua
LOC120048559	XM_038994642.1	120048559	XP_038850570.1	8040	Salvelinus namaycush
HAS1	XM_030543263.1	115640476	XP_030399123.1	1825980	Gopherus evgoodei
has1	XM_017702001.2	108429923	XP_017557490.1	42514	Pygocentrus nattereri
LOC121542372	XM_041851774.2	121542372	XP_041707708.1	59861	Coregonus clupeaformis
LOC110538188	XM_021624836.2	110538188	XP_021480511.2	8022	Oncorhynchus mykiss
has1	XM_041902599.1	121586110	XP_041758533.1	59861	Coregonus clupeaformis
LOC115140874	XM_029679309.1	115140874	XP_029535169.1	8023	Oncorhynchus nerka
LOC121299297	XM_041226975.1	121299297	XP_041082909.1	7913	Polyodon spathula
LOC113095811	XM_026261181.1	113095811	XP_026116966.1	7957	Carassius auratus
LOC120030790	XM_038976224.1	120030790	XP_038832152.1	8040	Salvelinus namaycush
has1	XM_041988288.1	121641910	XP_041844222.1	1250792	Melanotaenia boesemani
has1	XM_041226838.1	121299205	XP_041082772.1	7913	Polyodon spathula
chs1	XM_037693494.1	119425936	XP_037549422.1	451745	Nematolebias whitei
LOC118396626	XM_035790930.1	118396626	XP_035646823.1	8018	Oncorhynchus keta
LOC117433846	XM_034056266.2	117433846	XP_033912157.2	7906	Acipenser ruthenus
has1	XM_021466667.1	403130	XP_021322342.1	7955	Danio rerio
has1	XM_034697583.1	117822711	XP_034553474.1	1203425	Notolabrus celidotus
has1	XM_037073819.1	119005820	XP_036929714.1	8177	Acanthopagrus latus
HAS1	XM_039513010.1	120390381	XP_039368944.1	260615	Mauremys reevesii
LOC101171028	XM_004077795.4	101171028	XP_004077843.1	8090	Oryzias latipes
LOC107374122	XM_015942275.1	107374122	XP_015797761.1	105023	Nothobranchius furzeri
LOC102945687	XM_037883274.2	102945687	XP_037739202.1	8469	Chelonia mydas
has1	XM_041043823.1	121185586	XP_040899757.1	941984	Toxotes jaculatrix
has1	XM_041793352.1	121513544	XP_041649286.1	241271	Cheilinus undulatus
LOC113076903	XM_026249515.1	113076903	XP_026105300.1	7957	Carassius auratus
has1	XM_042106153.1	121720195	XP_041962087.1	34773	Alosa sapidissima
HAS1	XM_044282643.1	122929148	XP_044138578.1	30331	Bufo gargarizans
has1	XM_042490522.1	121946093	XP_042346456.1	160734	Plectropomus leopardus
LOC117971156	XM_034919169.1	117971156	XP_034775060.1	7906	Acipenser ruthenus
has1	XM_037676367.1	119409472	XP_037532295.1	451745	Nematolebias whitei
has1	XM_029129874.2	114843376	XP_028985707.1	158456	Betta splendens
has1	XM_036538042.1	118784056	XP_036393935.1	118141	Megalops cyprinoides
has1	XM_040116992.1	120783775	XP_039972926.1	8245	Xiphias gladius
LOC116523548	XM_032238659.1	116523548	XP_032094550.1	35005	Thamnophis elegans
LOC109057465	XM_042772473.1	109057465	XP_042628407.1	7962	Cyprinus carpio
LOC118784057	XM_036538043.1	118784057	XP_036393936.1	118141	Megalops cyprinoides
LOC116975809	XM_033025031.1	116975809	XP_032880922.1	386614	Amblyraja radiata
LOC120916451	XM_040327425.1	120916451	XP_040183359.1	8407	Rana temporaria
has1	XM_010885006.1	105019096	XP_010883308.1	8010	Esox lucius
LOC118411184	XM_035813262.1	118411184	XP_035669155.1	7739	Branchiostoma floridae
LOC102929705	XM_037883521.2	102929705	XP_037739449.1	8469	Chelonia mydas
LOC115821000	XM_030784738.1	115821000	XP_030640598.1	29144	Chanos chanos
has1	XM_032518330.1	116691023	XP_032374221.1	54343	Etheostoma spectabile
HAS1	XM_040420460.1	120991662	XP_040276394.1	8384	Bufo bufo
has1	XM_044033944.1	122774549	XP_043889879.1	28829	Solea senegalensis
has1	XM_033641329.1	117266247	XP_033497220.1	310571	Epinephelus lanceolatus
LOC119847640	XM_038382576.2	119847640	XP_038238504.1	27794	Dermochelys coriacea
has1	XM_007250810.4	103047586	XP_007250872.2	7994	Astyanax mexicanus
has1	XM_030102938.1	115396870	XP_029958798.1	181472	Salarias fasciatus
HAS1	XM_042846515.1	101940089	XP_042702449.1	8479	Chrysemys picta bellii
has1	XM_031298846.2	116049312	XP_031154706.1	283035	Sander lucioperca
has1	XM_017439677.2	108250006	XP_017295166.2	37003	Kryptolebias marmoratus
LOC118427717	XM_035837631.1	118427717	XP_035693524.1	7739	Branchiostoma floridae
has1	XM_024268190.2	112143940	XP_024123958.1	30732	Oryzias melastigma
has1	XM_034875406.1	117946905	XP_034731297.1	417921	Etheostoma cragini
has1	XM_039805443.1	120562029	XP_039661377.1	8168	Perca fluviatilis
LOC118211468	XM_035388699.1	118211468	XP_035244590.1	7936	Anguilla anguilla
has1	XM_035624838.2	118300444	XP_035480731.1	52904	Scophthalmus maximus
LOC100707580	XM_003458426.5	100707580	XP_003458474.2	8128	Oreochromis niloticus
LOC119847641	XM_038382577.2	119847641	XP_038238505.1	27794	Dermochelys coriacea
has1	XM_037785779.1	119497559	XP_037641707.1	72105	Sebastes umbrosus
has1	XM_034612055.1	117777350	XP_034467946.1	8267	Hippoglossus hippoglossus
LOC117263440	XM_033636760.1	117263440	XP_033492651.1	310571	Epinephelus lanceolatus
LOC118211456	XM_035388671.1	118211456	XP_035244562.1	7936	Anguilla anguilla
has1	XM_035162522.1	118113128	XP_035018413.1	195615	Hippoglossus stenolepis
has1	XM_026914286.2	113526865	XP_026770087.2	310915	Pangasianodon hypophthalmus
has1	XM_033980617.1	117383435	XP_033836508.1	409849	Periophthalmus magnuspinnatus
has1	XM_018732180.2	108922203	XP_018587696.2	113540	Scleropages formosus
LOC116318737	XM_039619690.1	116318737	XP_039475624.1	47969	Oreochromis aureus
Has1	XM_042268690.1	102923673	XP_042124624.1	10042	Peromyscus maniculatus bairdii
Has1	XM_028859795.2	114685184	XP_028715628.2	10041	Peromyscus leucopus
LOC118426833	XM_035836380.1	118426833	XP_035692273.1	7739	Branchiostoma floridae
has1	XM_044207676.1	122881436	XP_044063611.1	119488	Siniperca chuatsi
Has1	XM_036168712.1	118570326	XP_036024605.1	38674	Onychomys torridus
has1	XM_037274380.1	119136127	XP_037130275.1	161584	Syngnathus acus
has1	XM_028579532.1	114556556	XP_028435333.1	8167	Perca flavescens
LOC116948146	XM_032964553.1	116948146	XP_032820444.1	7757	Petromyzon marinus
Has1	XM_026778471.1	101988134	XP_026634272.1	79684	Microtus ochrogaster
LOC113833756	XM_027398677.2	113833756	XP_027254478.2	10029	Cricetulus griseus
LOC118211463	XM_035388685.1	118211463	XP_035244576.1	7936	Anguilla anguilla
has1	XM_040166342.1	120811150	XP_040022276.1	69293	Gasterosteus aculeatus aculeatus
Has1	NM_172323.2	282821	NP_758826.1	10116	Rattus norvegicus
Has1	XM_031354737.1	116079069	XP_031210597.1	35658	Mastomys coucha
HAS1	XM_028529783.2	114511118	XP_028385584.1	89673	Phyllostomus discolor
Has1	NM_008215.2	15116	NP_032241.1	10090	Mus musculus
LOC115821004	XM_030784742.1	115821004	XP_030640602.1	29144	Chanos chanos
Has1	XM_032893139.1	116891788	XP_032749030.1	10117	Rattus rattus
has1	XM_027007282.2	113575671	XP_026863083.2	8005	Electrophorus electricus
LOC115436398	XM_030159261.1	115436398	XP_030015121.1	375764	Sphaeramia orbicularis
Has1	XM_042055570.1	119821723	XP_041911504.1	1047088	Arvicola amphibius
Has1	XM_021221571.1	110338278	XP_021077230.1	10093	Mus pahari
Has1	XM_029470866.1	110284113	XP_029326726.1	10089	Mus caroli
Has1	XM_034492836.1	117701004	XP_034348727.1	61156	Arvicanthis niloticus
HAS1	XM_030821179.1	100598248	XP_030677039.1	61853	Nomascus leucogenys
HAS1	XM_021681107.2	110572726	XP_021536782.1	29088	Neomonachus schauinslandi
HAS1	XM_035283977.1	100894935	XP_035139868.1	9483	Callithrix jacchus
LOC106024314	XM_020046419.2	106024314	XP_019901978.2	8010	Esox lucius
HAS1	XM_024237526.1	100460901	XP_024093294.1	9601	Pongo abelii
HAS1	XM_025368118.1	112613014	XP_025223903.1	9565	Theropithecus gelada
LOC118432263	XM_035843798.1	118432263	XP_035699691.1	7739	Branchiostoma floridae
LOC111953782	XM_023973273.2	111953782	XP_023829041.2	2691554	Salvelinus sp. IW2-2015
HAS1	NM_001297436.2	3036	NP_001284365.1	9606	Homo sapiens
HAS1	XM_016936738.2	468978	XP_016792227.1	9598	Pan troglodytes
HAS1	XM_023650323.1	111775259	XP_023506091.1	9796	Equus caballus
HAS1	XM_037819928.1	119521548	XP_037675856.1	27675	Choloepus didactylus
LOC115821534	XM_030785349.1	115821534	XP_030641209.1	29144	Chanos chanos
HAS1	XM_011289756.4	101093224	XP_011288058.3	9685	Felis catus
HAS1	XM_043600214.1	122494775	XP_043456149.1	37029	Prionailurus bengalensis
HAS1	XM_019014907.1	101133545	XP_018870452.1	9593	Gorilla gorilla gorilla
HAS1	XM_044759759.1	106822303	XP_044615694.1	9793	Equus asinus
HAS1_4	XM_038651797.1	611700	XP_038507725.1	9612	Canis lupus familiaris
HAS1	XM_035705896.2	112643384	XP_035561789.1	9612	Canis lupus dingo
HAS1	XM_042970348.1	102955943	XP_042826282.1	9694	Panthera tigris
HAS1	XM_041744569.1	121484826	XP_041600503.1	494514	Vulpes lagopus
HAS1	XM_027618341.2	113935815	XP_027474142.1	9704	Zalophus californianus
has1	XM_034101806.1	117460414	XP_033957697.1	52239	Pseudochaenichthys georgianus
HAS1	XM_023182726.2	111520171	XP_023038494.1	591936	Piliocolobus tephrosceles
HAS1	XM_010376551.2	104672702	XP_010374853.1	61622	Rhinopithecus roxellana
HAS1	XM_024978777.1	282820	XP_024834545.1	9913	Bos taurus
HAS1	XM_027514121.1	113875588	XP_027369922.1	30522	Bos indicus x Bos taurus
LOC116676714	XM_032507621.1	116676714	XP_032363512.1	54343	Etheostoma spectabile
HAS1	XM_043435930.1	122420617	XP_043291865.1	1574408	Cervus canadensis
HAS1	XM_043900041.1	122692462	XP_043755976.1	9860	Cervus elaphus
HAS1	XM_042920322.1	122208867	XP_042776256.1	9689	Panthera leo
has1	XM_034554509.1	117745901	XP_034410400.1	8103	Cyclopterus lumpus
HAS1	XM_032324018.1	116579100	XP_032179909.1	36723	Mustela erminea
HAS1	XM_032487760.1	102509171	XP_032343651.1	419612	Camelus ferus
HAS1	XM_044256690.1	122911711	XP_044112625.1	452646	Neogale vison
HAS1	NM_001136212.1	100191062	NP_001129684.1	9823	Sus scrofa
HAS1	XM_018062939.1	102180619	XP_017918428.1	9925	Capra hircus
has1	XM_035751489.1	118367817	XP_035607382.1	8018	Oncorhynchus keta
HAS1	XM_012785554.1	105882864	XP_012641008.1	30608	Microcebus murinus
HAS1	XM_027977477.2	101102585	XP_027833278.2	9940	Ovis aries
HAS1	XM_015124713.2	719773	XP_014980199.2	9544	Macaca mulatta
HAS1	XM_034639123.1	100479870	XP_034495014.1	9646	Ailuropoda melanoleuca
LOC118421164	XM_035828325.1	118421164	XP_035684218.1	7739	Branchiostoma floridae
HAS1	XM_012930349.2	101519467	XP_012785803.2	9978	Ochotona princeps
HAS1	XM_031459233.1	105106080	XP_031315093.1	9838	Camelus dromedarius
has3	XM_044035461.1	122775537	XP_043891396.1	28829	Solea senegalensis
HAS1	XM_033845566.1	109548683	XP_033701457.1	9739	Tursiops truncatus
HAS1	XM_032612729.1	116743778	XP_032468620.1	42100	Phocoena sinus
LOC116957730	XM_032980056.1	116957730	XP_032835947.1	7757	Petromyzon marinus
LOC118410184	XM_035811725.1	118410184	XP_035667618.1	7739	Branchiostoma floridae
LOC118411188	XM_035813267.1	118411188	XP_035669160.1	7739	Branchiostoma floridae
has1	XM_029451292.1	115021121	XP_029307152.1	56716	Cottoperca gobio
HAS1	XM_024132388.1	102987421	XP_023988156.1	9755	Physeter catodon
HAS1	XM_044668510.1	123240792	XP_044524445.1	191870	Gracilinanus agilis
HAS1	XM_031963285.1	100915333	XP_031819145.1	9305	Sarcophilus harrisii
LOC116322643	XM_039605330.1	116322643	XP_039461264.1	47969	Oreochromis aureus
HAS1	XM_036747406.1	118839907	XP_036603301.1	9337	Trichosurus vulpecula
LOC116955864	XM_032977187.1	116955864	XP_032833078.1	7757	Petromyzon marinus
HAS1	XM_038767512.1	119946105	XP_038623440.1	9261	Tachyglossus aculeatus
LOC118411191	XM_035813270.1	118411191	XP_035669163.1	7739	Branchiostoma floridae
HAS1	XM_029066284.2	100088892	XP_028922117.1	9258	Ornithorhynchus anatinus
LOC118405094	XM_035804495.1	118405094	XP_035660388.1	7739	Branchiostoma floridae
LOC118423883	XM_035832197.1	118423883	XP_035688090.1	7739	Branchiostoma floridae
has1	NM_001127118.1	100145746	NP_001120590.1	8364	Xenopus tropicalis
LOC121269577	XM_041174277.1	121269577	XP_041030211.1	13397	Carcharodon carcharias
LOC111129035	XM_022475092.1	111129035	XP_022330800.1	6565	Crassostrea virginica
HAS1	XM_043996243.1	122749746	XP_043852178.1	33562	Dromiciops gliroides
LOC116991150	XM_033049521.1	116991150	XP_032905412.1	386614	Amblyraja radiata
LOC118411175	XM_035813252.1	118411175	XP_035669145.1	7739	Branchiostoma floridae
LOC116936964	XM_032944097.1	116936964	XP_032799988.1	7757	Petromyzon marinus
LOC122540538	XM_043676402.1	122540538	XP_043532337.1	36176	Chiloscyllium plagiosum
HAS1	XM_029924365.1	115279861	XP_029780225.1	37032	Suricata suricatta
HAS1	XM_007491720.1	100028664	XP_007491782.1	13616	Monodelphis domestica
LOC112564043	XM_025238609.1	112564043	XP_025094394.1	400727	Pomacea canaliculata
LOC121380520	XM_041509363.1	121380520	XP_041365297.1	1735272	Gigantopelta aegis
LOC112563113	XM_025236863.1	112563113	XP_025092648.1	400727	Pomacea canaliculata
LOC115216819	XM_029786403.2	115216819	XP_029642263.1	2607531	Octopus sinensis
LOC118411195	XM_035813273.1	118411195	XP_035669166.1	7739	Branchiostoma floridae
LOC105337412	XM_011442121.3	105337412	XP_011440423.3	29159	Crassostrea gigas
LOC118421190	XM_035828351.1	118421190	XP_035684244.1	7739	Branchiostoma floridae
HAS1	XM_030299362.1	115503247	XP_030155222.1	61383	Lynx canadensis
LOC118765021	XM_036506270.1	118765021	XP_036362163.1	2607531	Octopus sinensis
LOC111111926	XM_022449117.1	111111926	XP_022304825.1	6565	Crassostrea virginica
LOC109196644	XM_019350963.2	109196644	XP_019206508.1	8128	Oreochromis niloticus
LOC118765089	XM_036506554.1	118765089	XP_036362447.1	2607531	Octopus sinensis
Has1	XM_040279851.1	101972074	XP_040135785.1	43179	Ictidomys tridecemlineatus
LOC115229098	XM_029799518.2	115229098	XP_029655378.2	2607531	Octopus sinensis
LOC117344218	XM_033906889.1	117344218	XP_033762780.1	6579	Pecten maximus
HAS1	XM_017338277.1	103345464	XP_017193766.1	9986	Oryctolagus cuniculus
LOC121373041	XM_041499484.1	121373041	XP_041355418.1	1735272	Gigantopelta aegis
LOC122808403	XM_044079368.1	122808403	XP_043935303.1	7888	Protopterus annectens
LOC105321379	XM_034448761.1	105321379	XP_034304652.1	29159	Crassostrea gigas
LOC116406439	XM_031898469.1	116406439	XP_031754329.1	8364	Xenopus tropicalis
LOC118411180	XM_035813257.1	118411180	XP_035669150.1	7739	Branchiostoma floridae
LOC121708736	XM_042091578.1	121708736	XP_041947512.1	34773	Alosa sapidissima
HAS2	XM_043507392.1	119850395	XP_043363327.1	27794	Dermochelys coriacea
HAS1	XM_019978756.1	109572178	XP_019834315.1	9915	Bos indicus
LOC107988566	XM_025055869.1	107988566	XP_024911637.1	244447	Cynoglossus semilaevis
LOC118380328	XM_035767319.1	118380328	XP_035623212.1	8018	Oncorhynchus keta
LOC102693980	XM_006641594.2	102693980	XP_006641657.1	7918	Lepisosteus oculatus
LOC121316388	XM_041251466.1	121316388	XP_041107400.1	7913	Polyodon spathula
LOC113061224	XM_026230263.1	113061224	XP_026086048.1	7957	Carassius auratus
LOC119191438	XM_037445356.1	119191438	XP_037301253.1	7130	Manduca sexta
LOC115231246	XM_036500001.1	115231246	XP_036355894.1	2607531	Octopus sinensis
LOC109615770	XM_029120055.2	109615770	XP_028975888.2	8010	Esox lucius
LOC119564235	XM_037883520.2	119564235	XP_037739448.2	8469	Chelonia mydas
LOC116957733	XM_032980058.1	116957733	XP_032835949.1	7757	Petromyzon marinus
LOC119848083	XM_038383455.2	119848083	XP_038239383.1	27794	Dermochelys coriacea
LOC118381685	XM_035768591.1	118381685	XP_035624484.1	8018	Oncorhynchus keta
LOC118411193	XM_035813272.1	118411193	XP_035669165.1	7739	Branchiostoma floridae
LOC121380349	XM_041509133.1	121380349	XP_041365067.1	1735272	Gigantopelta aegis
LOC116659727	XM_032467552.1	116659727	XP_032323443.1	419612	Camelus ferus
LOC119075638	XM_037182120.1	119075638	XP_037038015.1	38358	Bradysia coprophila
LOC121387274	XM_041518299.1	121387274	XP_041374233.1	1735272	Gigantopelta aegis
LOC111125449	XM_022469268.1	111125449	XP_022324976.1	6565	Crassostrea virginica
LOC117828141	XM_034705144.1	117828141	XP_034561035.1	1203425	Notolabrus celidotus
LOC122763035	XM_044018152.1	122763035	XP_043874087.1	28829	Solea senegalensis
LOC121367313	XM_041491424.1	121367313	XP_041347358.1	1735272	Gigantopelta aegis
LOC103472863	XM_008422720.2	103472863	XP_008420942.1	8081	Poecilia reticulata
LOC121366845	XM_041491128.1	121366845	XP_041347062.1	1735272	Gigantopelta aegis
LOC117869887	XM_034756991.1	117869887	XP_034612882.1	34903	Trachemys scripta elegans
LOC105831202	XM_012671183.3	105831202	XP_012526637.1	307658	Monomorium pharaonis
LOC111128180	XM_022473658.1	111128180	XP_022329366.1	6565	Crassostrea virginica
LOC121709753	XM_042093357.1	121709753	XP_041949291.1	34773	Alosa sapidissima
LOC117263439	XM_033636757.1	117263439	XP_033492648.1	310571	Epinephelus lanceolatus
LOC103472864	XM_008422721.1	103472864	XP_008420943.1	8081	Poecilia reticulata
LOC119429722	XM_037697293.1	119429722	XP_037553221.1	451745	Nematolebias whitei
LOC112564466	XM_025239310.1	112564466	XP_025095095.1	400727	Pomacea canaliculata
LOC111117154	XM_022456237.1	111117154	XP_022311945.1	6565	Crassostrea virginica
LOC111128187	XM_022473672.1	111128187	XP_022329380.1	6565	Crassostrea virginica
LOC116676715	XM_032507622.1	116676715	XP_032363513.1	54343	Etheostoma spectabile
LOC116046446	XM_031294791.2	116046446	XP_031150651.2	283035	Sander lucioperca
LOC118411181	XM_035813259.1	118411181	XP_035669152.1	7739	Branchiostoma floridae
LOC111128243	XM_022473749.1	111128243	XP_022329457.1	6565	Crassostrea virginica
LOC117957194	XM_034892790.1	117957194	XP_034748681.1	417921	Etheostoma cragini
LOC117972454	XM_034921462.1	117972454	XP_034777353.1	7906	Acipenser ruthenus
LOC117403046	XM_034004903.1	117403046	XP_033860794.1	7906	Acipenser ruthenus
LOC115230150	XM_029800362.2	115230150	XP_029656222.2	2607531	Octopus sinensis
LOC118760849	XM_036500002.1	118760849	XP_036355895.1	2607531	Octopus sinensis
LOC116957729	XM_032980054.1	116957729	XP_032835945.1	7757	Petromyzon marinus
LOC122133411	XM_042709579.1	122133411	XP_042565513.1	7950	Clupea harengus
LOC117969326	XM_034917202.1	117969326	XP_034773093.1	7906	Acipenser ruthenus
LOC117969334	XM_034917205.1	117969334	XP_034773096.1	7906	Acipenser ruthenus
LOC118493404	XM_035993053.1	118493404	XP_035848946.1	283035	Sander lucioperca
LOC116676713	XM_032507620.1	116676713	XP_032363511.1	54343	Etheostoma spectabile
LOC111128272	XM_022473815.1	111128272	XP_022329523.1	6565	Crassostrea virginica
LOC122776180	XM_044036580.1	122776180	XP_043892515.1	28829	Solea senegalensis
UTP4	XM_030511323.1	115619280	XP_030367183.1	2489341	Strigops habroptila
LOC116944053	XM_032957443.1	116944053	XP_032813334.1	7757	Petromyzon marinus
LOC111128257	XM_022473791.1	111128257	XP_022329499.1	6565	Crassostrea virginica
LOC111128191	XM_022473675.1	111128191	XP_022329383.1	6565	Crassostrea virginica
LOC119017021	XM_037093407.1	119017021	XP_036949302.1	8177	Acanthopagrus latus
LOC121656308	XM_042011337.1	121656308	XP_041867271.1	1250792	Melanotaenia boesemani
LOC117378329	XM_033974918.1	117378329	XP_033830809.1	409849	Periophthalmus magnuspinnatus
LOC121114323	XM_040708247.1	121114323	XP_040564181.1	72036	Lepeophtheirus salmonis
LOC105344218	XM_011451917.3	105344218	XP_011450219.2	29159	Crassostrea gigas
LOC123292273	XM_044872860.1	123292273	XP_044728795.1	189513	Chrysoperla carnea
LOC119658467	XM_038065882.1	119658467	XP_037921810.1	343691	Hermetia illucens
LOC119599383	XM_037949156.1	119599383	XP_037805084.1	6687	Penaeus monodon
LOC117315011	XM_033869134.1	117315011	XP_033725025.1	6579	Pecten maximus
LOC117172688	XM_033360827.1	117172688	XP_033216718.1	2817044	Belonocnema kinseyi
LOC118460378	XM_035924675.1	118460378	XP_035780568.1	7167	Anopheles albimanus
LCCH3	NM_001247966.1	100116310	NP_001234895.1	7425	Nasonia vitripennis
AgaP_AGAP000038	XM_311123.3	1272239	XP_311123.3	7165	Anopheles gambiae str. PEST
LOC121401120	XM_041585474.1	121401120	XP_041441408.1	8355	Xenopus laevis
LOC120957099	XM_040379105.2	120957099	XP_040235039.1	1518534	Anopheles coluzzii
LOC121589749	XM_041908865.1	121589749	XP_041764799.1	30066	Anopheles merus
LOC120906627	XM_040318436.1	120906627	XP_040174370.1	7173	Anopheles arabiensis
Lcch3	NM_001109781.1	663754	NP_001103251.1	7070	Tribolium castaneum
LOC6047968	XM_038266804.1	6047968	XP_038122732.1	7176	Culex quinquefasciatus
LOC122577132	XM_043748261.1	122577132	XP_043604196.1	396416	Bombus pyrosoma
LOC100644703	XM_020867457.2	100644703	XP_020723116.1	30195	Bombus terrestris
LOC117186766	XM_033387991.1	117186766	XP_033243882.1	7229	Drosophila miranda
LOC105339312	XM_011444794.3	105339312	XP_011443096.2	29159	Crassostrea gigas
LOC105286156	XM_011350886.3	105286156	XP_011349188.1	2015173	Ooceraea biroi
LOC108232078	XM_017409642.3	108232078	XP_017265131.1	37003	Kryptolebias marmoratus
LOC116938460	XM_032945577.1	116938460	XP_032801468.1	7757	Petromyzon marinus
LOC5573727	XM_021839244.1	5573727	XP_021694936.1	7159	Aedes aegypti
LOC117767367	XM_034594931.1	117767367	XP_034450822.1	8267	Hippoglossus hippoglossus
LOC120774278	XM_040103769.1	120774278	XP_039959703.1	59916	Bactrocera tryoni
LCCH3	XM_026442618.1	412740	XP_026298403.1	7460	Apis mellifera
LOC122406848	XM_043412629.1	122406848	XP_043268564.1	32260	Venturia canescens
LOC122627116	XM_043807960.1	122627116	XP_043663895.1	30213	Vespula pensylvanica
LOC108233660	XM_017412255.3	108233660	XP_017267744.1	37003	Kryptolebias marmoratus
LOC111123844	XM_022466471.1	111123844	XP_022322179.1	6565	Crassostrea virginica
LOC6899177	XM_033383168.1	6899177	XP_033239059.1	7237	Drosophila pseudoobscura
LOC105836172	XM_012680017.3	105836172	XP_012535471.1	307658	Monomorium pharaonis
LOC119069898	XM_037174110.1	119069898	XP_037030005.1	38358	Bradysia coprophila
KRT222	XM_040331638.1	120919460	XP_040187572.1	8407	Rana temporaria
LOC118761567	XM_036499602.1	118761567	XP_036355495.1	2607531	Octopus sinensis
LOC117902066	XM_034813157.1	117902066	XP_034669048.1	7241	Drosophila subobscura
LOC663563	XM_015979282.1	663563	XP_015834768.1	7070	Tribolium castaneum
LOC117332702	XM_033891701.1	117332702	XP_033747592.1	6579	Pecten maximus
LOC105322879	XM_011421779.3	105322879	XP_011420081.2	29159	Crassostrea gigas
LOC121403133	XM_041590939.1	121403133	XP_041446873.1	8355	Xenopus laevis
LOC100500929	XM_038015122.1	100500929	XP_037871050.1	7091	Bombyx mori
LOC111128382	XM_022473966.1	111128382	XP_022329674.1	6565	Crassostrea virginica
EDNRA	XM_027598087.2	113924358	XP_027453888.1	9704	Zalophus californianus
smtla	XM_036150260.1	105929080	XP_036006153.1	8078	Fundulus heteroclitus
LOC111045533	XM_039424477.1	111045533	XP_039280411.1	108931	Nilaparvata lugens
EDNRA	XM_021698775.2	110588454	XP_021554450.1	29088	Neomonachus schauinslandi
LOC111127394	XM_022472553.1	111127394	XP_022328261.1	6565	Crassostrea virginica
EDNRA	NM_001261492.1	704135	NP_001248421.1	9544	Macaca mulatta
EDNRA	XM_005556033.3	101866294	XP_005556090.1	9541	Macaca fascicularis
EDNRA	XM_018061587.1	102174144	XP_017917076.1	9925	Capra hircus
LOC103397912	XM_025053420.1	103397912	XP_024909188.1	244447	Cynoglossus semilaevis
