chs1	113586674	XM_027024980.2	XP_026880781.2	GCF_013358815.1_fEleEle1.pri_genomic
LOC105330644	105330644	XM_034448352.1	XP_034304243.1	GCF_902806645.1_cgigas_uk_roslin_v1_genomic
LOC122844036	122844036	XM_044139240.1	XP_043995175.1	GCF_019740435.1_SWU_Gaff_1.0_genomic
LOC111106230	111106230	XM_022440818.1	XP_022296526.1	GCF_002022765.2_C_virginica-3.0_genomic
LOC111105812	111105812	XM_022440212.1	XP_022295920.1	GCF_002022765.2_C_virginica-3.0_genomic
LOC116676844	116676844	XM_032507686.1	XP_032363577.1	GCF_008692095.1_UIUC_Espe_1.0_genomic
LOC112569062	112569062	XM_025246724.1	XP_025102509.1	GCF_003073045.1_ASM307304v1_genomic
LOC116731769	116731769	XM_032581601.1	XP_032437492.1	GCF_003331165.1_Xiphophorus_hellerii-4.1_genomic
LOC111100586	111100586	XM_022432631.1	XP_022288339.1	GCF_002022765.2_C_virginica-3.0_genomic
LOC122553184	122553184	XM_043696772.1	XP_043552707.1	GCF_004010195.1_ASM401019v2_genomic
LOC105336663	105336663	XM_011441084.3	XP_011439386.2	GCF_902806645.1_cgigas_uk_roslin_v1_genomic
LOC105341373	105341373	XM_034474308.1	XP_034330199.1	GCF_902806645.1_cgigas_uk_roslin_v1_genomic
LOC111125448	111125448	XM_022469267.1	XP_022324975.1	GCF_002022765.2_C_virginica-3.0_genomic
LOC117378330	117378330	XM_033974919.1	XP_033830810.1	GCF_009829125.1_fPerMag1.pri_genomic
LOC102222640	102222640	XM_023344417.1	XP_023200185.1	GCF_002775205.1_X_maculatus-5.0-male_genomic
LOC104937682	104937682	XM_027286588.1	XP_027142389.1	GCF_000972845.2_L_crocea_2.0_genomic
LOC116731591	116731591	XM_032581420.1	XP_032437311.1	GCF_003331165.1_Xiphophorus_hellerii-4.1_genomic
LOC121289240	121289240	XM_041208486.1	XP_041064420.1	GCF_017639515.1_sCarCar2.pri_genomic
LOC121619527	121619527	XM_041955303.1	XP_041811237.1	GCF_017976325.1_fCheRos1.pri_genomic
LOC117738747	117738747	XM_034544844.1	XP_034400735.1	GCF_009769545.1_fCycLum1.pri_genomic
LOC119649777	119649777	XM_038052079.1	XP_037908007.1	GCF_905115235.1_iHerIll2.2.curated.20191125_genomic
LOC122631942	122631942	XM_043818222.1	XP_043674157.1	GCF_014466175.1_ASM1446617v1_genomic
LOC102222895	102222895	XM_023345313.1	XP_023201081.1	GCF_002775205.1_X_maculatus-5.0-male_genomic
LOC105334325	105334325	XM_034465632.1	XP_034321523.1	GCF_902806645.1_cgigas_uk_roslin_v1_genomic
LOC105344892	105344892	XM_034448353.1	XP_034304244.1	GCF_902806645.1_cgigas_uk_roslin_v1_genomic
LOC122864814	122864814	XM_044172496.1	XP_044028431.1	GCF_020085105.1_ASM2008510v1_genomic
LOC119503923	119503923	XM_037795960.1	XP_037651888.1	GCF_015220745.1_fSebUmb1.pri_genomic
LOC105008148	105008148	XM_029119876.2	XP_028975709.2	GCF_011004845.1_fEsoLuc1.pri_genomic
LOC114567959	114567959	XM_028597262.1	XP_028453063.1	GCF_004354835.1_PFLA_1.0_genomic
LOC115445069	115445069	XM_037441747.1	XP_037297644.1	GCF_014839805.1_JHU_Msex_v1.0_genomic
LOC120786465	120786465	XM_040121937.1	XP_039977871.1	GCF_016859285.1_ASM1685928v1_genomic
LOC101744621	101744621	XM_038010652.1	XP_037866580.1	GCF_014905235.1_Bmori_2016v1.0_genomic
LOC111125756	111125756	XM_022469842.1	XP_022325550.1	GCF_002022765.2_C_virginica-3.0_genomic
LOC121191959	121191959	XM_041053453.1	XP_040909387.1	GCF_017976425.1_fToxJac2.pri_genomic
LOC121656445	121656445	XM_042011435.1	XP_041867369.1	GCF_017639745.1_fMelBoe1.pri_genomic
LOC117321594	117321594	XM_033876065.1	XP_033731956.1	GCF_902652985.1_xPecMax1.1_genomic
LOC122860601	122860601	XM_044164491.1	XP_044020426.1	GCF_014905175.1_ASM1490517v1_genomic
LOC118423883	118423883	XM_035832197.1	XP_035688090.1	GCF_000003815.2_Bfl_VNyyK_genomic
LOC115212970	115212970	XM_029781832.2	XP_029637692.1	GCF_006345805.1_ASM634580v1_genomic
LOC114866079	114866079	XM_029167722.2	XP_029023555.1	GCF_900634795.3_fBetSpl5.3_genomic
LOC121913476	121913476	XM_042436130.1	XP_042292064.1	GCF_910596095.1_fThuMac1.1_genomic
LOC117738739	117738739	XM_034544832.1	XP_034400723.1	GCF_009769545.1_fCycLum1.pri_genomic
LOC105344864	105344864	XM_034448347.1	XP_034304238.1	GCF_902806645.1_cgigas_uk_roslin_v1_genomic
LOC115220581	115220581	XM_036510185.1	XP_036366078.1	GCF_006345805.1_ASM634580v1_genomic
LOC122970323	122970323	XM_044336455.1	XP_044192390.1	GCF_914725855.1_fThuAlb1.1_genomic
LOC114866017	114866017	XM_029167599.2	XP_029023432.2	GCF_900634795.3_fBetSpl5.3_genomic
LOC121731121	121731121	XM_042120471.1	XP_041976405.1	GCF_905147365.1_ilAriAges1.1_genomic
LOC121656447	121656447	XM_042011438.1	XP_041867372.1	GCF_017639745.1_fMelBoe1.pri_genomic
LOC109618222	109618222	XM_034468600.1	XP_034324491.1	GCF_902806645.1_cgigas_uk_roslin_v1_genomic
LOC121913478	121913478	XM_042436132.1	XP_042292066.1	GCF_910596095.1_fThuMac1.1_genomic
LOC122970324	122970324	XM_044336456.1	XP_044192391.1	GCF_914725855.1_fThuAlb1.1_genomic
LOC121913477	121913477	XM_042436131.1	XP_042292065.1	GCF_910596095.1_fThuMac1.1_genomic
LOC122843223	122843223	XM_044137818.1	XP_043993753.1	GCF_019740435.1_SWU_Gaff_1.0_genomic
LOC114567955	114567955	XM_028597255.1	XP_028453056.1	GCF_004354835.1_PFLA_1.0_genomic
LOC116046447	116046447	XM_031294792.2	XP_031150652.1	GCF_008315115.2_SLUC_FBN_1.2_genomic
Chs1	641504	NM_001039402.1	NP_001034491.1	GCF_000002335.3_Tcas5.2_genomic
LOC117770655	117770655	XM_034600308.1	XP_034456199.1	GCF_009819705.1_fHipHip1.pri_genomic
LOC123262595	123262595	XM_044724844.1	XP_044580779.1	GCF_020080835.1_MPM_Cglom_v2.3_genomic
LOC412215	412215	XM_026443737.1	XP_026299522.1	GCF_003254395.2_Amel_HAv3.1_genomic
LOC121385560	121385560	XM_041516280.1	XP_041372214.1	GCF_016097555.1_Gae_host_genome_genomic
LOC122970325	122970325	XM_044336457.1	XP_044192392.1	GCF_914725855.1_fThuAlb1.1_genomic
LOC115427839	115427839	XM_030146535.1	XP_030002395.1	GCF_902148855.1_fSphaOr1.1_genomic
LOC120637332	120637332	XM_039909127.1	XP_039765061.1	GCF_905163445.1_ilParAegt1.1_genomic
LOC120571334	120571334	XM_039820219.1	XP_039676153.1	GCF_010015445.1_GENO_Pfluv_1.0_genomic
LOC5566760	5566760	XM_001651113.2	XP_001651163.1	GCF_002204515.2_AaegL5.0_genomic
LOC115015765	115015765	XM_029443305.1	XP_029299165.1	GCF_900634415.1_fCotGob3.1_genomic
LOC118505357	118505357	XM_036041033.1	XP_035896926.1	GCF_013141755.1_UCI_ANSTEP_V1.0_genomic
LOC116676717	116676717	XM_032507623.1	XP_032363514.1	GCF_008692095.1_UIUC_Espe_1.0_genomic
LOC121589057	121589057	XM_041907627.1	XP_041763561.1	GCF_017562075.2_AmerM5.1_genomic
AgaP_AGAP001205	1281963	XM_321951.2	XP_321951.2	GCF_000005575.2_AgamP3_genomic
LOC120896104	120896104	XM_040299962.1	XP_040155896.1	GCF_016920715.1_AaraD3_genomic
LOC111129033	111129033	XM_022475090.1	XP_022330798.1	GCF_002022765.2_C_virginica-3.0_genomic
LOC117957193	117957193	XM_034892789.1	XP_034748680.1	GCF_013103735.1_CSU_Ecrag_1.0_genomic
LOC114156403	114156403	XM_028036812.1	XP_027892613.1	GCF_001444195.1_X_couchianus-1.0_genomic
LOC108603280	108603280	XM_017991943.2	XP_017847432.1	GCF_011750605.1_ASM1175060v1_genomic
LOC120786466	120786466	XM_040121938.1	XP_039977872.1	GCF_016859285.1_ASM1685928v1_genomic
LOC108716131	108716131	XM_041562786.1	XP_041418720.1	GCF_017654675.1_Xenopus_laevis_v10.1_genomic
LOC105324613	105324613	XM_011423733.3	XP_011422035.2	GCF_902806645.1_cgigas_uk_roslin_v1_genomic
LOC105194172	105194172	XM_039456629.1	XP_039312563.1	GCF_016802725.1_UNIL_Sinv_3.0_genomic
LOC116730607	116730607	XM_032579951.1	XP_032435842.1	GCF_003331165.1_Xiphophorus_hellerii-4.1_genomic
LOC111128616	111128616	XM_022474347.1	XP_022330055.1	GCF_002022765.2_C_virginica-3.0_genomic
LOC117168036	117168036	XM_033353373.1	XP_033209264.1	GCF_010883055.1_B_treatae_v1_genomic
LOC109615769	109615769	XM_034292342.1	XP_034148233.1	GCF_011004845.1_fEsoLuc1.pri_genomic
LOC105279913	105279913	XM_026971153.1	XP_026826954.1	GCF_003672135.1_Obir_v5.4_genomic
LOC111128079	111128079	XM_022473495.1	XP_022329203.1	GCF_002022765.2_C_virginica-3.0_genomic
LOC111128135	111128135	XM_022473600.1	XP_022329308.1	GCF_002022765.2_C_virginica-3.0_genomic
LOC119833013	119833013	XM_038356920.1	XP_038212848.1	GCF_012273895.1_Zerene_cesonia_1.1_genomic
LOC105831196	105831196	XM_012671177.3	XP_012526631.1	GCF_013373865.1_ASM1337386v2_genomic
LOC121958129	121958129	XM_042506999.1	XP_042362933.1	GCF_008729295.1_YSFRI_Pleo_2.0_genomic
LOC119014357	119014357	XM_037089448.1	XP_036945343.1	GCF_904848185.1_fAcaLat1.1_genomic
LOC120516438	120516438	XM_039738091.1	XP_039594025.1	GCF_016835505.1_ASM1683550v1_genomic
LOC108932680	108932680	XM_018749226.2	XP_018604742.2	GCF_900964775.1_fSclFor1.1_genomic
LOC113493500	113493500	XM_026871506.1	XP_026727307.1	GCF_003590095.1_tn1_genomic
LOC119014311	119014311	XM_037089352.1	XP_036945247.1	GCF_904848185.1_fAcaLat1.1_genomic
LOC120516624	120516624	XM_039738414.1	XP_039594348.1	GCF_016835505.1_ASM1683550v1_genomic
LOC112557502	112557502	XM_025227408.1	XP_025083193.1	GCF_003073045.1_ASM307304v1_genomic
LOC105934081	105934081	XM_036134353.1	XP_035990246.1	GCF_011125445.2_MU-UCD_Fhet_4.1_genomic
LOC105325734	105325734	XM_011425423.3	XP_011423725.2	GCF_902806645.1_cgigas_uk_roslin_v1_genomic
LOC119503515	119503515	XM_037795344.1	XP_037651272.1	GCF_015220745.1_fSebUmb1.pri_genomic
LOC105345033	105345033	XM_034464292.1	XP_034320183.1	GCF_902806645.1_cgigas_uk_roslin_v1_genomic
LOC117899175	117899175	XM_034809036.1	XP_034664927.1	GCF_008121235.1_UCBerk_Dsub_1.0_genomic
LOC118217768	118217768	XM_035399781.1	XP_035255672.1	GCF_013347855.1_fAngAng1.pri_genomic
LOC120826797	120826797	XM_040189344.1	XP_040045278.1	GCF_016920845.1_GAculeatus_UGA_version5_genomic
LOC6047547	6047547	XM_038263041.1	XP_038118969.1	GCF_015732765.1_VPISU_Cqui_1.0_pri_paternal_genomic
LOC119559876	119559876	XM_037873008.1	XP_037728936.1	GCF_014743375.2_RU_Dsub_v1.1_genomic
LOC4802475	4802475	XM_001359353.5	XP_001359390.4	GCF_009870125.1_UCI_Dpse_MV25_genomic
LOC108156158	108156158	XM_033388624.1	XP_033244515.1	GCF_003369915.1_D.miranda_PacBio2.1_genomic
LOC6050141	6050141	XM_038261667.1	XP_038117595.1	GCF_015732765.1_VPISU_Cqui_1.0_pri_paternal_genomic
LOC111113317	111113317	XM_022451497.1	XP_022307205.1	GCF_002022765.2_C_virginica-3.0_genomic
LOC6500499	6500499	XM_044714126.1	XP_044570061.1	GCF_017639315.1_ASM1763931v2_genomic
LOC108011245	108011245	XM_017076353.2	XP_016931842.2	GCF_013340165.1_LBDM_Dsuz_2.1.pri_genomic
LOC6613934	6613934	XM_032720318.1	XP_032576209.1	GCF_004382195.2_ASM438219v2_genomic
LOC117142251	117142251	XM_033306111.1	XP_033162002.1	GCF_004382145.1_ASM438214v1_genomic
LOC27207284	27207284	XM_039295550.1	XP_039151484.1	GCF_016746395.2_Prin_Dsim_3.1_genomic
Dmel_CG2666	45884	NM_169052.3	NP_730928.2	GCF_000001215.4_Release_6_plus_ISO1_MT_genomic
LOC123305798	123305798	XM_044887631.1	XP_044743566.1	GCF_905475395.1_inChrCarn1.1_genomic
LOC121958117	121958117	XM_042506989.1	XP_042362923.1	GCF_008729295.1_YSFRI_Pleo_2.0_genomic
LOC122622390	122622390	XM_043800799.1	XP_043656734.1	GCF_016746235.2_Prin_Dtei_1.1_genomic
LOC113544353	113544353	XM_034301039.1	XP_034156930.1	GCF_009078355.1_GENO_Phyp_1.0_genomic
LOC122775888	122775888	XM_044036096.1	XP_043892031.1	GCF_019176455.1_IFAPA_SoseM_1_genomic
LOC112162399	112162399	XM_024298215.2	XP_024153983.2	GCF_002922805.2_ASM292280v2_genomic
LOC122416108	122416108	XM_043428803.1	XP_043284738.1	GCF_019457755.1_ASM1945775v1_genomic
LOC120454543	120454543	XM_039639923.2	XP_039495857.1	GCF_016746245.2_Prin_Dsan_1.1_genomic
LOC100647512	100647512	XM_012313422.3	XP_012168812.1	GCF_910591885.1_iyBomTerr1.2_genomic
LOC6535398	6535398	XM_002096012.4	XP_002096048.2	GCF_016746365.2_Prin_Dyak_Tai18E2_2.1_genomic
LOC117410441	117410441	XM_034016988.1	XP_033872879.1	GCF_010645085.1_ASM1064508v1_genomic
LOC122572528	122572528	XM_043737574.1	XP_043593509.1	GCF_014825855.1_ASM1482585v1_genomic
LOC121383678	121383678	XM_041513770.1	XP_041369704.1	GCF_016097555.1_Gae_host_genome_genomic
LOC118416032	118416032	XM_035821074.1	XP_035676967.1	GCF_000003815.2_Bfl_VNyyK_genomic
LOC100118280	100118280	XM_031933531.1	XP_031789391.1	GCF_009193385.2_Nvit_psr_1.1_genomic
LOC111125341	111125341	XM_022469046.1	XP_022324754.1	GCF_002022765.2_C_virginica-3.0_genomic
LOC111046048	111046048	XM_039423632.1	XP_039279566.1	GCF_014356525.1_ASM1435652v1_genomic
LOC118468987	118468987	XM_035940397.1	XP_035796290.1	GCF_013758885.1_VT_AalbS3_pri_1.0_genomic
LOC120897708	120897708	XM_040302774.1	XP_040158708.1	GCF_016920715.1_AaraD3_genomic
LOC120826982	120826982	XM_040189633.1	XP_040045567.1	GCF_016920845.1_GAculeatus_UGA_version5_genomic
LOC121373551	121373551	XM_041500227.1	XP_041356161.1	GCF_016097555.1_Gae_host_genome_genomic
LOC120435548	120435548	XM_039605331.1	XP_039461265.1	GCF_013358895.1_ZZ_aureus_genomic
LOC114955850	114955850	XM_029332768.2	XP_029188601.2	GCF_013753865.1_Amil_v2.1_genomic
LOC120773350	120773350	XM_040102182.1	XP_039958116.1	GCF_016617805.1_CSIRO_BtryS06_freeze2_genomic
LOC117334391	117334391	XM_033893991.1	XP_033749882.1	GCF_902652985.1_xPecMax1.1_genomic
LOC120953477	120953477	XM_040373423.2	XP_040229357.1	GCF_943734685.1_AcolN3_genomic
LOC121587920	121587920	XM_041905262.1	XP_041761196.1	GCF_017562075.2_AmerM5.1_genomic
LOC100162079	100162079	XM_003247469.4	XP_003247517.1	GCF_005508785.2_pea_aphid_22Mar2018_4r6ur_v2_genomic
AgaP_AGAP001748	1281426	XM_321336.5	XP_321336.5	GCF_000005575.2_AgamP3_genomic
LOC112556673	112556673	XM_025225885.1	XP_025081670.1	GCF_003073045.1_ASM307304v1_genomic
LOC113553811	113553811	XM_026957352.1	XP_026813153.1	GCF_003676215.2_ASM367621v3_genomic
LOC117333891	117333891	XM_033893309.1	XP_033749200.1	GCF_902652985.1_xPecMax1.1_genomic
LOC5575776	5575776	XM_021849201.1	XP_021704893.1	GCF_002204515.2_AaegL5.0_genomic
LOC123312605	123312605	XM_044897124.1	XP_044753059.1	GCF_907165205.1_icCocSept1.1_genomic
LOC116046449	116046449	XM_031294795.2	XP_031150655.2	GCF_008315115.2_SLUC_FBN_1.2_genomic
LOC115788642	115788642	XM_030741766.1	XP_030597626.1	GCF_007364275.1_fArcCen1_genomic
LOC119573948	119573948	XM_037921048.1	XP_037776976.1	GCF_015228065.1_NSTDA_Pmon_1_genomic
LOC102076559	102076559	XM_019350959.2	XP_019206504.1	GCF_001858045.2_O_niloticus_UMD_NMBU_genomic
LOC115232263	115232263	XM_029802096.2	XP_029657956.2	GCF_006345805.1_ASM634580v1_genomic
LOC119159439	119159439	XM_037412196.1	XP_037268093.1	GCF_013339725.1_ASM1333972v1_genomic
LOC116975808	116975808	XM_033025030.1	XP_032880921.1	GCF_010909765.2_sAmbRad1.1.pri_genomic
LOC118505388	118505388	XM_036041099.1	XP_035896992.1	GCF_013141755.1_UCI_ANSTEP_V1.0_genomic
LOC118411184	118411184	XM_035813262.1	XP_035669155.1	GCF_000003815.2_Bfl_VNyyK_genomic
SRAE_X000035900	36383412	XM_024644694.1	XP_024510228.1	GCF_001040885.1_S_ratti_ED321_genomic
LOC121381580	121381580	XM_041510915.1	XP_041366849.1	GCF_016097555.1_Gae_host_genome_genomic
LOC119076809	119076809	XM_037183796.1	XP_037039691.1	GCF_014529535.1_BU_Bcop_v1_genomic
LOC112554501	112554501	XM_025222285.1	XP_025078070.1	GCF_003073045.1_ASM307304v1_genomic
CELE_F48A11.1	173405	NM_001313615.3	NP_001300544.1	GCF_000002985.6_WBcel235_genomic
LOC110369242	110369242	XM_036134352.1	XP_035990245.1	GCF_011125445.2_MU-UCD_Fhet_4.1_genomic
LOC121523512	121523512	XM_041808430.1	XP_041664364.1	GCF_018320785.1_ASM1832078v1_genomic
CELE_T25G3.2	172508	NM_059712.6	NP_492113.2	GCF_000002985.6_WBcel235_genomic
LOC116779467	116779467	XM_032673759.1	XP_032529650.1	GCF_009731565.1_Dplex_v4_genomic
LOC115132574	115132574	XM_029665321.1	XP_029521181.1	GCF_006149115.2_Oner_1.1_genomic
LOC105341371	105341371	XM_034474306.1	XP_034330197.1	GCF_902806645.1_cgigas_uk_roslin_v1_genomic
LOC121684882	121684882	XM_042065008.1	XP_041920942.1	GCF_018492685.1_fAloSap1.pri_genomic
LOC105343572	105343572	XM_034445402.1	XP_034301293.1	GCF_902806645.1_cgigas_uk_roslin_v1_genomic
LOC122805586	122805586	XM_044075855.1	XP_043931790.1	GCF_019279795.1_PAN1.0_genomic
LOC121656276	121656276	XM_042011298.1	XP_041867232.1	GCF_017639745.1_fMelBoe1.pri_genomic
LOC119387157	119387157	XM_037654464.2	XP_037510392.1	GCF_013339695.2_BIME_Rsan_1.4_genomic
LOC117334745	117334745	XM_033894538.1	XP_033750429.1	GCF_902652985.1_xPecMax1.1_genomic
LOC117339577	117339577	XM_033901260.1	XP_033757151.1	GCF_902652985.1_xPecMax1.1_genomic
LOC118397679	118397679	XM_035792582.1	XP_035648475.1	GCF_012931545.1_Oket_V1_genomic
LOC116353460	116353460	XM_031789226.1	XP_031645086.1	GCF_002021735.2_Okis_V2_genomic
LOC117828338	117828338	XM_034705381.1	XP_034561272.1	GCF_009762535.1_fNotCel1.pri_genomic
LOC119159440	119159440	XM_037412197.1	XP_037268094.1	GCF_013339725.1_ASM1333972v1_genomic
LOC119387159	119387159	XM_037654466.2	XP_037510394.1	GCF_013339695.2_BIME_Rsan_1.4_genomic
LOC116975809	116975809	XM_033025031.1	XP_032880922.1	GCF_010909765.2_sAmbRad1.1.pri_genomic
LOC118411188	118411188	XM_035813267.1	XP_035669160.1	GCF_000003815.2_Bfl_VNyyK_genomic
LOC105343992	105343992	XM_034445419.1	XP_034301310.1	GCF_902806645.1_cgigas_uk_roslin_v1_genomic
LOC118790082	118790082	XM_036546893.1	XP_036402786.1	GCF_013368585.1_fMegCyp1.pri_genomic
LOC117315086	117315086	XM_033869233.1	XP_033725124.1	GCF_902652985.1_xPecMax1.1_genomic
LOC115016059	115016059	XM_029443723.1	XP_029299583.1	GCF_900634415.1_fCotGob3.1_genomic
LOC116957970	116957970	XM_032980432.1	XP_032836323.1	GCF_010993605.1_kPetMar1.pri_genomic
LOC121132328	121132328	XM_040727714.1	XP_040583648.1	GCF_016086655.3_UVic_Lsal_1.2_genomic
LOC114156402	114156402	XM_028036811.1	XP_027892612.1	GCF_001444195.1_X_couchianus-1.0_genomic
LOC110487593	110487593	XM_036971006.1	XP_036826901.1	GCF_013265735.2_USDA_OmykA_1.1_genomic
LOC113544354	113544354	XM_034301321.1	XP_034157212.1	GCF_009078355.1_GENO_Phyp_1.0_genomic
LOC112554500	112554500	XM_025222284.1	XP_025078069.1	GCF_003073045.1_ASM307304v1_genomic
LOC115368369	115368369	XM_030064449.1	XP_029920309.1	GCF_902150065.1_fMyrMur1.1_genomic
LOC116765217	116765217	XM_032654633.1	XP_032510524.1	GCF_009731565.1_Dplex_v4_genomic
LOC116676714	116676714	XM_032507621.1	XP_032363512.1	GCF_008692095.1_UIUC_Espe_1.0_genomic
LOC102223149	102223149	XM_023345246.1	XP_023201014.1	GCF_002775205.1_X_maculatus-5.0-male_genomic
LOC119442526	119442526	XM_037707435.2	XP_037563363.1	GCF_013339745.2_BIME_Dsil_1.4_genomic
LOC121383677	121383677	XM_041513769.1	XP_041369703.1	GCF_016097555.1_Gae_host_genome_genomic
LOC119832062	119832062	XM_038355680.1	XP_038211608.1	GCF_012273895.1_Zerene_cesonia_1.1_genomic
LOC121731107	121731107	XM_042120460.1	XP_041976394.1	GCF_905147365.1_ilAriAges1.1_genomic
LOC122415825	122415825	XM_043428330.1	XP_043284265.1	GCF_019457755.1_ASM1945775v1_genomic
LOC119658848	119658848	XM_038066597.1	XP_037922525.1	GCF_905115235.1_iHerIll2.2.curated.20191125_genomic
LOC117322317	117322317	XM_033877171.1	XP_033733062.1	GCF_902652985.1_xPecMax1.1_genomic
LOC122864838	122864838	XM_044172540.1	XP_044028475.1	GCF_020085105.1_ASM2008510v1_genomic
LOC100884166	100884166	XM_038021720.1	XP_037877648.1	GCF_014905235.1_Bmori_2016v1.0_genomic
LOC115536030	115536030	XM_030347686.1	XP_030203546.1	GCF_902167405.1_gadMor3.0_genomic
LOC112557684	112557684	XM_025227679.1	XP_025083464.1	GCF_003073045.1_ASM307304v1_genomic
LOC117957195	117957195	XM_034892791.1	XP_034748682.1	GCF_013103735.1_CSU_Ecrag_1.0_genomic
LOC119075638	119075638	XM_037182120.1	XP_037038015.1	GCF_014529535.1_BU_Bcop_v1_genomic
LOC115454119	115454119	XM_037441746.1	XP_037297643.1	GCF_014839805.1_JHU_Msex_v1.0_genomic
LOC116975810	116975810	XM_033025033.1	XP_032880924.1	GCF_010909765.2_sAmbRad1.1.pri_genomic
LOC112557843	112557843	XM_025227921.1	XP_025083706.1	GCF_003073045.1_ASM307304v1_genomic
LOC116046445	116046445	XM_031294790.2	XP_031150650.2	GCF_008315115.2_SLUC_FBN_1.2_genomic
LOC121387284	121387284	XM_041518306.1	XP_041374240.1	GCF_016097555.1_Gae_host_genome_genomic
LOC122860847	122860847	XM_044164860.1	XP_044020795.1	GCF_014905175.1_ASM1490517v1_genomic
LOC118562043	118562043	XM_036134339.1	XP_035990232.1	GCF_011125445.2_MU-UCD_Fhet_4.1_genomic
LOC105341257	105341257	XM_034463885.1	XP_034319776.1	GCF_902806645.1_cgigas_uk_roslin_v1_genomic
LOC118403483	118403483	XM_035802206.1	XP_035658099.1	GCF_000003815.2_Bfl_VNyyK_genomic
LOC120516854	120516854	XM_039738822.1	XP_039594756.1	GCF_016835505.1_ASM1683550v1_genomic
LOC111109754	111109754	XM_022445986.1	XP_022301694.1	GCF_002022765.2_C_virginica-3.0_genomic
LOC123273041	123273041	XM_044740198.1	XP_044596133.1	GCF_020080835.1_MPM_Cglom_v2.3_genomic
LOC117318087	117318087	XM_033873088.1	XP_033728979.1	GCF_902652985.1_xPecMax1.1_genomic
si:ch211-264e16.2	563347	XM_021467779.1	XP_021323454.1	GCF_000002035.6_GRCz11_genomic
LOC120636993	120636993	XM_039908572.1	XP_039764506.1	GCF_905163445.1_ilParAegt1.1_genomic
LOC116928982	116928982	XM_032936127.2	XP_032792018.1	GCF_020631705.1_ASM2063170v1.1_genomic
LOC105333743	105333743	XM_034467623.1	XP_034323514.1	GCF_902806645.1_cgigas_uk_roslin_v1_genomic
LOC115222811	115222811	XM_029793116.2	XP_029648976.1	GCF_006345805.1_ASM634580v1_genomic
LOC117332686	117332686	XM_033891684.1	XP_033747575.1	GCF_902652985.1_xPecMax1.1_genomic
LOC118411191	118411191	XM_035813270.1	XP_035669163.1	GCF_000003815.2_Bfl_VNyyK_genomic
LOC122322916	122322916	XM_043216515.1	XP_043072450.1	GCF_018831695.1_ASM1883169v1_genomic
LOC121387244	121387244	XM_041518269.1	XP_041374203.1	GCF_016097555.1_Gae_host_genome_genomic
LOC111112966	111112966	XM_022450864.1	XP_022306572.1	GCF_002022765.2_C_virginica-3.0_genomic
LOC116957979	116957979	XM_032980441.1	XP_032836332.1	GCF_010993605.1_kPetMar1.pri_genomic
LOC122843222	122843222	XM_044137817.1	XP_043993752.1	GCF_019740435.1_SWU_Gaff_1.0_genomic
LOC105317566	105317566	XM_034444774.1	XP_034300665.1	GCF_902806645.1_cgigas_uk_roslin_v1_genomic
Chs2	641505	NM_001039403.1	NP_001034492.1	GCF_000002335.3_Tcas5.2_genomic
LOC117317766	117317766	XM_033872693.1	XP_033728584.1	GCF_902652985.1_xPecMax1.1_genomic
LOC105343573	105343573	XM_034445405.1	XP_034301296.1	GCF_902806645.1_cgigas_uk_roslin_v1_genomic
si:ch211-264e16.2	113590569	XM_035525455.1	XP_035381348.1	GCF_013358815.1_fEleEle1.pri_genomic
si:ch211-264e16.2	121723557	XM_042109337.1	XP_041965271.1	GCF_018492685.1_fAloSap1.pri_genomic
LOC111125340	111125340	XM_022469045.1	XP_022324753.1	GCF_002022765.2_C_virginica-3.0_genomic
LOC112572606	112572606	XM_025252359.1	XP_025108144.1	GCF_003073045.1_ASM307304v1_genomic
LOC725284	725284	XM_016911959.2	XP_016767448.1	GCF_003254395.2_Amel_HAv3.1_genomic
LOC122950046	122950046	XM_044310161.1	XP_044166096.1	GCF_013753865.1_Amil_v2.1_genomic
LOC120778564	120778564	XM_040110429.1	XP_039966363.1	GCF_016617805.1_CSIRO_BtryS06_freeze2_genomic
LOC116957977	116957977	XM_032980439.1	XP_032836330.1	GCF_010993605.1_kPetMar1.pri_genomic
LOC105947355	105947355	XM_031902944.1	XP_031758804.1	GCF_000004195.4_UCB_Xtro_10.0_genomic
LOC115368050	115368050	XM_030064010.1	XP_029919870.1	GCF_902150065.1_fMyrMur1.1_genomic
LOC114963732	114963732	XM_029342959.2	XP_029198792.2	GCF_013753865.1_Amil_v2.1_genomic
LOC105341274	105341274	XM_034464288.1	XP_034320179.1	GCF_902806645.1_cgigas_uk_roslin_v1_genomic
LOC105317494	105317494	XM_034481438.1	XP_034337329.1	GCF_902806645.1_cgigas_uk_roslin_v1_genomic
LOC118217711	118217711	XM_035399690.1	XP_035255581.1	GCF_013347855.1_fAngAng1.pri_genomic
LOC108717413	108717413	XM_018264670.2	XP_018120159.2	GCF_017654675.1_Xenopus_laevis_v10.1_genomic
LOC117688688	117688688	XM_034466894.1	XP_034322785.1	GCF_902806645.1_cgigas_uk_roslin_v1_genomic
LOC102079794	102079794	XM_019351043.2	XP_019206588.1	GCF_001858045.2_O_niloticus_UMD_NMBU_genomic
LOC123313116	123313116	XM_044897836.1	XP_044753771.1	GCF_907165205.1_icCocSept1.1_genomic
LOC114839362	114839362	XM_029120052.2	XP_028975885.1	GCF_011004845.1_fEsoLuc1.pri_genomic
LOC113534703	113534703	XM_034305366.1	XP_034161257.1	GCF_009078355.1_GENO_Phyp_1.0_genomic
LOC117321593	117321593	XM_033876063.1	XP_033731954.1	GCF_902652985.1_xPecMax1.1_genomic
LOC109620632	109620632	XM_034445406.1	XP_034301297.1	GCF_902806645.1_cgigas_uk_roslin_v1_genomic
LOC120448641	120448641	XM_039630768.2	XP_039486702.1	GCF_016746245.2_Prin_Dsan_1.1_genomic
LOC105317562	105317562	XM_034444704.1	XP_034300595.1	GCF_902806645.1_cgigas_uk_roslin_v1_genomic
LOC111129035	111129035	XM_022475092.1	XP_022330800.1	GCF_002022765.2_C_virginica-3.0_genomic
LOC120026803	120026803	XM_038971518.1	XP_038827446.1	GCF_016432855.1_SaNama_1.0_genomic
LOC116320893	116320893	XM_039605158.1	XP_039461092.1	GCF_013358895.1_ZZ_aureus_genomic
LOC113534702	113534702	XM_034305367.1	XP_034161258.1	GCF_009078355.1_GENO_Phyp_1.0_genomic
chs1	117439229	XM_034075042.1	XP_033930933.1	GCF_902827115.1_fPseGeo1.1_genomic
LOC120571333	120571333	XM_039820218.1	XP_039676152.1	GCF_010015445.1_GENO_Pfluv_1.0_genomic
LOC117894305	117894305	XM_034801272.1	XP_034657163.1	GCF_008121235.1_UCBerk_Dsub_1.0_genomic
LOC103393822	103393822	XM_025064994.1	XP_024920762.1	GCF_000523025.1_Cse_v1.0_genomic
LOC117263440	117263440	XM_033636760.1	XP_033492651.1	GCF_005281545.1_ASM528154v1_genomic
LOC121387878	121387878	XM_041519112.1	XP_041375046.1	GCF_016097555.1_Gae_host_genome_genomic
LOC111125342	111125342	XM_022469048.1	XP_022324756.1	GCF_002022765.2_C_virginica-3.0_genomic
LOC118421163	118421163	XM_035828323.1	XP_035684216.1	GCF_000003815.2_Bfl_VNyyK_genomic
LOC119077579	119077579	XM_037184789.1	XP_037040684.1	GCF_014529535.1_BU_Bcop_v1_genomic
LOC115826702	115826702	XM_030790587.1	XP_030646447.1	GCF_902362185.1_fChaCha1.1_genomic
LOC26535990	26535990	XM_039374855.2	XP_039230789.1	GCF_016746365.2_Prin_Dyak_Tai18E2_2.1_genomic
si:ch211-264e16.1	101886093	XM_021467778.1	XP_021323453.1	GCF_000002035.6_GRCz11_genomic
LOC121387679	121387679	XM_041518871.1	XP_041374805.1	GCF_016097555.1_Gae_host_genome_genomic
LOC122615987	122615987	XM_043791196.1	XP_043647131.1	GCF_016746235.2_Prin_Dtei_1.1_genomic
LOC118217922	118217922	XM_035400153.1	XP_035256044.1	GCF_013347855.1_fAngAng1.pri_genomic
LOC109109340	109109340	XM_042743614.1	XP_042599548.1	GCF_018340385.1_ASM1834038v1_genomic
LOC117263027	117263027	XM_033636165.1	XP_033492056.1	GCF_005281545.1_ASM528154v1_genomic
LOC115409757	115409757	XM_030121032.1	XP_029976892.1	GCF_902148845.1_fSalaFa1.1_genomic
LOC117403181	117403181	XM_034921461.1	XP_034777352.1	GCF_010645085.1_ASM1064508v1_genomic
chs1	120556163	XM_039795575.1	XP_039651509.1	GCF_010015445.1_GENO_Pfluv_1.0_genomic
LOC113493499	113493499	XM_026871505.1	XP_026727306.1	GCF_003590095.1_tn1_genomic
LOC122786088	122786088	XM_044052111.1	XP_043908046.1	GCF_019176455.1_IFAPA_SoseM_1_genomic
LOC6616529	6616529	XM_032718962.1	XP_032574853.1	GCF_004382195.2_ASM438219v2_genomic
LOC118421304	118421304	XM_035828537.1	XP_035684430.1	GCF_000003815.2_Bfl_VNyyK_genomic
LOC121387901	121387901	XM_041519129.1	XP_041375063.1	GCF_016097555.1_Gae_host_genome_genomic
LOC119442525	119442525	XM_037707434.2	XP_037563362.1	GCF_013339745.2_BIME_Dsil_1.4_genomic
LOC117183057	117183057	XM_033376212.1	XP_033232103.1	GCF_010883055.1_B_treatae_v1_genomic
LOC111109745	111109745	XM_022445972.1	XP_022301680.1	GCF_002022765.2_C_virginica-3.0_genomic
LOC105279720	105279720	XM_011339671.3	XP_011337973.1	GCF_003672135.1_Obir_v5.4_genomic
LOC115826699	115826699	XM_030790583.1	XP_030646443.1	GCF_902362185.1_fChaCha1.1_genomic
LOC116957730	116957730	XM_032980056.1	XP_032835947.1	GCF_010993605.1_kPetMar1.pri_genomic
LOC115223107	115223107	XM_036512213.1	XP_036368106.1	GCF_006345805.1_ASM634580v1_genomic
LOC114558649	114558649	XM_028582750.1	XP_028438551.1	GCF_004354835.1_PFLA_1.0_genomic
SRAE_2000019300	36377878	XM_024650992.1	XP_024504714.1	GCF_001040885.1_S_ratti_ED321_genomic
LOC100118136	100118136	XM_008216900.4	XP_008215122.2	GCF_009193385.2_Nvit_psr_1.1_genomic
LOC112233133	112233133	XM_024400543.2	XP_024256311.1	GCF_018296145.1_Otsh_v2.0_genomic
LOC111125208	111125208	XM_022468765.1	XP_022324473.1	GCF_002022765.2_C_virginica-3.0_genomic
chs1	121510857	XM_041789152.1	XP_041645086.1	GCF_018320785.1_ASM1832078v1_genomic
LOC117141352	117141352	XM_033304757.1	XP_033160648.1	GCF_004382145.1_ASM438214v1_genomic
LOC115826704	115826704	XM_030790588.1	XP_030646448.1	GCF_902362185.1_fChaCha1.1_genomic
LOC6739087	6739087	XM_016171921.3	XP_016032928.2	GCF_016746395.2_Prin_Dsim_3.1_genomic
Dmel_CG7464	40442	NM_001144525.2	NP_001137997.2	GCF_000001215.4_Release_6_plus_ISO1_MT_genomic
LOC6493805	6493805	XM_001958437.4	XP_001958473.1	GCF_017639315.1_ASM1763931v2_genomic
LOC121387734	121387734	XM_041518931.1	XP_041374865.1	GCF_016097555.1_Gae_host_genome_genomic
LOC115826700	115826700	XM_030790584.1	XP_030646444.1	GCF_902362185.1_fChaCha1.1_genomic
LOC105199598	105199598	XM_039456370.1	XP_039312304.1	GCF_016802725.1_UNIL_Sinv_3.0_genomic
LOC115220481	115220481	XM_029790613.2	XP_029646473.1	GCF_006345805.1_ASM634580v1_genomic
chs1	122772131	XM_044029836.1	XP_043885771.1	GCF_019176455.1_IFAPA_SoseM_1_genomic
LOC121388222	121388222	XM_041519492.1	XP_041375426.1	GCF_016097555.1_Gae_host_genome_genomic
chs1	116060549	XM_031314170.2	XP_031170030.1	GCF_008315115.2_SLUC_FBN_1.2_genomic
LOC121523511	121523511	XM_041808429.1	XP_041664363.1	GCF_018320785.1_ASM1832078v1_genomic
LOC119554438	119554438	XM_037865348.1	XP_037721276.1	GCF_014743375.2_RU_Dsub_v1.1_genomic
LOC118421190	118421190	XM_035828351.1	XP_035684244.1	GCF_000003815.2_Bfl_VNyyK_genomic
LOC105836116	105836116	XM_012679938.3	XP_012535392.1	GCF_013373865.1_ASM1337386v2_genomic
chs1	105919766	XM_012855153.3	XP_012710607.2	GCF_011125445.2_MU-UCD_Fhet_4.1_genomic
LOC115390838	115390838	XM_030094864.1	XP_029950724.1	GCF_902148845.1_fSalaFa1.1_genomic
chs1	120516948	XM_039738987.1	XP_039594921.1	GCF_016835505.1_ASM1683550v1_genomic
LOC122322915	122322915	XM_043216514.1	XP_043072449.1	GCF_018831695.1_ASM1883169v1_genomic
LOC117403183	117403183	XM_034005185.1	XP_033861076.1	GCF_010645085.1_ASM1064508v1_genomic
LOC121373041	121373041	XM_041499484.1	XP_041355418.1	GCF_016097555.1_Gae_host_genome_genomic
si:ch211-264e16.2	108430366	XM_037540174.1	XP_037396071.1	GCF_015220715.1_fPygNat1.pri_genomic
LOC118411175	118411175	XM_035813252.1	XP_035669145.1	GCF_000003815.2_Bfl_VNyyK_genomic
LOC108007770	108007770	XM_017071527.2	XP_016927016.2	GCF_013340165.1_LBDM_Dsuz_2.1.pri_genomic
chs1	121636839	XM_041980670.1	XP_041836604.1	GCF_017639745.1_fMelBoe1.pri_genomic
chs1	113544352	XM_026943138.2	XP_026798939.2	GCF_009078355.1_GENO_Phyp_1.0_genomic
LOC115028502	115028502	XM_029462320.1	XP_029318180.1	GCF_900634415.1_fCotGob3.1_genomic
chs1	105021342	XM_010888941.3	XP_010887243.2	GCF_011004845.1_fEsoLuc1.pri_genomic
chs1	122842630	XM_044136681.1	XP_043992616.1	GCF_019740435.1_SWU_Gaff_1.0_genomic
LOC120815103	120815103	XM_040170127.1	XP_040026061.1	GCF_016920845.1_GAculeatus_UGA_version5_genomic
LOC111968120	111968120	XM_023993675.1	XP_023849443.1	GCF_002910315.2_ASM291031v2_genomic
LOC118411180	118411180	XM_035813257.1	XP_035669150.1	GCF_000003815.2_Bfl_VNyyK_genomic
LOC115417195	115417195	XM_030131202.1	XP_029987062.1	GCF_902148855.1_fSphaOr1.1_genomic
LOC120029384	120029384	XM_038974608.1	XP_038830536.1	GCF_016432855.1_SaNama_1.0_genomic
LOC112554551	112554551	XM_025222360.1	XP_025078145.1	GCF_003073045.1_ASM307304v1_genomic
chs1	108237357	XM_017418718.3	XP_017274207.1	GCF_001649575.2_ASM164957v2_genomic
chs1	120790809	XM_040128681.1	XP_039984615.1	GCF_016859285.1_ASM1685928v1_genomic
LOC115223289	115223289	XM_029793797.2	XP_029649657.1	GCF_006345805.1_ASM634580v1_genomic
chs1	117386407	XM_033983765.1	XP_033839656.1	GCF_009829125.1_fPerMag1.pri_genomic
LOC112224653	112224653	XM_024388339.2	XP_024244107.1	GCF_018296145.1_Otsh_v2.0_genomic
LOC109889451	109889451	XM_020480885.2	XP_020336474.1	GCF_002021735.2_Okis_V2_genomic
LOC115788476	115788476	XM_030741512.1	XP_030597372.1	GCF_007364275.1_fArcCen1_genomic
chs1	121182352	XM_041038810.1	XP_040894744.1	GCF_017976425.1_fToxJac2.pri_genomic
LOC115113025	115113025	XM_029640210.1	XP_029496070.1	GCF_006149115.2_Oner_1.1_genomic
chs1	322468	XM_009307025.3	XP_009305300.1	GCF_000002035.6_GRCz11_genomic
LOC118402750	118402750	XM_035800958.1	XP_035656851.1	GCF_012931545.1_Oket_V1_genomic
LOC113061225	113061225	XM_026230264.1	XP_026086049.1	GCF_003368295.1_ASM336829v1_genomic
LOC115144422	115144422	XM_029685464.1	XP_029541324.1	GCF_006149115.2_Oner_1.1_genomic
LOC118398210	118398210	XM_035793327.1	XP_035649220.1	GCF_012931545.1_Oket_V1_genomic
LOC118405094	118405094	XM_035804495.1	XP_035660388.1	GCF_000003815.2_Bfl_VNyyK_genomic
LOC110502717	110502717	XM_021580969.2	XP_021436644.1	GCF_013265735.2_USDA_OmykA_1.1_genomic
LOC112257120	112257120	XM_024430690.1	XP_024286458.1	GCF_018296145.1_Otsh_v2.0_genomic
LOC110499397	110499397	XM_021576519.2	XP_021432194.2	GCF_013265735.2_USDA_OmykA_1.1_genomic
LOC114142915	114142915	XM_028014488.1	XP_027870289.1	GCF_001444195.1_X_couchianus-1.0_genomic
LOC119191992	119191992	XM_037445847.1	XP_037301744.1	GCF_014839805.1_JHU_Msex_v1.0_genomic
chs1	122876014	XM_044195815.1	XP_044051750.1	GCF_020085105.1_ASM2008510v1_genomic
LOC116956923	116956923	XM_032978809.1	XP_032834700.1	GCF_010993605.1_kPetMar1.pri_genomic
LOC108932744	108932744	XM_018749311.1	XP_018604827.1	GCF_900964775.1_fSclFor1.1_genomic
LOC121387283	121387283	XM_041518305.1	XP_041374239.1	GCF_016097555.1_Gae_host_genome_genomic
LOC113061526	113061526	XM_026230691.1	XP_026086476.1	GCF_003368295.1_ASM336829v1_genomic
LOC120045934	120045934	XM_038990860.1	XP_038846788.1	GCF_016432855.1_SaNama_1.0_genomic
LOC102216714	102216714	XM_023332159.1	XP_023187927.1	GCF_002775205.1_X_maculatus-5.0-male_genomic
LOC105911525	105911525	XM_031579313.2	XP_031435173.2	GCF_900700415.2_Ch_v2.0.2_genomic
LOC111978084	111978084	XM_024007882.1	XP_023863650.1	GCF_002910315.2_ASM291031v2_genomic
LOC105006110	105006110	XM_020046310.1	XP_019901869.1	GCF_011004845.1_fEsoLuc1.pri_genomic
chs1	117260138	XM_033632036.1	XP_033487927.1	GCF_005281545.1_ASM528154v1_genomic
LOC121367219	121367219	XM_041491329.1	XP_041347263.1	GCF_016097555.1_Gae_host_genome_genomic
LOC121575296	121575296	XM_041888298.1	XP_041744232.1	GCF_020615455.1_ASM2061545v1_genomic
LOC113061218	113061218	XM_026230259.1	XP_026086044.1	GCF_003368295.1_ASM336829v1_genomic
LOC109898911	109898911	XM_031835443.1	XP_031691303.1	GCF_002021735.2_Okis_V2_genomic
chs1	122979572	XM_044347126.1	XP_044203061.1	GCF_914725855.1_fThuAlb1.1_genomic
chs1	121896666	XM_042410578.1	XP_042266512.1	GCF_910596095.1_fThuMac1.1_genomic
LOC121387301	121387301	XM_041518323.1	XP_041374257.1	GCF_016097555.1_Gae_host_genome_genomic
chs1	119478609	XM_037753451.1	XP_037609379.1	GCF_015220745.1_fSebUmb1.pri_genomic
LOC122566151	122566151	XM_043722999.1	XP_043578934.1	GCF_014825855.1_ASM1482585v1_genomic
chs1	121944120	XM_042487807.1	XP_042343741.1	GCF_008729295.1_YSFRI_Pleo_2.0_genomic
LOC105357250	105357250	XM_011492129.3	XP_011490431.1	GCF_002234675.1_ASM223467v1_genomic
LOC111111926	111111926	XM_022449117.1	XP_022304825.1	GCF_002022765.2_C_virginica-3.0_genomic
chs1	114852362	XM_029144706.1	XP_029000539.1	GCF_900634795.3_fBetSpl5.3_genomic
LOC115232141	115232141	XM_036500273.1	XP_036356166.1	GCF_006345805.1_ASM634580v1_genomic
LOC118770740	118770740	XM_036518504.1	XP_036374397.1	GCF_013368585.1_fMegCyp1.pri_genomic
LOC105337412	105337412	XM_011442121.3	XP_011440423.3	GCF_902806645.1_cgigas_uk_roslin_v1_genomic
LOC117403045	117403045	XM_034004902.1	XP_033860793.1	GCF_010645085.1_ASM1064508v1_genomic
LOC100185238	100185238	XM_002127383.4	XP_002127419.2	GCF_000224145.3_KH_genomic
chs1	118790243	XM_036547146.1	XP_036403039.1	GCF_013368585.1_fMegCyp1.pri_genomic
si:ch211-264e16.2	116219032	XM_031561916.2	XP_031417776.2	GCF_900700415.2_Ch_v2.0.2_genomic
chs1	112160399	XM_024294878.2	XP_024150646.1	GCF_002922805.2_ASM292280v2_genomic
chs1	119120300	XM_037247069.1	XP_037102964.1	GCF_901709675.1_fSynAcu1.2_genomic
LOC109614626	109614626	XM_029120054.2	XP_028975887.2	GCF_011004845.1_fEsoLuc1.pri_genomic
LOC113113123	113113123	XM_026279304.1	XP_026135089.1	GCF_003368295.1_ASM336829v1_genomic
LOC108599955	108599955	XM_017987206.2	XP_017842695.2	GCF_011750605.1_ASM1175060v1_genomic
LOC113061527	113061527	XM_026230692.1	XP_026086477.1	GCF_003368295.1_ASM336829v1_genomic
si:ch211-219a15.4	563138	XM_017352058.2	XP_017207547.2	GCF_000002035.6_GRCz11_genomic
LOC112564043	112564043	XM_025238609.1	XP_025094394.1	GCF_003073045.1_ASM307304v1_genomic
LOC103462893	103462893	XM_017303878.1	XP_017159367.1	GCF_000633615.1_Guppy_female_1.0_MT_genomic
LOC121119602	121119602	XM_040714308.1	XP_040570242.1	GCF_016086655.3_UVic_Lsal_1.2_genomic
LOC109057455	109057455	XM_042768375.1	XP_042624309.1	GCF_018340385.1_ASM1834038v1_genomic
LOC121387874	121387874	XM_041519106.1	XP_041375040.1	GCF_016097555.1_Gae_host_genome_genomic
chs1	105911527	XM_031579353.2	XP_031435213.1	GCF_900700415.2_Ch_v2.0.2_genomic
LOC108150988	108150988	XM_017279337.2	XP_017134826.1	GCF_003369915.1_D.miranda_PacBio2.1_genomic
LOC118765089	118765089	XM_036506554.1	XP_036362447.1	GCF_006345805.1_ASM634580v1_genomic
chs1	117526535	XM_034188600.1	XP_034044491.1	GCF_902500255.1_fThaAma1.1_genomic
chs1	119017998	XM_037095277.1	XP_036951172.1	GCF_904848185.1_fAcaLat1.1_genomic
LOC4812360	4812360	XM_001352845.4	XP_001352881.4	GCF_009870125.1_UCI_Dpse_MV25_genomic
chs1	120833414	XM_040200509.1	XP_040056443.1	GCF_016920845.1_GAculeatus_UGA_version5_genomic
chs1	117757105	XM_034577881.1	XP_034433772.1	GCF_009819705.1_fHipHip1.pri_genomic
LOC118765021	118765021	XM_036506270.1	XP_036362163.1	GCF_006345805.1_ASM634580v1_genomic
LOC118421164	118421164	XM_035828325.1	XP_035684218.1	GCF_000003815.2_Bfl_VNyyK_genomic
LOC118432263	118432263	XM_035843798.1	XP_035699691.1	GCF_000003815.2_Bfl_VNyyK_genomic
LOC121316646	121316646	XM_041251687.1	XP_041107621.1	GCF_017654505.1_ASM1765450v1_genomic
LOC115231246	115231246	XM_036500001.1	XP_036355894.1	GCF_006345805.1_ASM634580v1_genomic
LOC115774996	115774996	XM_030722467.1	XP_030578327.1	GCF_007364275.1_fArcCen1_genomic
LOC116692741	116692741	XM_032521240.1	XP_032377131.1	GCF_008692095.1_UIUC_Espe_1.0_genomic
LOC121316387	121316387	XM_041251465.1	XP_041107399.1	GCF_017654505.1_ASM1765450v1_genomic
LOC107079351	107079351	XM_015362740.1	XP_015218226.1	GCF_000242695.1_LepOcu1_genomic
chs1	117948050	XM_034877497.1	XP_034733388.1	GCF_013103735.1_CSU_Ecrag_1.0_genomic
LOC106024314	106024314	XM_020046419.2	XP_019901978.2	GCF_011004845.1_fEsoLuc1.pri_genomic
LOC116718360	116718360	XM_032560226.1	XP_032416117.1	GCF_003331165.1_Xiphophorus_hellerii-4.1_genomic
LOC107381858	107381858	XM_015953776.1	XP_015809262.1	GCF_001465895.1_Nfu_20140520_genomic
LOC108242631	108242631	XM_017427593.3	XP_017283082.2	GCF_001649575.2_ASM164957v2_genomic
LOC115409756	115409756	XM_030121031.1	XP_029976891.1	GCF_902148845.1_fSalaFa1.1_genomic
chs1	117810478	XM_034680325.1	XP_034536216.1	GCF_009762535.1_fNotCel1.pri_genomic
LOC121380520	121380520	XM_041509363.1	XP_041365297.1	GCF_016097555.1_Gae_host_genome_genomic
LOC112563113	112563113	XM_025236863.1	XP_025092648.1	GCF_003073045.1_ASM307304v1_genomic
LOC115229098	115229098	XM_029799518.2	XP_029655378.2	GCF_006345805.1_ASM634580v1_genomic
LOC117344218	117344218	XM_033906889.1	XP_033762780.1	GCF_902652985.1_xPecMax1.1_genomic
LOC115558406	115558406	XM_030376500.1	XP_030232360.1	GCF_902167405.1_gadMor3.0_genomic
LOC101477217	101477217	XM_023152231.2	XP_023007999.2	GCF_000238955.4_M_zebra_UMD2a_genomic
LOC100737755	100737755	XM_021088980.1	XP_020944639.1	GCF_000003025.6_Sscrofa11.1_genomic
chs1	108443830	XM_017724696.2	XP_017580185.1	GCF_015220715.1_fPygNat1.pri_genomic
LOC118220348	118220348	XM_035404219.1	XP_035260110.1	GCF_013347855.1_fAngAng1.pri_genomic
LOC102076176	102076176	XM_019359330.1	XP_019214875.1	GCF_001858045.2_O_niloticus_UMD_NMBU_genomic
chs1	118217921	XM_035400152.1	XP_035256043.1	GCF_013347855.1_fAngAng1.pri_genomic
chs1	121684799	XM_042064881.1	XP_041920815.1	GCF_018492685.1_fAloSap1.pri_genomic
LOC108242624	108242624	XM_037975743.1	XP_037831671.1	GCF_001649575.2_ASM164957v2_genomic
LOC115810381	115810381	XM_030772313.1	XP_030628173.1	GCF_902362185.1_fChaCha1.1_genomic
LOC117411266	117411266	XM_034018553.2	XP_033874444.1	GCF_010645085.1_ASM1064508v1_genomic
LOC115216819	115216819	XM_036506556.1	XP_036362449.1	GCF_006345805.1_ASM634580v1_genomic
chs1	116321801	XM_031741751.2	XP_031597611.1	GCF_013358895.1_ZZ_aureus_genomic
LOC104938844	104938844	XM_019254286.2	XP_019109831.1	GCF_000972845.2_L_crocea_2.0_genomic
chs1	122356431	XM_043255132.1	XP_043111067.1	GCF_018831695.1_ASM1883169v1_genomic
has3	117372919	XM_033968797.1	XP_033824688.1	GCF_009829125.1_fPerMag1.pri_genomic
HAS3	120917733	XM_040329216.1	XP_040185150.1	GCF_905171775.1_aRanTem1.1_genomic
LOC109054297	109054297	XM_042736191.1	XP_042592125.1	GCF_018340385.1_ASM1834038v1_genomic
LOC113057339	113057339	XM_026224704.1	XP_026080489.1	GCF_003368295.1_ASM336829v1_genomic
has2	120515904	XM_039737271.1	XP_039593205.1	GCF_016835505.1_ASM1683550v1_genomic
chs1	117751637	XM_034563578.1	XP_034419469.1	GCF_009769545.1_fCycLum1.pri_genomic
has3	101487664	XM_004556207.1	XP_004556264.1	GCF_000238955.4_M_zebra_UMD2a_genomic
LOC122423949	122423949	XM_043441507.1	XP_043297442.1	GCF_019320065.1_ASM1932006v1_genomic
LOC119425527	119425527	XM_037693054.1	XP_037548982.1	GCF_014905685.2_NemWhi1_genomic
LOC112577619	112577619	XM_025283296.2	XP_025139081.1	GCF_019923935.1_NDDB_SH_1_genomic
Has2	101989564	XM_005354601.2	XP_005354658.1	GCF_000317375.1_MicOch1.0_genomic
LOC105611231	105611231	XM_042247508.1	XP_042103442.1	GCF_016772045.1_ARS-UI_Ramb_v2.0_genomic
HAS2	105859519	XM_012743342.1	XP_012598796.1	GCF_000165445.2_Mmur_3.0_genomic
LOC122680725	122680725	XM_043882376.1	XP_043738311.1	GCF_910594005.1_mCerEla1.1_genomic
Has2	119823539	XM_038343606.1	XP_038199534.1	GCF_903992535.2_mArvAmp1.2_genomic
has3	117814610	XM_034686058.1	XP_034541949.1	GCF_009762535.1_fNotCel1.pri_genomic
HAS2	100008626	NM_001082010.1	NP_001075479.1	GCF_000003625.3_OryCun2.0_genomic
Has2_2	100751055	XM_027431680.2	XP_027287481.1	GCF_003668045.3_CriGri-PICRH-1.0_genomic
has3	115550697	XM_030365963.1	XP_030221823.1	GCF_902167405.1_gadMor3.0_genomic
HAS2	101517221	XM_004580705.2	XP_004580762.1	GCF_014633375.1_OchPri4.0_genomic
Has2	25694	NM_013153.2	NP_037285.1	GCF_015227675.2_mRatBN7.2_genomic
Has2	116890097	XM_032890846.1	XP_032746737.1	GCF_011064425.1_Rrattus_CSIRO_v1_genomic
has3	117515019	XM_034175572.1	XP_034031463.1	GCF_902500255.1_fThaAma1.1_genomic
has3	115781333	XM_030730963.1	XP_030586823.1	GCF_007364275.1_fArcCen1_genomic
has3	121950644	XM_042496716.1	XP_042352650.1	GCF_008729295.1_YSFRI_Pleo_2.0_genomic
Has2	15117	NM_008216.3	NP_032242.3	GCF_000001635.27_GRCm39_genomic
Has2	102920842	XM_006982381.2	XP_006982443.1	GCF_003704035.1_HU_Pman_2.1.3_genomic
Has2	110310674	XM_021183791.1	XP_021039450.1	GCF_900094665.1_CAROLI_EIJ_v1.1_genomic
Has2	114694830	XM_028871903.2	XP_028727736.1	GCF_004664715.2_UCI_PerLeu_2.1_genomic
Has2	116082212	XM_031359063.1	XP_031214923.1	GCF_008632895.1_UCSF_Mcou_1_genomic
Has2	117719124	XM_034517236.1	XP_034373127.1	GCF_011762505.1_mArvNil1.pat.X_genomic
Has2	118597263	XM_036208671.1	XP_036064564.1	GCF_903995425.1_mOncTor1.1_genomic
Has2	110334723	XM_021216584.2	XP_021072243.1	GCF_900095145.1_PAHARI_EIJ_v1.1_genomic
Has2	101967233	XM_005316195.3	XP_005316252.1	GCF_016881025.1_HiC_Itri_2_genomic
LOC120812823	120812823	XM_040169036.1	XP_040024970.1	GCF_016920845.1_GAculeatus_UGA_version5_genomic
LOC115782339	115782339	XM_030732471.1	XP_030588331.1	GCF_007364275.1_fArcCen1_genomic
has3	116330991	XM_031753485.2	XP_031609345.1	GCF_013358895.1_ZZ_aureus_genomic
LOC120809645	120809645	XM_040163609.1	XP_040019543.1	GCF_016920845.1_GAculeatus_UGA_version5_genomic
has3	100692993	XM_003449190.5	XP_003449238.1	GCF_001858045.2_O_niloticus_UMD_NMBU_genomic
HAS3	114602088	XM_028739894.1	XP_028595727.1	GCF_004329235.1_PodMur_1.0_genomic
has3	115360908	XM_030054090.1	XP_029909950.1	GCF_902150065.1_fMyrMur1.1_genomic
HAS3	114515501	XM_028534772.2	XP_028390573.1	GCF_004126475.2_mPhyDis1.pri.v3_genomic
HAS2	3037	NM_005328.3	NP_005319.1	GCF_000001405.40_GRCh38.p14_genomic
HAS2	703353	XM_001098841.4	XP_001098841.1	GCF_003339765.1_Mmul_10_genomic
HAS2	100398661	XM_002759268.5	XP_002759314.1	GCF_009663435.1_Callithrix_jacchus_cj1700_1.1_genomic
HAS2	100603930	XM_003256164.4	XP_003256212.1	GCF_006542625.1_Asia_NLE_v1_genomic
HAS2	102131327	XM_005564005.3	XP_005564062.1	GCF_012559485.2_MFA1912RKSv2_genomic
HAS2	104676637	XM_010381518.2	XP_010379820.1	GCF_007565055.1_ASM756505v1_genomic
HAS2	111549871	XM_023223072.1	XP_023078840.1	GCF_002776525.4_ASM277652v4_genomic
HAS2	100443159	XM_024251434.1	XP_024107202.1	GCF_002880775.1_Susie_PABv2_genomic
HAS2	472850	XM_024345267.1	XP_024201035.1	GCF_002880755.1_Clint_PTRv2_genomic
HAS2	112630289	XM_025394490.1	XP_025250275.1	GCF_003255815.1_Tgel_1.0_genomic
HAS2	109025003	XM_031013564.1	XP_030869424.1	GCF_008122165.1_Kamilah_GGO_v0_genomic
HAS3	119934832	XM_038754372.1	XP_038610300.1	GCF_015852505.1_mTacAcu1.pri_genomic
HAS3	117051037	XM_033157072.1	XP_033012963.1	GCF_009819535.1_rLacAgi1.pri_genomic
has3	122362517	XM_043264004.1	XP_043119939.1	GCF_018831695.1_ASM1883169v1_genomic
LOC114845076	114845076	XM_029132880.1	XP_028988713.1	GCF_900634795.3_fBetSpl5.3_genomic
has3	114857114	XM_029153282.2	XP_029009115.1	GCF_900634795.3_fBetSpl5.3_genomic
has3	121182150	XM_041038506.1	XP_040894440.1	GCF_017976425.1_fToxJac2.pri_genomic
HAS2	119509124	XM_037802981.1	XP_037658909.1	GCF_015220235.1_mChoDid1.pri_genomic
has3	102690710	XM_006641166.2	XP_006641229.1	GCF_000242695.1_LepOcu1_genomic
has3	121515425	XM_041796187.1	XP_041652121.1	GCF_018320785.1_ASM1832078v1_genomic
has3	120793407	XM_040133479.1	XP_039989413.1	GCF_016859285.1_ASM1685928v1_genomic
has3	112152616	XM_024282298.2	XP_024138066.1	GCF_002922805.2_ASM292280v2_genomic
HAS3	118086337	XM_035117832.1	XP_034973723.1	GCF_011800845.1_UG_Zviv_1_genomic
Has3_1	100757895	XM_035442653.1	XP_035298544.1	GCF_003668045.3_CriGri-PICRH-1.0_genomic
has3	119486678	XM_037766973.1	XP_037622901.1	GCF_015220745.1_fSebUmb1.pri_genomic
has3	122986364	XM_044357588.1	XP_044213523.1	GCF_914725855.1_fThuAlb1.1_genomic
has3	101165478	XM_023956030.1	XP_023811798.1	GCF_002234675.1_ASM223467v1_genomic
has3	121897761	XM_042412475.1	XP_042268409.1	GCF_910596095.1_fThuMac1.1_genomic
has3	104930141	XM_027272540.1	XP_027128341.1	GCF_000972845.2_L_crocea_2.0_genomic
has3	107389167	XM_015965175.1	XP_015820661.1	GCF_001465895.1_Nfu_20140520_genomic
has3	108423536	XM_017690916.2	XP_017546405.1	GCF_015220715.1_fPygNat1.pri_genomic
HAS3	120980928	XM_040410314.1	XP_040266248.1	GCF_905171765.1_aBufBuf1.1_genomic
has3	115421449	XM_030137343.1	XP_029993203.1	GCF_902148855.1_fSphaOr1.1_genomic
LOC113061495	113061495	XM_026230651.1	XP_026086436.1	GCF_003368295.1_ASM336829v1_genomic
has3	122874465	XM_044192350.1	XP_044048285.1	GCF_020085105.1_ASM2008510v1_genomic
chs1	119425936	XM_037693494.1	XP_037549422.1	GCF_014905685.2_NemWhi1_genomic
HAS2	100073390	XM_029062007.1	XP_028917840.1	GCF_004115215.2_mOrnAna1.pri.v4_genomic
HAS2	119926976	XM_038745471.1	XP_038601399.1	GCF_015852505.1_mTacAcu1.pri_genomic
has3	119415463	XM_037682604.1	XP_037538532.1	GCF_014905685.2_NemWhi1_genomic
has3	119024608	XM_037107548.1	XP_036963443.1	GCF_904848185.1_fAcaLat1.1_genomic
LOC105321379	105321379	XM_034448761.1	XP_034304652.1	GCF_902806645.1_cgigas_uk_roslin_v1_genomic
HAS3	122921046	XM_044270928.1	XP_044126863.1	GCF_014858855.1_ASM1485885v1_genomic
has3	122836113	XM_044125805.1	XP_043981740.1	GCF_019740435.1_SWU_Gaff_1.0_genomic
has3	114152197	XM_028030008.1	XP_027885809.1	GCF_001444195.1_X_couchianus-1.0_genomic
has3	102229462	XM_005795790.2	XP_005795847.1	GCF_002775205.1_X_maculatus-5.0-male_genomic
has3	116731148	XM_032580707.1	XP_032436598.1	GCF_003331165.1_Xiphophorus_hellerii-4.1_genomic
HAS1	119521548	XM_037819928.1	XP_037675856.1	GCF_015220235.1_mChoDid1.pri_genomic
has3	103379751	XM_008311411.3	XP_008309633.1	GCF_000523025.1_Cse_v1.0_genomic
has3	108250938	XM_017441042.3	XP_017296531.1	GCF_001649575.2_ASM164957v2_genomic
LOC102406104	102406104	XM_025265444.3	XP_025121229.1	GCF_019923935.1_NDDB_SH_1_genomic
LOC116982405	116982405	XM_033035610.1	XP_032891501.1	GCF_010909765.2_sAmbRad1.1.pri_genomic
HAS2	123231948	XM_044658276.1	XP_044514211.1	GCF_016433145.1_AgileGrace_genomic
has3	117731716	XM_034534046.1	XP_034389937.1	GCF_009769545.1_fCycLum1.pri_genomic
has3.L	108714068	XM_018257948.2	XP_018113437.2	GCF_017654675.1_Xenopus_laevis_v10.1_genomic
has3	115009118	XM_029432889.1	XP_029288749.1	GCF_900634415.1_fCotGob3.1_genomic
HAS2	118834042	XM_036741480.1	XP_036597375.1	GCF_011100635.1_mTriVul1.pri_genomic
has3	108926644	XM_018739480.2	XP_018594996.2	GCF_900964775.1_fSclFor1.1_genomic
HAS2	122736182	XM_043978265.1	XP_043834200.1	GCF_019393635.1_mDroGli1.pri_genomic
HAS2	281220	NM_174079.3	NP_776504.2	GCF_002263795.2_ARS-UCD1.3_genomic
LOC101110341	101110341	XM_004011666.4	XP_004011715.1	GCF_016772045.1_ARS-UI_Ramb_v2.0_genomic
HAS2	102170334	XM_005688873.3	XP_005688930.1	GCF_001704415.2_ARS1.2_genomic
LOC109568691	109568691	XM_019974112.1	XP_019829671.1	GCF_000247795.1_Bos_indicus_1.0_genomic
HAS2	113904143	XM_027560934.1	XP_027416735.1	GCF_003369695.1_UOA_Brahman_1_genomic
HAS2	122451205	XM_043483821.1	XP_043339756.1	GCF_019320065.1_ASM1932006v1_genomic
HAS2	122679445	XM_043880120.1	XP_043736055.1	GCF_910594005.1_mCerEla1.1_genomic
HAS2	100025815	XM_001370252.3	XP_001370289.1	GCF_000002295.2_MonDom5_genomic
has3	115826858	XM_030790788.1	XP_030646648.1	GCF_902362185.1_fChaCha1.1_genomic
has3	113534297	XM_026926986.2	XP_026782787.1	GCF_009078355.1_GENO_Phyp_1.0_genomic
HAS2	105098322	XM_010990997.2	XP_010989299.1	GCF_000803125.2_CamDro3_genomic
LOC102518631	102518631	XM_032467712.1	XP_032323603.1	GCF_009834535.1_BCGSAC_Cfer_1.0_genomic
HAS2	110578887	XM_021688414.2	XP_021544089.1	GCF_002201575.2_ASM220157v2_genomic
HAS2	113916189	XM_027582135.1	XP_027437936.1	GCF_009762305.2_mZalCal1.pri.v2_genomic
has2	115396848	XM_030102914.1	XP_029958774.1	GCF_902148845.1_fSalaFa1.1_genomic
HAS2	100935104	XM_003760357.2	XP_003760405.1	GCF_902635505.1_mSarHar1.11_genomic
HAS1_4	611700	XM_038651797.1	XP_038507725.1	GCF_000002285.5_Dog10K_Boxer_Tasha_genomic
LOC109878265	109878265	XM_031812212.1	XP_031668072.1	GCF_002021735.2_Okis_V2_genomic
LOC116361890	116361890	XM_031816217.1	XP_031672077.1	GCF_002021735.2_Okis_V2_genomic
HAS1	112643384	XM_035705896.2	XP_035561789.1	GCF_003254725.2_ASM325472v2_genomic
SHAS2	397120	NM_214053.1	NP_999218.1	GCF_000003025.6_Sscrofa11.1_genomic
has3	105917498	XM_012852310.3	XP_012707764.2	GCF_011125445.2_MU-UCD_Fhet_4.1_genomic
Has3	266805	NM_172319.1	NP_758822.1	GCF_015227675.2_mRatBN7.2_genomic
Has3	116886068	XM_032887382.1	XP_032743273.1	GCF_011064425.1_Rrattus_CSIRO_v1_genomic
has3	100487554	XM_002936011.5	XP_002936057.2	GCF_000004195.4_UCB_Xtro_10.0_genomic
Has3	117722930	XM_034522220.1	XP_034378111.1	GCF_011762505.1_mArvNil1.pat.X_genomic
LOC122761747	122761747	XM_044016999.1	XP_043872934.1	GCF_019176455.1_IFAPA_SoseM_1_genomic
Has3	116070107	XM_031341307.1	XP_031197167.1	GCF_008632895.1_UCSF_Mcou_1_genomic
HAS2	116575210	XM_032316471.1	XP_032172362.1	GCF_009829155.1_mMusErm1.Pri_genomic
HAS2	122904333	XM_044245023.1	XP_044100958.1	GCF_020171115.1_ASM_NN_V1_genomic
has3	116693956	XM_032523339.1	XP_032379230.1	GCF_008692095.1_UIUC_Espe_1.0_genomic
has3	117262040	XM_033634667.1	XP_033490558.1	GCF_005281545.1_ASM528154v1_genomic
Has3	102918743	XM_006974151.3	XP_006974213.1	GCF_003704035.1_HU_Pman_2.1.3_genomic
Has3	114683418	XM_028857723.2	XP_028713556.1	GCF_004664715.2_UCI_PerLeu_2.1_genomic
has3	103466738	XM_008412542.2	XP_008410764.1	GCF_000633615.1_Guppy_female_1.0_MT_genomic
has2	112225184	XM_024388889.1	XP_024244657.1	GCF_018296145.1_Otsh_v2.0_genomic
HAS1	110572726	XM_021681107.2	XP_021536782.1	GCF_002201575.2_ASM220157v2_genomic
has3	114560638	XM_028586157.1	XP_028441958.1	GCF_004354835.1_PFLA_1.0_genomic
LOC101325883	101325883	XM_004324085.3	XP_004324133.1	GCF_011762595.1_mTurTru1.mat.Y_genomic
HAS2	102990709	XM_007106932.2	XP_007106994.1	GCF_002837175.2_ASM283717v2_genomic
HAS2	116742407	XM_032610033.1	XP_032465924.1	GCF_008692025.1_mPhoSin1.pri_genomic
HAS2	118883817	XM_036830956.1	XP_036686851.1	GCF_009873245.2_mBalMus1.pri.v3_genomic
HAS2	101099432	XM_004000089.5	XP_004000138.1	GCF_018350175.1_F.catus_Fca126_mat1.0_genomic
HAS2	102950235	XM_007075592.2	XP_007075654.1	GCF_018350195.1_P.tigris_Pti1_mat1.1_genomic
HAS2	100471054	XM_019808628.2	XP_019664187.1	GCF_002007445.2_ASM200744v3_genomic
HAS2	115506324	XM_030304286.1	XP_030160146.1	GCF_007474595.2_mLynCan4.pri.v2_genomic
HAS2_4	482032	XM_038429645.1	XP_038285573.1	GCF_000002285.5_Dog10K_Boxer_Tasha_genomic
HAS2	121498488	XM_041768458.1	XP_041624392.1	GCF_018345385.1_ASM1834538v1_genomic
HAS2	122210867	XM_042923792.1	XP_042779726.1	GCF_018350215.1_P.leo_Ple1_pat1.1_genomic
HAS2	122495764	XM_043601680.1	XP_043457615.1	GCF_016509475.1_Fcat_Pben_1.1_paternal_pri_genomic
HAS2	100009708	NM_001081801.2	NP_001075270.1	GCF_002863925.1_EquCab3.0_genomic
HAS2	106840120	XM_014855299.2	XP_014710785.1	GCF_016077325.2_ASM1607732v2_genomic
Has3	119801658	XM_038312254.1	XP_038168182.1	GCF_903992535.2_mArvAmp1.2_genomic
HAS2	115279077	XM_029923602.1	XP_029779462.1	GCF_006229205.1_meerkat_22Aug2017_6uvM2_HiC_genomic
HAS1	122208867	XM_042920322.1	XP_042776256.1	GCF_018350215.1_P.leo_Ple1_pat1.1_genomic
Has3	118583619	XM_036187091.1	XP_036042984.1	GCF_903995425.1_mOncTor1.1_genomic
HAS1	101093224	XM_011289756.4	XP_011288058.3	GCF_018350175.1_F.catus_Fca126_mat1.0_genomic
HAS1	122494775	XM_043600214.1	XP_043456149.1	GCF_016509475.1_Fcat_Pben_1.1_paternal_pri_genomic
has3_1	282555	NM_173220.2_1	NP_775327.2	GCF_000002035.6_GRCz11_genomic
HAS1	102955943	XM_042970348.1	XP_042826282.1	GCF_018350195.1_P.tigris_Pti1_mat1.1_genomic
HAS1	116579100	XM_032324018.1	XP_032179909.1	GCF_009829155.1_mMusErm1.Pri_genomic
HAS1	113935815	XM_027618341.2	XP_027474142.1	GCF_009762305.2_mZalCal1.pri.v2_genomic
HAS1	122911711	XM_044256690.1	XP_044112625.1	GCF_020171115.1_ASM_NN_V1_genomic
Has3	101992917	XM_026778508.1	XP_026634309.1	GCF_000317375.1_MicOch1.0_genomic
Has3	110337662	XM_029532354.1	XP_029388214.1	GCF_900095145.1_PAHARI_EIJ_v1.1_genomic
HAS1	121484826	XM_041744569.1	XP_041600503.1	GCF_018345385.1_ASM1834538v1_genomic
has2	122774229	XM_044033328.1	XP_043889263.1	GCF_019176455.1_IFAPA_SoseM_1_genomic
HAS3	110594232	XM_044911283.1	XP_044767218.1	GCF_002201575.2_ASM220157v2_genomic
has3	117948624	XM_034878377.1	XP_034734268.1	GCF_013103735.1_CSU_Ecrag_1.0_genomic
LOC100478996	100478996	XM_034638557.1	XP_034494448.1	GCF_002007445.2_ASM200744v3_genomic
HAS2	114514615	XM_036031385.1	XP_035887278.1	GCF_004126475.2_mPhyDis1.pri.v3_genomic
Has3	15118	NM_001331048.1	NP_001317977.1	GCF_000001635.27_GRCm39_genomic
Has3	110300324	XM_029480765.1	XP_029336625.1	GCF_900094665.1_CAROLI_EIJ_v1.1_genomic
HAS1	114511118	XM_028529783.2	XP_028385584.1	GCF_004126475.2_mPhyDis1.pri.v3_genomic
has2	102682245	XM_006635950.2	XP_006636013.1	GCF_000242695.1_LepOcu1_genomic
HAS2	103538891	XM_008505337.2	XP_008503559.1	GCF_003957555.1_bCalAnn1_v1.p_genomic
has2	121610704	XM_041942941.1	XP_041798875.1	GCF_017976325.1_fCheRos1.pri_genomic
HAS2	119145602	XM_037382236.1	XP_037238133.1	GCF_015220075.1_bFalRus1.pri_genomic
HAS2	121085798	XM_040588795.1	XP_040444729.1	GCF_017639655.2_bFalNau1.pat_genomic
LOC120043474	120043474	XM_038988067.1	XP_038843995.1	GCF_016432855.1_SaNama_1.0_genomic
has2	120047793	XM_038993344.1	XP_038849272.1	GCF_016432855.1_SaNama_1.0_genomic
HAS3	112646542	XM_025426656.3	XP_025282441.1	GCF_003254725.2_ASM325472v2_genomic
HAS3_4	489739	XM_038529569.1	XP_038385497.1	GCF_000002285.5_Dog10K_Boxer_Tasha_genomic
HAS3	121499346	XM_041769892.1	XP_041625826.1	GCF_018345385.1_ASM1834538v1_genomic
Has1	114685184	XM_028859795.2	XP_028715628.2	GCF_004664715.2_UCI_PerLeu_2.1_genomic
has2	110520721	XM_036935639.1	XP_036791534.1	GCF_013265735.2_USDA_OmykA_1.1_genomic
Has1	102923673	XM_042268690.1	XP_042124624.1	GCF_003704035.1_HU_Pman_2.1.3_genomic
Has3	101969344	XM_040279081.1	XP_040135015.1	GCF_016881025.1_HiC_Itri_2_genomic
HAS3	408053	NM_001001268.1	NP_001001268.1	GCF_000003025.6_Sscrofa11.1_genomic
has3	120564161	XM_039808920.1	XP_039664854.1	GCF_010015445.1_GENO_Pfluv_1.0_genomic
LOC101329904	101329904	XM_019935622.2	XP_019791181.1	GCF_011762595.1_mTurTru1.mat.Y_genomic
HAS3	116743453	XM_032611853.1	XP_032467744.1	GCF_008692025.1_mPhoSin1.pri_genomic
HAS3	112613753	XM_025369513.1	XP_025225298.1	GCF_003255815.1_Tgel_1.0_genomic
HAS2	101798379	XM_005019040.5	XP_005019097.1	GCF_015476345.1_ZJU1.0_genomic
HAS3	118885396	XM_036834027.1	XP_036689922.1	GCF_009873245.2_mBalMus1.pri.v3_genomic
LOC101871664	101871664	XM_005143833.3	XP_005143890.1	GCF_012275295.1_bMelUnd1.mat.Z_genomic
HAS2	115617079	XM_030507180.1	XP_030363040.1	GCF_004027225.2_bStrHab1.2.pri_genomic
HAS3	704121	NM_001110777.2	NP_001104247.2	GCF_003339765.1_Mmul_10_genomic
HAS3	100462167	XM_002826580.3	XP_002826626.1	GCF_002880775.1_Susie_PABv2_genomic
LOC117424436	117424436	XM_034040764.2	XP_033896655.2	GCF_010645085.1_ASM1064508v1_genomic
HAS3	100009454	XM_008257539.2	XP_008255761.1	GCF_000003625.3_OryCun2.0_genomic
has3	121646942	XM_041996079.1	XP_041852013.1	GCF_017639745.1_fMelBoe1.pri_genomic
Has1	118570326	XM_036168712.1	XP_036024605.1	GCF_903995425.1_mOncTor1.1_genomic
HAS3	100020005	XM_001366646.3	XP_001366683.1	GCF_000002295.2_MonDom5_genomic
HAS3	123234592	XM_044660514.1	XP_044516449.1	GCF_016433145.1_AgileGrace_genomic
HAS3	102989832	XM_007110772.3	XP_007110834.1	GCF_002837175.2_ASM283717v2_genomic
LOC109074192	109074192	XM_042744188.1	XP_042600122.1	GCF_018340385.1_ASM1834038v1_genomic
has3.S	399037	XM_018259509.2	XP_018114998.2	GCF_017654675.1_Xenopus_laevis_v10.1_genomic
LOC109110508	109110508	XM_042775363.1	XP_042631297.1	GCF_018340385.1_ASM1834038v1_genomic
HAS3	102953815	XM_007090351.3	XP_007090413.1	GCF_018350195.1_P.tigris_Pti1_mat1.1_genomic
HAS3	122207851	XM_042918095.1	XP_042774029.1	GCF_018350215.1_P.leo_Ple1_pat1.1_genomic
LOC116957847	116957847	XM_032980263.1	XP_032836154.1	GCF_010993605.1_kPetMar1.pri_genomic
LOC113118314	113118314	XM_026287384.1	XP_026143169.1	GCF_003368295.1_ASM336829v1_genomic
has3	116048649	XM_036003394.1	XP_035859287.1	GCF_008315115.2_SLUC_FBN_1.2_genomic
has3	105913413	XM_012842473.3	XP_012697927.1	GCF_900700415.2_Ch_v2.0.2_genomic
has3	119124890	XM_037255259.1	XP_037111154.1	GCF_901709675.1_fSynAcu1.2_genomic
HAS3	115502384	XM_030297678.1	XP_030153538.1	GCF_007474595.2_mLynCan4.pri.v2_genomic
HAS3	122494388	XM_043599519.1	XP_043455454.1	GCF_016509475.1_Fcat_Pben_1.1_paternal_pri_genomic
HAS2	118162841	XM_035319281.1	XP_035175172.1	GCF_011077185.1_BPBGC_Ojam_1.0_genomic
HAS2	121064859	XM_040546985.1	XP_040402919.1	GCF_009769625.2_bCygOlo1.pri.v2_genomic
HAS2_1	395594	NM_204806.3	NP_990137.2	GCF_016700215.2_bGalGal1.pat.whiteleghornlayer.GRCg7w_genomic
HAS2	107310516	XM_015856238.2	XP_015711724.1	GCF_001577835.2_Coturnix_japonica_2.1_genomic
HAS2	110394121	XM_021387804.1	XP_021243479.1	GCF_002078875.1_NumMel1.0_genomic
HAS3	115279954	XM_029924457.1	XP_029780317.1	GCF_006229205.1_meerkat_22Aug2017_6uvM2_HiC_genomic
HAS3	118843875	XM_036751664.1	XP_036607559.1	GCF_011100635.1_mTriVul1.pri_genomic
HAS2	115340802	XM_030012824.2	XP_029868684.1	GCF_900496995.4_bAquChr1.4_genomic
HAS3	122739782	XM_043981470.1	XP_043837405.1	GCF_019393635.1_mDroGli1.pri_genomic
HAS1	102987421	XM_024132388.1	XP_023988156.1	GCF_002837175.2_ASM283717v2_genomic
has3	117449981	XM_034087918.1	XP_033943809.1	GCF_902827115.1_fPseGeo1.1_genomic
has3	115134331	XM_029668172.1	XP_029524032.1	GCF_006149115.2_Oner_1.1_genomic
HAS3	102170999	XM_018062199.1	XP_017917688.1	GCF_001704415.2_ARS1.2_genomic
HAS3	101120264	XM_027978119.2	XP_027833920.1	GCF_016772045.1_ARS-UI_Ramb_v2.0_genomic
HAS3	122691890	XM_043898921.1	XP_043754856.1	GCF_910594005.1_mCerEla1.1_genomic
has2	116971905	XM_033019094.1	XP_032874985.1	GCF_010909765.2_sAmbRad1.1.pri_genomic
HAS3	101096124	XM_023245706.2	XP_023101474.2	GCF_018350175.1_F.catus_Fca126_mat1.0_genomic
LOC110519986	110519986	XM_021596928.2	XP_021452603.2	GCF_013265735.2_USDA_OmykA_1.1_genomic
has3	112218491	XM_042301483.1	XP_042157417.1	GCF_018296145.1_Otsh_v2.0_genomic
has3	110494478	XM_021569582.2	XP_021425257.2	GCF_013265735.2_USDA_OmykA_1.1_genomic
has3	109866886	XM_020455771.2	XP_020311360.1	GCF_002021735.2_Okis_V2_genomic
has3	121608020	XM_041939116.1	XP_041795050.1	GCF_017976325.1_fCheRos1.pri_genomic
HAS3	100915210	XM_031950092.1	XP_031805952.1	GCF_902635505.1_mSarHar1.11_genomic
LOC109568300	109568300	XM_019973487.1	XP_019829046.1	GCF_000247795.1_Bos_indicus_1.0_genomic
LOC112252314	112252314	XM_024423433.2	XP_024279201.1	GCF_018296145.1_Otsh_v2.0_genomic
LOC109888640	109888640	XM_020479799.2	XP_020335388.1	GCF_002021735.2_Okis_V2_genomic
Has1	110338278	XM_021221571.1	XP_021077230.1	GCF_900095145.1_PAHARI_EIJ_v1.1_genomic
has3	121724045	XM_042110355.1	XP_041966289.1	GCF_018492685.1_fAloSap1.pri_genomic
LOC100408611	100408611	XM_002761102.5	XP_002761148.2	GCF_009663435.1_Callithrix_jacchus_cj1700_1.1_genomic
LOC121542740	121542740	XM_041852256.2	XP_041708190.1	GCF_020615455.1_ASM2061545v1_genomic
HAS3	100066947	XM_023637193.1	XP_023492961.1	GCF_002863925.1_EquCab3.0_genomic
HAS3	105858958	XM_012742409.1	XP_012597863.1	GCF_000165445.2_Mmur_3.0_genomic
HAS2	101817917	XM_005042444.2	XP_005042501.1	GCF_000247815.1_FicAlb1.5_genomic
HAS2	107200974	XM_015620121.2	XP_015475607.1	GCF_001522545.3_Parus_major1.1_genomic
HAS2	115900907	XM_030943105.1	XP_030798965.1	GCF_901933205.1_STF_HiC_genomic
HAS2	116455047	XM_032132416.1	XP_031988307.1	GCF_009650955.1_bCorMon1.pri_genomic
HAS2	116999654	XM_033066584.1	XP_032922475.1	GCF_009819885.2_bCatUst1.pri.v2_genomic
HAS2	118700050	XM_036404362.1	XP_036260255.1	GCF_012460135.1_BPBGC_Mater_1.0_genomic
HAS2	119697939	XM_038129336.1	XP_037985264.1	GCF_015832195.1_Motacilla_alba_V1.0_pri_genomic
has3	106560880	XM_014124268.2	XP_013979743.1	GCF_905237065.1_Ssal_v3.1_genomic
HAS2	116788299	XM_032691031.1	XP_032546922.1	GCF_009829145.1_bChiLan1.pri_genomic
LOC118400766	118400766	XM_035797772.1	XP_035653665.1	GCF_012931545.1_Oket_V1_genomic
LOC515601	515601	XM_010811980.1	XP_010810282.1	GCF_002263795.2_ARS-UCD1.3_genomic
HAS3	100542703	XM_010718158.2	XP_010716460.1	GCF_000146605.3_Turkey_5.1_genomic
HAS3	286824	NM_001192867.1	NP_001179796.1	GCF_002263795.2_ARS-UCD1.3_genomic
HAS3	109572268	XM_019978910.1	XP_019834469.1	GCF_000247795.1_Bos_indicus_1.0_genomic
HAS3	113876675	XM_027516152.1	XP_027371953.1	GCF_003369695.1_UOA_Brahman_1_genomic
HAS3	122421706	XM_043437934.1	XP_043293869.1	GCF_019320065.1_ASM1932006v1_genomic
LOC102397999	102397999	XM_044932106.2	XP_044788041.1	GCF_019923935.1_NDDB_SH_1_genomic
HAS2	100228837	XM_002200462.6	XP_002200498.1	GCF_003957565.2_bTaeGut1.4.pri_genomic
HAS2	110479295	XM_021546435.2	XP_021402110.1	GCF_005870125.1_lonStrDom2_genomic
has2	113542219	XM_026939586.2	XP_026795387.1	GCF_009078355.1_GENO_Phyp_1.0_genomic
Has1	15116	NM_008215.2	NP_032241.1	GCF_000001635.27_GRCm39_genomic
HAS3	119518479	XM_037815646.1	XP_037671574.1	GCF_015220235.1_mChoDid1.pri_genomic
HAS2	118090434	XM_035126155.1	XP_034982046.1	GCF_011800845.1_UG_Zviv_1_genomic
HAS2	120396429	XM_039521260.1	XP_039377194.1	GCF_016161935.1_ASM1616193v1_genomic
LOC115108898	115108898	XM_029633460.1	XP_029489320.1	GCF_006149115.2_Oner_1.1_genomic
HAS2	117050264	XM_033155799.1	XP_033011690.1	GCF_009819535.1_rLacAgi1.pri_genomic
HAS1	109548683	XM_033845566.1	XP_033701457.1	GCF_011762595.1_mTurTru1.mat.Y_genomic
HAS1	116743778	XM_032612729.1	XP_032468620.1	GCF_008692025.1_mPhoSin1.pri_genomic
LOC101110602	101110602	XM_012183631.2	XP_012039021.2	GCF_016772045.1_ARS-UI_Ramb_v2.0_genomic
LOC111952887	111952887	XM_023971880.1	XP_023827648.1	GCF_002910315.2_ASM291031v2_genomic
LOC120053438	120053438	XM_039000562.1	XP_038856490.1	GCF_016432855.1_SaNama_1.0_genomic
HAS3	3038	NM_001199280.2	NP_001186209.1	GCF_000001405.40_GRCh38.p14_genomic
HAS3	454195	XM_001168498.5	XP_001168498.2	GCF_002880755.1_Clint_PTRv2_genomic
HAS3	101146377	XM_019011976.2	XP_018867521.1	GCF_008122165.1_Kamilah_GGO_v0_genomic
Has1	282821	NM_172323.2	NP_758826.1	GCF_015227675.2_mRatBN7.2_genomic
Has1	116891788	XM_032893139.1	XP_032749030.1	GCF_011064425.1_Rrattus_CSIRO_v1_genomic
has3	120065789	XM_039016844.1	XP_038872772.1	GCF_016432855.1_SaNama_1.0_genomic
HAS2	121927720	XM_042461571.1	XP_042317505.1	GCF_019175285.1_SceUnd_v1.1_genomic
HAS3	102114972	XM_015443098.2	XP_015298584.1	GCF_012559485.2_MFA1912RKSv2_genomic
HAS3	104655585	XM_010355028.2	XP_010353330.1	GCF_007565055.1_ASM756505v1_genomic
HAS3	111541397	XM_023210279.2	XP_023066047.1	GCF_002776525.4_ASM277652v4_genomic
HAS1	100598248	XM_030821179.1	XP_030677039.1	GCF_006542625.1_Asia_NLE_v1_genomic
has2	100565058	XM_008116919.2	XP_008115126.1	GCF_000090745.1_AnoCar2.0_genomic
HAS3	100598098	XM_004087293.2	XP_004087341.1	GCF_006542625.1_Asia_NLE_v1_genomic
Has1	116079069	XM_031354737.1	XP_031210597.1	GCF_008632895.1_UCSF_Mcou_1_genomic
has3	113582290	XM_027017982.2	XP_026873783.2	GCF_013358815.1_fEleEle1.pri_genomic
HAS3	119157755	XM_037408970.1	XP_037264867.1	GCF_015220075.1_bFalRus1.pri_genomic
HAS3	121097872	XM_040615270.1	XP_040471204.1	GCF_017639655.2_bFalNau1.pat_genomic
Has1	117701004	XM_034492836.1	XP_034348727.1	GCF_011762505.1_mArvNil1.pat.X_genomic
LOC117425059	117425059	XM_034904226.1	XP_034760117.1	GCF_010645085.1_ASM1064508v1_genomic
Has1	110284113	XM_029470866.1	XP_029326726.1	GCF_900094665.1_CAROLI_EIJ_v1.1_genomic
HAS1	105882864	XM_012785554.1	XP_012641008.1	GCF_000165445.2_Mmur_3.0_genomic
HAS3	116579514	XM_032324981.1	XP_032180872.1	GCF_009829155.1_mMusErm1.Pri_genomic
HAS3	122911301	XM_044255844.1	XP_044111779.1	GCF_020171115.1_ASM_NN_V1_genomic
LOC113903943	113903943	XM_027560618.1	XP_027416419.1	GCF_003369695.1_UOA_Brahman_1_genomic
HAS2	101931459	XM_005288748.4	XP_005288805.1	GCF_000241765.4_Chrysemys_picta_BioNano-3.0.4_genomic
HAS2	117873783	XM_034763540.1	XP_034619431.1	GCF_013100865.1_CAS_Tse_1.0_genomic
HAS2	123364188	XM_045006083.1	XP_044862018.1	GCF_020497125.1_ASM2049712v1_genomic
HAS2	115647078	XM_030553766.1	XP_030409626.1	GCF_007399415.2_rGopEvg1_v1.p_genomic
HAS3	113935982	XM_027618733.2	XP_027474534.1	GCF_009762305.2_mZalCal1.pri.v2_genomic
HAS2	114600283	XM_028736222.1	XP_028592055.1	GCF_004329235.1_PodMur_1.0_genomic
HAS1	100894935	XM_035283977.1	XP_035139868.1	GCF_009663435.1_Callithrix_jacchus_cj1700_1.1_genomic
HAS1	111775259	XM_023650323.1	XP_023506091.1	GCF_002863925.1_EquCab3.0_genomic
HAS1	468978	XM_016936738.2	XP_016792227.1	GCF_002880755.1_Clint_PTRv2_genomic
HAS3	115660207	XM_030581302.1	XP_030437162.1	GCF_007399415.2_rGopEvg1_v1.p_genomic
HAS3	121937458	XM_042480652.1	XP_042336586.1	GCF_019175285.1_SceUnd_v1.1_genomic
HAS1	118889488	XM_036841233.1	XP_036697128.1	GCF_009873245.2_mBalMus1.pri.v3_genomic
HAS3	120384326	XM_039502861.1	XP_039358795.1	GCF_016161935.1_ASM1616193v1_genomic
LOC117394927	117394927	XM_033993689.2	XP_033849580.2	GCF_010645085.1_ASM1064508v1_genomic
HAS1	3036	NM_001297436.2	NP_001284365.1	GCF_000001405.40_GRCh38.p14_genomic
HAS1	106822303	XM_044759759.1	XP_044615694.1	GCF_016077325.2_ASM1607732v2_genomic
HAS3	123349318	XM_044987285.1	XP_044843220.1	GCF_020497125.1_ASM2049712v1_genomic
HAS2	116486138	XM_032182144.1	XP_032038035.1	GCF_009819795.1_bAytFul2.pri_genomic
HAS3	101529773	XM_004583977.2	XP_004584034.1	GCF_014633375.1_OchPri4.0_genomic
HAS2	102940312	XM_007063393.4	XP_007063455.1	GCF_015237465.2_rCheMyd1.pri.v2_genomic
LOC121314881	121314881	XM_041248613.1	XP_041104547.1	GCF_017654505.1_ASM1765450v1_genomic
HAS3	107319480	XM_015874325.2	XP_015729811.1	GCF_001577835.2_Coturnix_japonica_2.1_genomic
HAS3	102517693	XM_032486622.1	XP_032342513.1	GCF_009834535.1_BCGSAC_Cfer_1.0_genomic
HAS3	105088406	XM_010979229.2	XP_010977531.1	GCF_000803125.2_CamDro3_genomic
HAS1	282820	XM_024978777.1	XP_024834545.1	GCF_002263795.2_ARS-UCD1.3_genomic
HAS1	113875588	XM_027514121.1	XP_027369922.1	GCF_003369695.1_UOA_Brahman_1_genomic
has3	117763361	XM_034588410.1	XP_034444301.1	GCF_009819705.1_fHipHip1.pri_genomic
has2	118223745	XM_035410683.1	XP_035266574.1	GCF_013347855.1_fAngAng1.pri_genomic
has3	115392484	XM_030097113.1	XP_029952973.1	GCF_902148845.1_fSalaFa1.1_genomic
HAS3	110404404	XM_021408660.1	XP_021264335.1	GCF_002078875.1_NumMel1.0_genomic
has2	122549229	XM_043688678.1	XP_043544613.1	GCF_004010195.1_ASM401019v2_genomic
LOC118157796	118157796	XM_035312274.1	XP_035168165.1	GCF_011077185.1_BPBGC_Ojam_1.0_genomic
HAS3	101794398	XM_027466434.2	XP_027322235.1	GCF_015476345.1_ZJU1.0_genomic
HAS3	106822467	XM_044761819.1	XP_044617754.1	GCF_016077325.2_ASM1607732v2_genomic
HAS3	119841027	XM_038367927.1	XP_038223855.1	GCF_009764565.3_rDerCor1.pri.v4_genomic
LOC121313294	121313294	XM_041245677.1	XP_041101611.1	GCF_017654505.1_ASM1765450v1_genomic
has3	105018589	XM_010884147.3	XP_010882449.1	GCF_011004845.1_fEsoLuc1.pri_genomic
HAS2	122798170	XM_044066910.1	XP_043922845.1	GCF_019279795.1_PAN1.0_genomic
HAS1	112613014	XM_025368118.1	XP_025223903.1	GCF_003255815.1_Tgel_1.0_genomic
Has1	101988134	XM_026778471.1	XP_026634272.1	GCF_000317375.1_MicOch1.0_genomic
HAS1	122420617	XM_043435930.1	XP_043291865.1	GCF_019320065.1_ASM1932006v1_genomic
HAS1	122692462	XM_043900041.1	XP_043755976.1	GCF_910594005.1_mCerEla1.1_genomic
LOC117399966	117399966	XM_033999432.2	XP_033855323.1	GCF_010645085.1_ASM1064508v1_genomic
LOC121325340	121325340	XM_041267767.1	XP_041123701.1	GCF_017654505.1_ASM1765450v1_genomic
HAS1	111520171	XM_023182727.1	XP_023038495.1	GCF_002776525.4_ASM277652v4_genomic
HAS1	719773	XM_015124713.2	XP_014980199.2	GCF_003339765.1_Mmul_10_genomic
HAS3	116494113	XM_032195820.1	XP_032051711.1	GCF_009819795.1_bAytFul2.pri_genomic
HAS3	115346376	XM_030026377.1	XP_029882237.1	GCF_900496995.4_bAquChr1.4_genomic
HAS3	116517393	XM_032230309.1	XP_032086200.1	GCF_009769535.1_rThaEle1.pri_genomic
HAS1	100479870	XM_034639123.1	XP_034495014.1	GCF_002007445.2_ASM200744v3_genomic
HAS1	102509171	XM_032487760.1	XP_032343651.1	GCF_009834535.1_BCGSAC_Cfer_1.0_genomic
LOC113833756	113833756	XM_027398677.2	XP_027254478.2	GCF_003668045.3_CriGri-PICRH-1.0_genomic
has2	105016535	XM_010880433.5	XP_010878735.2	GCF_011004845.1_fEsoLuc1.pri_genomic
HAS1	102180619	XM_018062939.1	XP_017918428.1	GCF_001704415.2_ARS1.2_genomic
HAS3	102931765	XM_007062445.4	XP_007062507.1	GCF_015237465.2_rCheMyd1.pri.v2_genomic
HAS1	104672702	XM_010376551.2	XP_010374853.1	GCF_007565055.1_ASM756505v1_genomic
HAS1	100460901	XM_024237526.1	XP_024093294.1	GCF_002880775.1_Susie_PABv2_genomic
HAS2	116512661	XM_032223262.1	XP_032079153.1	GCF_009769535.1_rThaEle1.pri_genomic
HAS1	101102585	XM_027977477.2	XP_027833278.2	GCF_016772045.1_ARS-UI_Ramb_v2.0_genomic
has3	111962329	XM_023985341.1	XP_023841109.1	GCF_002910315.2_ASM291031v2_genomic
HAS3	121076728	XM_040571296.1	XP_040427230.1	GCF_009769625.2_bCygOlo1.pri.v2_genomic
LOC121296654	121296654	XM_041222419.1	XP_041078353.1	GCF_017654505.1_ASM1765450v1_genomic
Has1	119821723	XM_042055570.1	XP_041911504.1	GCF_903992535.2_mArvAmp1.2_genomic
HAS2	100546088	XM_003205271.4	XP_003205319.2	GCF_000146605.3_Turkey_5.1_genomic
HAS1	101133545	XM_019014907.1	XP_018870452.1	GCF_008122165.1_Kamilah_GGO_v0_genomic
has3	118782062	XM_036535304.1	XP_036391197.1	GCF_013368585.1_fMegCyp1.pri_genomic
has3	100558635	XM_016998601.1	XP_016854090.1	GCF_000090745.1_AnoCar2.0_genomic
LOC101879562	101879562	XM_034073235.1	XP_033929126.1	GCF_012275295.1_bMelUnd1.mat.Z_genomic
LOC116991150	116991150	XM_033049521.1	XP_032905412.1	GCF_010909765.2_sAmbRad1.1.pri_genomic
HAS3	122810417	XM_044082026.1	XP_043937961.1	GCF_019279795.1_PAN1.0_genomic
LOC121708736	121708736	XM_042091578.1	XP_041947512.1	GCF_018492685.1_fAloSap1.pri_genomic
has3	122558175	XM_043706468.1	XP_043562403.1	GCF_004010195.1_ASM401019v2_genomic
has2	121279295	XM_041190434.1	XP_041046368.1	GCF_017639515.1_sCarCar2.pri_genomic
has3	120535579	XM_039763516.1	XP_039619450.1	GCF_016835505.1_ASM1683550v1_genomic
HAS3	103526596	XM_030457764.1	XP_030313624.1	GCF_003957555.1_bCalAnn1_v1.p_genomic
HAS1	100191062	NM_001136212.1	NP_001129684.1	GCF_000003025.6_Sscrofa11.1_genomic
has3	121280351	XM_041192257.1	XP_041048191.1	GCF_017639515.1_sCarCar2.pri_genomic
HAS1	105106080	XM_031459233.1	XP_031315093.1	GCF_000803125.2_CamDro3_genomic
HAS3	101951574	XM_005310585.4	XP_005310642.1	GCF_000241765.4_Chrysemys_picta_BioNano-3.0.4_genomic
LOC102170800	102170800	XM_013969071.2	XP_013824525.2	GCF_001704415.2_ARS1.2_genomic
HAS1	101519467	XM_012930349.2	XP_012785803.2	GCF_014633375.1_OchPri4.0_genomic
LOC122679417	122679417	XM_043880075.1	XP_043736010.1	GCF_910594005.1_mCerEla1.1_genomic
LOC122451195	122451195	XM_043483809.1	XP_043339744.1	GCF_019320065.1_ASM1932006v1_genomic
HAS3	116793412	XM_032701244.1	XP_032557135.1	GCF_009829145.1_bChiLan1.pri_genomic
has2.S	399146	NM_001090368.1	NP_001083837.1	GCF_017654675.1_Xenopus_laevis_v10.1_genomic
HAS2	120941495	XM_040354910.1	XP_040210844.1	GCF_905171775.1_aRanTem1.1_genomic
HAS2	122938373	XM_044293838.1	XP_044149773.1	GCF_014858855.1_ASM1485885v1_genomic
HAS3	115496862	XM_030282555.3	XP_030138415.3	GCF_003957565.2_bTaeGut1.4.pri_genomic
LOC115436398	115436398	XM_030159261.1	XP_030015121.1	GCF_902148855.1_fSphaOr1.1_genomic
HAS1	119946105	XM_038767512.1	XP_038623440.1	GCF_015852505.1_mTacAcu1.pri_genomic
HAS1	100088892	XM_029066284.2	XP_028922117.1	GCF_004115215.2_mOrnAna1.pri.v4_genomic
HAS3	110468821	XM_021526984.2	XP_021382659.1	GCF_005870125.1_lonStrDom2_genomic
HAS2	121002045	XM_040433345.1	XP_040289279.1	GCF_905171765.1_aBufBuf1.1_genomic
HAS3	100077175	XM_001511257.2	XP_001511307.2	GCF_004115215.2_mOrnAna1.pri.v4_genomic
HAS3	118691189	XM_036390295.1	XP_036246188.1	GCF_012460135.1_BPBGC_Mater_1.0_genomic
HAS3	119705720	XM_038148467.1	XP_038004395.1	GCF_015832195.1_Motacilla_alba_V1.0_pri_genomic
HAS3	116450038	XM_032122079.1	XP_031977970.1	GCF_009650955.1_bCorMon1.pri_genomic
HAS1	118839907	XM_036747406.1	XP_036603301.1	GCF_011100635.1_mTriVul1.pri_genomic
HAS3	115907807	XM_030955946.1	XP_030811806.1	GCF_901933205.1_STF_HiC_genomic
LOC118428100	118428100	XM_035838071.1	XP_035693964.1	GCF_000003815.2_Bfl_VNyyK_genomic
HAS3	117001702	XM_033070182.1	XP_032926073.1	GCF_009819885.2_bCatUst1.pri.v2_genomic
HAS3	107209621	XM_015639532.2	XP_015495018.1	GCF_001522545.3_Parus_major1.1_genomic
HAS3	101822065	XM_005052228.2	XP_005052285.1	GCF_000247815.1_FicAlb1.5_genomic
HAS1	118087863	XM_035120913.1	XP_034976804.1	GCF_011800845.1_UG_Zviv_1_genomic
HAS1	117051638	XM_033158206.1	XP_033014097.1	GCF_009819535.1_rLacAgi1.pri_genomic
LOC102945687	102945687	XM_037883274.2	XP_037739202.1	GCF_015237465.2_rCheMyd1.pri.v2_genomic
has2	117460364	XM_034101737.1	XP_033957628.1	GCF_902827115.1_fPseGeo1.1_genomic
LOC118883585	118883585	XM_036830578.1	XP_036686473.1	GCF_009873245.2_mBalMus1.pri.v3_genomic
HAS1	121916314	XM_042441247.1	XP_042297181.1	GCF_019175285.1_SceUnd_v1.1_genomic
HAS1	114603483	XM_028742511.1	XP_028598344.1	GCF_004329235.1_PodMur_1.0_genomic
LOC116515925	116515925	XM_032228251.1	XP_032084142.1	GCF_009769535.1_rThaEle1.pri_genomic
HAS1	122749746	XM_043996243.1	XP_043852178.1	GCF_019393635.1_mDroGli1.pri_genomic
has2	122831553	XM_044117839.1	XP_043973774.1	GCF_019740435.1_SWU_Gaff_1.0_genomic
LOC116515924	116515924	XM_032228250.1	XP_032084141.1	GCF_009769535.1_rThaEle1.pri_genomic
has2	114143823	XM_028016132.1	XP_027871933.1	GCF_001444195.1_X_couchianus-1.0_genomic
has2	102236901	XM_005799016.2	XP_005799073.1	GCF_002775205.1_X_maculatus-5.0-male_genomic
has2	103388789	XM_008323955.3	XP_008322177.1	GCF_000523025.1_Cse_v1.0_genomic
has2	100145711	NM_001127085.1	NP_001120557.1	GCF_000004195.4_UCB_Xtro_10.0_genomic
LOC104932382	104932382	XM_027286382.1	XP_027142183.1	GCF_000972845.2_L_crocea_2.0_genomic
has2	115373907	XM_030072541.1	XP_029928401.1	GCF_902150065.1_fMyrMur1.1_genomic
has2	115021563	XM_029452078.1	XP_029307938.1	GCF_900634415.1_fCotGob3.1_genomic
HAS1	115279861	XM_029924365.1	XP_029780225.1	GCF_006229205.1_meerkat_22Aug2017_6uvM2_HiC_genomic
has2	112140506	XM_024263495.2	XP_024119263.1	GCF_002922805.2_ASM292280v2_genomic
has2	117777306	XM_034611987.1	XP_034467878.1	GCF_009819705.1_fHipHip1.pri_genomic
has2	118114317	XM_035164702.2	XP_035020593.1	GCF_022539355.2_HSTE1.2_genomic
HAS1	115640476	XM_030543263.1	XP_030399123.1	GCF_007399415.2_rGopEvg1_v1.p_genomic
has2	101174410	XM_004086643.4	XP_004086691.1	GCF_002234675.1_ASM223467v1_genomic
has2	115554578	XM_030371359.1	XP_030227219.1	GCF_902167405.1_gadMor3.0_genomic
has2	120811178	XM_040166380.1	XP_040022314.1	GCF_016920845.1_GAculeatus_UGA_version5_genomic
HAS1	123240792	XM_044668510.1	XP_044524445.1	GCF_016433145.1_AgileGrace_genomic
has2	113570601	XM_026999094.2	XP_026854895.1	GCF_013358815.1_fEleEle1.pri_genomic
has2	116691694	XM_032519528.1	XP_032375419.1	GCF_008692095.1_UIUC_Espe_1.0_genomic
has2	117946632	XM_034874911.1	XP_034730802.1	GCF_013103735.1_CSU_Ecrag_1.0_genomic
has2.L	108719401	XM_018268245.2	XP_018123734.1	GCF_017654675.1_Xenopus_laevis_v10.1_genomic
has2	118296813	XM_035621850.2	XP_035477743.1	GCF_022379125.1_ASM2237912v1_genomic
HAS1	120390381	XM_039513010.1	XP_039368944.1	GCF_016161935.1_ASM1616193v1_genomic
has2	100695119	XM_003443695.5	XP_003443743.1	GCF_001858045.2_O_niloticus_UMD_NMBU_genomic
HAS1	100915333	XM_031963285.1	XP_031819145.1	GCF_902635505.1_mSarHar1.11_genomic
has2	101466497	XM_004566811.3	XP_004566868.2	GCF_000238955.4_M_zebra_UMD2a_genomic
has2	116035365	XM_031278407.2	XP_031134267.1	GCF_008315115.2_SLUC_FBN_1.2_genomic
has2	116717926	XM_032559605.1	XP_032415496.1	GCF_003331165.1_Xiphophorus_hellerii-4.1_genomic
has2	116326759	XM_031748174.2	XP_031604034.1	GCF_013358895.1_ZZ_aureus_genomic
has2	121945787	XM_042490122.1	XP_042346056.1	GCF_008729295.1_YSFRI_Pleo_2.0_genomic
has2	108232248	XM_017409888.3	XP_017265377.1	GCF_001649575.2_ASM164957v2_genomic
has2	115794598	XM_030750191.1	XP_030606051.1	GCF_007364275.1_fArcCen1_genomic
LOC116523548	116523548	XM_032238659.1	XP_032094550.1	GCF_009769535.1_rThaEle1.pri_genomic
has2	114557860	XM_028581547.1	XP_028437348.1	GCF_004354835.1_PFLA_1.0_genomic
has2	120561616	XM_039804765.1	XP_039660699.1	GCF_010015445.1_GENO_Pfluv_1.0_genomic
HAS1	101940089	XM_042846515.1	XP_042702449.1	GCF_000241765.4_Chrysemys_picta_BioNano-3.0.4_genomic
has2	105899292	XM_012826454.2	XP_012681908.1	GCF_900700415.2_Ch_v2.0.2_genomic
has2	121641990	XM_041988424.1	XP_041844358.1	GCF_017639745.1_fMelBoe1.pri_genomic
has2	105933384	XM_036130088.1	XP_035985981.1	GCF_011125445.2_MU-UCD_Fhet_4.1_genomic
has2	118382787	XM_035769470.1	XP_035625363.1	GCF_012931545.1_Oket_V1_genomic
HAS1	123351930	XM_044991623.1	XP_044847558.1	GCF_020497125.1_ASM2049712v1_genomic
has1	100566258	XM_008121787.2	XP_008119994.1	GCF_000090745.1_AnoCar2.0_genomic
has2	119496311	XM_037783504.1	XP_037639432.1	GCF_015220745.1_fSebUmb1.pri_genomic
has2	121905850	XM_042424397.1	XP_042280331.1	GCF_910596095.1_fThuMac1.1_genomic
has2	122988191	XM_044360388.1	XP_044216323.1	GCF_914725855.1_fThuAlb1.1_genomic
has2	121706181	XM_042087703.1	XP_041943637.1	GCF_018492685.1_fAloSap1.pri_genomic
has2	117265438	XM_033639930.1	XP_033495821.1	GCF_005281545.1_ASM528154v1_genomic
has2	103478284	XM_008432015.1	XP_008430237.1	GCF_000633615.1_Guppy_female_1.0_MT_genomic
has1	113526865	XM_026914286.2	XP_026770087.2	GCF_009078355.1_GENO_Phyp_1.0_genomic
has2	120784807	XM_040118910.1	XP_039974844.1	GCF_016859285.1_ASM1685928v1_genomic
has2	121185398	XM_041043449.1	XP_040899383.1	GCF_017976425.1_fToxJac2.pri_genomic
has2	107378946	XM_015949455.1	XP_015804941.1	GCF_001465895.1_Nfu_20140520_genomic
has2	122359975	XM_043260241.1	XP_043116176.1	GCF_018831695.1_ASM1883169v1_genomic
LOC117514809	117514809	XM_034175401.1	XP_034031292.1	GCF_902500255.1_fThaAma1.1_genomic
has2	118784992	XM_036539515.1	XP_036395408.1	GCF_013368585.1_fMegCyp1.pri_genomic
has2	115435127	XM_030157338.1	XP_030013198.1	GCF_902148855.1_fSphaOr1.1_genomic
has2	104928081	XM_010742302.3	XP_010740604.1	GCF_000972845.2_L_crocea_2.0_genomic
has2	108413427	XM_017685937.2	XP_017541426.2	GCF_015220715.1_fPygNat1.pri_genomic
has2	122881883	XM_044208595.1	XP_044064530.1	GCF_020085105.1_ASM2008510v1_genomic
has2	119136037	XM_037274110.1	XP_037130005.1	GCF_901709675.1_fSynAcu1.2_genomic
LOC102929705	102929705	XM_037883521.2	XP_037739449.1	GCF_015237465.2_rCheMyd1.pri.v2_genomic
LOC113059902	113059902	XM_026228567.1	XP_026084352.1	GCF_003368295.1_ASM336829v1_genomic
LOC109104953	109104953	XM_042772197.1	XP_042628131.1	GCF_018340385.1_ASM1834038v1_genomic
has2	119410205	XM_037677117.1	XP_037533045.1	GCF_014905685.2_NemWhi1_genomic
has2	117823153	XM_034698234.1	XP_034554125.1	GCF_009762535.1_fNotCel1.pri_genomic
has2	119005337	XM_037072874.1	XP_036928769.1	GCF_904848185.1_fAcaLat1.1_genomic
has2	260350	NM_153650.2	NP_705936.1	GCF_000002035.6_GRCz11_genomic
has2	121513816	XM_041793801.1	XP_041649735.1	GCF_018320785.1_ASM1832078v1_genomic
LOC122808403	122808403	XM_044079368.1	XP_043935303.1	GCF_019279795.1_PAN1.0_genomic
has1l.S	108705047	XM_041570732.1	XP_041426666.1	GCF_017654675.1_Xenopus_laevis_v10.1_genomic
has2	117383926	XM_033981174.1	XP_033837065.1	GCF_009829125.1_fPerMag1.pri_genomic
LOC116936964	116936964	XM_032944097.1	XP_032799988.1	GCF_010993605.1_kPetMar1.pri_genomic
has2	117728229	XM_034529032.1	XP_034384923.1	GCF_009769545.1_fCycLum1.pri_genomic
has3	118215397	XM_035396144.1	XP_035252035.1	GCF_013347855.1_fAngAng1.pri_genomic
LOC120916451	120916451	XM_040327425.1	XP_040183359.1	GCF_905171775.1_aRanTem1.1_genomic
has1l.L	108695929	XM_041570065.1	XP_041425999.1	GCF_017654675.1_Xenopus_laevis_v10.1_genomic
LOC118769179	118769179	XM_036516206.1	XP_036372099.1	GCF_013368585.1_fMegCyp1.pri_genomic
LOC113116314	113116314	XM_026284402.1	XP_026140187.1	GCF_003368295.1_ASM336829v1_genomic
HAS1	115503247	XM_030299362.1	XP_030155222.1	GCF_007474595.2_mLynCan4.pri.v2_genomic
LOC119847641	119847641	XM_038382577.2	XP_038238505.1	GCF_009764565.3_rDerCor1.pri.v4_genomic
LOC119847640	119847640	XM_038382576.2	XP_038238504.1	GCF_009764565.3_rDerCor1.pri.v4_genomic
has2	108940476	XM_018762690.2	XP_018618206.1	GCF_900964775.1_fSclFor1.1_genomic
HAS1	122929148	XM_044282643.1	XP_044138578.1	GCF_014858855.1_ASM1485885v1_genomic
LOC121367313	121367313	XM_041491424.1	XP_041347358.1	GCF_016097555.1_Gae_host_genome_genomic
has2	114843547	XM_029130203.2	XP_028986036.1	GCF_900634795.3_fBetSpl5.3_genomic
has2	109091264	XM_042740710.1	XP_042596644.1	GCF_018340385.1_ASM1834038v1_genomic
HAS1	109572178	XM_019978756.1	XP_019834315.1	GCF_000247795.1_Bos_indicus_1.0_genomic
HAS1	120991662	XM_040420460.1	XP_040276394.1	GCF_905171765.1_aBufBuf1.1_genomic
LOC116955864	116955864	XM_032977187.1	XP_032833078.1	GCF_010993605.1_kPetMar1.pri_genomic
has2	115819127	XM_030782676.1	XP_030638536.1	GCF_902362185.1_fChaCha1.1_genomic
has1l	100491673	XM_031906791.1	XP_031762651.1	GCF_000004195.4_UCB_Xtro_10.0_genomic
HAS1	100028664	XM_007491720.1	XP_007491782.1	GCF_000002295.2_MonDom5_genomic
LOC122540538	122540538	XM_043676402.1	XP_043532337.1	GCF_004010195.1_ASM401019v2_genomic
has1	122881436	XM_044207676.1	XP_044063611.1	GCF_020085105.1_ASM2008510v1_genomic
LOC122817383	122817383	XM_044090574.1	XP_043946509.1	GCF_019279795.1_PAN1.0_genomic
LOC109196644	109196644	XM_025902289.1	XP_025758074.1	GCF_001858045.2_O_niloticus_UMD_NMBU_genomic
has1	115554384	XM_030371091.1	XP_030226951.1	GCF_902167405.1_gadMor3.0_genomic
LOC108242633	108242633	XM_025008436.2	XP_024864204.2	GCF_001649575.2_ASM164957v2_genomic
LOC118411193	118411193	XM_035813272.1	XP_035669165.1	GCF_000003815.2_Bfl_VNyyK_genomic
has1	403130	NM_001164030.1	NP_001157502.1	GCF_000002035.6_GRCz11_genomic
LOC118396626	118396626	XM_035790930.1	XP_035646823.1	GCF_012931545.1_Oket_V1_genomic
has1	105891863	XM_012818042.3	XP_012673496.1	GCF_900700415.2_Ch_v2.0.2_genomic
has1	122831352	XM_044117474.1	XP_043973409.1	GCF_019740435.1_SWU_Gaff_1.0_genomic
LOC118410184	118410184	XM_035811725.1	XP_035667618.1	GCF_000003815.2_Bfl_VNyyK_genomic
LOC117434057	117434057	XM_034056597.2	XP_033912488.2	GCF_010645085.1_ASM1064508v1_genomic
LOC117964945	117964945	XM_034909769.1	XP_034765660.1	GCF_010645085.1_ASM1064508v1_genomic
has1	119136127	XM_037274380.1	XP_037130275.1	GCF_901709675.1_fSynAcu1.2_genomic
LOC111958616	111958616	XM_023979879.1	XP_023835647.1	GCF_002910315.2_ASM291031v2_genomic
has1	121299205	XM_041226838.1	XP_041082772.1	GCF_017654505.1_ASM1765450v1_genomic
LOC121316388	121316388	XM_041251466.1	XP_041107400.1	GCF_017654505.1_ASM1765450v1_genomic
LOC112072845	112072845	XM_024140244.1	XP_023996012.1	GCF_002910315.2_ASM291031v2_genomic
has1	108429923	XM_017702001.2	XP_017557490.1	GCF_015220715.1_fPygNat1.pri_genomic
LOC120030790	120030790	XM_038976224.1	XP_038832152.1	GCF_016432855.1_SaNama_1.0_genomic
has1	103478477	XM_008432369.1	XP_008430591.1	GCF_000633615.1_Guppy_female_1.0_MT_genomic
LOC121269577	121269577	XM_041174277.1	XP_041030211.1	GCF_017639515.1_sCarCar2.pri_genomic
LOC116322643	116322643	XM_039605330.1	XP_039461264.1	GCF_013358895.1_ZZ_aureus_genomic
LOC116948146	116948146	XM_032964553.1	XP_032820444.1	GCF_010993605.1_kPetMar1.pri_genomic
LOC118411195	118411195	XM_035813273.1	XP_035669166.1	GCF_000003815.2_Bfl_VNyyK_genomic
has1	121586110	XM_041902599.1	XP_041758533.1	GCF_020615455.1_ASM2061545v1_genomic
LOC118211463	118211463	XM_035388685.1	XP_035244576.1	GCF_013347855.1_fAngAng1.pri_genomic
has1	114843376	XM_029129874.2	XP_028985707.1	GCF_900634795.3_fBetSpl5.3_genomic
LOC116945789	116945789	XM_032960322.1	XP_032816213.1	GCF_010993605.1_kPetMar1.pri_genomic
Has1	101972074	XM_040279851.1	XP_040135785.1	GCF_016881025.1_HiC_Itri_2_genomic
LOC121542372	121542372	XM_041851774.2	XP_041707708.1	GCF_020615455.1_ASM2061545v1_genomic
LOC118211468	118211468	XM_035388699.1	XP_035244590.1	GCF_013347855.1_fAngAng1.pri_genomic
LOC105920034	105920034	XM_012855525.3	XP_012710979.1	GCF_011125445.2_MU-UCD_Fhet_4.1_genomic
has1	103047586	XM_007250810.4	XP_007250872.2	GCF_023375975.1_AstMex3_surface_genomic
has1	121720195	XM_042106154.1	XP_041962088.1	GCF_018492685.1_fAloSap1.pri_genomic
LOC109142400	109142400	XM_027286383.1	XP_027142184.1	GCF_000972845.2_L_crocea_2.0_genomic
has1	119005820	XM_037073819.1	XP_036929714.1	GCF_904848185.1_fAcaLat1.1_genomic
LOC118556245	118556245	XM_036128150.1	XP_035984043.1	GCF_011125445.2_MU-UCD_Fhet_4.1_genomic
has1	115374442	XM_030073378.1	XP_029929238.1	GCF_902150065.1_fMyrMur1.1_genomic
LOC101171028	101171028	XM_004077795.4	XP_004077843.1	GCF_002234675.1_ASM223467v1_genomic
has1	100145746	NM_001127118.1	NP_001120590.1	GCF_000004195.4_UCB_Xtro_10.0_genomic
LOC121299297	121299297	XM_041226975.1	XP_041082909.1	GCF_017654505.1_ASM1765450v1_genomic
LOC117971156	117971156	XM_034919169.1	XP_034775060.1	GCF_010645085.1_ASM1064508v1_genomic
LOC106578351	106578351	XM_014157055.2	XP_014012530.1	GCF_905237065.1_Ssal_v3.1_genomic
has1	115794813	XM_030750471.1	XP_030606331.1	GCF_007364275.1_fArcCen1_genomic
has3	122775537	XM_044035461.1	XP_043891396.1	GCF_019176455.1_IFAPA_SoseM_1_genomic
has1	117777350	XM_034612055.1	XP_034467946.1	GCF_009819705.1_fHipHip1.pri_genomic
LOC118211456	118211456	XM_035388671.1	XP_035244562.1	GCF_013347855.1_fAngAng1.pri_genomic
has1	115396870	XM_030102938.1	XP_029958798.1	GCF_902148845.1_fSalaFa1.1_genomic
has1	118113128	XM_035162522.1	XP_035018413.1	GCF_022539355.2_HSTE1.2_genomic
LOC120048559	120048559	XM_038994642.1	XP_038850570.1	GCF_016432855.1_SaNama_1.0_genomic
LOC109901799	109901799	XM_020497764.2	XP_020353353.2	GCF_002021735.2_Okis_V2_genomic
has1	112222758	XM_024385499.2	XP_024241267.2	GCF_018296145.1_Otsh_v2.0_genomic
LOC110538188	110538188	XM_021624836.2	XP_021480511.2	GCF_013265735.2_USDA_OmykA_1.1_genomic
LOC115140874	115140874	XM_029679309.1	XP_029535169.1	GCF_006149115.2_Oner_1.1_genomic
LOC122809227	122809227	XM_044080543.1	XP_043936478.1	GCF_019279795.1_PAN1.0_genomic
LOC117433846	117433846	XM_034056266.2	XP_033912157.2	GCF_010645085.1_ASM1064508v1_genomic
LOC110510523	110510523	XM_021591887.2	XP_021447562.1	GCF_013265735.2_USDA_OmykA_1.1_genomic
LOC109901800	109901800	XM_031802994.1	XP_031658854.1	GCF_002021735.2_Okis_V2_genomic
LOC113061224	113061224	XM_026230263.1	XP_026086048.1	GCF_003368295.1_ASM336829v1_genomic
LOC121380349	121380349	XM_041509133.1	XP_041365067.1	GCF_016097555.1_Gae_host_genome_genomic
LOC113116709	113116709	XM_026285023.1	XP_026140808.1	GCF_003368295.1_ASM336829v1_genomic
has1	105019096	XM_010885006.1	XP_010883308.1	GCF_011004845.1_fEsoLuc1.pri_genomic
has1	101465324	XM_004541589.4	XP_004541646.3	GCF_000238955.4_M_zebra_UMD2a_genomic
has1	112143940	XM_024268190.2	XP_024123958.1	GCF_002922805.2_ASM292280v2_genomic
LOC112227043	112227043	XM_042309358.1	XP_042165292.1	GCF_018296145.1_Otsh_v2.0_genomic
LOC115821534	115821534	XM_030785349.1	XP_030641209.1	GCF_902362185.1_fChaCha1.1_genomic
has1	118300444	XM_035624838.2	XP_035480731.1	GCF_022379125.1_ASM2237912v1_genomic
has1	121513544	XM_041793352.1	XP_041649286.1	GCF_018320785.1_ASM1832078v1_genomic
LOC102217002	102217002	XM_005798438.2	XP_005798495.1	GCF_002775205.1_X_maculatus-5.0-male_genomic
has1	122360058	XM_043260368.1	XP_043116303.1	GCF_018831695.1_ASM1883169v1_genomic
has1	109052687	XM_042740978.1	XP_042596912.1	GCF_018340385.1_ASM1834038v1_genomic
has1	121610694	XM_041942930.1	XP_041798864.1	GCF_017976325.1_fCheRos1.pri_genomic
LOC116318737	116318737	XM_039619690.1	XP_039475624.1	GCF_013358895.1_ZZ_aureus_genomic
has1	108922203	XM_018732180.2	XP_018587696.2	GCF_900964775.1_fSclFor1.1_genomic
has1	117383435	XM_033980617.1	XP_033836508.1	GCF_009829125.1_fPerMag1.pri_genomic
LOC100707580	100707580	XM_003458426.5	XP_003458474.2	GCF_001858045.2_O_niloticus_UMD_NMBU_genomic
has1	117514579	XM_034175099.1	XP_034030990.1	GCF_902500255.1_fThaAma1.1_genomic
HAS1	103345464	XM_017338277.1	XP_017193766.1	GCF_000003625.3_OryCun2.0_genomic
has1	121185586	XM_041043823.1	XP_040899757.1	GCF_017976425.1_fToxJac2.pri_genomic
LOC107374122	107374122	XM_015942275.1	XP_015797761.1	GCF_001465895.1_Nfu_20140520_genomic
has1	103388529	XM_008323567.2	XP_008321789.1	GCF_000523025.1_Cse_v1.0_genomic
has1	117266247	XM_033641329.1	XP_033497220.1	GCF_005281545.1_ASM528154v1_genomic
has1	117822711	XM_034697583.1	XP_034553474.1	GCF_009762535.1_fNotCel1.pri_genomic
has1	121641910	XM_041988288.1	XP_041844222.1	GCF_017639745.1_fMelBoe1.pri_genomic
has1	119409472	XM_037676367.1	XP_037532295.1	GCF_014905685.2_NemWhi1_genomic
LOC118426833	118426833	XM_035836380.1	XP_035692273.1	GCF_000003815.2_Bfl_VNyyK_genomic
has1	114139426	XM_028009370.1	XP_027865171.1	GCF_001444195.1_X_couchianus-1.0_genomic
has1	118784056	XM_036538042.1	XP_036393935.1	GCF_013368585.1_fMegCyp1.pri_genomic
LOC117513389	117513389	XM_034173584.1	XP_034029475.1	GCF_902500255.1_fThaAma1.1_genomic
LOC118784057	118784057	XM_036538043.1	XP_036393936.1	GCF_013368585.1_fMegCyp1.pri_genomic
has1	113575671	XM_027007282.2	XP_026863083.2	GCF_013358815.1_fEleEle1.pri_genomic
has1	122987060	XM_044358694.1	XP_044214629.1	GCF_914725855.1_fThuAlb1.1_genomic
has1	121905286	XM_042423449.1	XP_042279383.1	GCF_910596095.1_fThuMac1.1_genomic
LOC115821000	115821000	XM_030784738.1	XP_030640598.1	GCF_902362185.1_fChaCha1.1_genomic
has1	116715137	XM_032555865.1	XP_032411756.1	GCF_003331165.1_Xiphophorus_hellerii-4.1_genomic
LOC118427439	118427439	XM_035837238.1	XP_035693131.1	GCF_000003815.2_Bfl_VNyyK_genomic
LOC113095811	113095811	XM_026261181.1	XP_026116966.1	GCF_003368295.1_ASM336829v1_genomic
LOC115821004	115821004	XM_030784742.1	XP_030640602.1	GCF_902362185.1_fChaCha1.1_genomic
LOC113076903	113076903	XM_026249515.1	XP_026105300.1	GCF_003368295.1_ASM336829v1_genomic
has1	120783775	XM_040116992.1	XP_039972926.1	GCF_016859285.1_ASM1685928v1_genomic
has1	120811150	XM_040166342.1	XP_040022276.1	GCF_016920845.1_GAculeatus_UGA_version5_genomic
has1.S	379383	NM_001086227.1	NP_001079696.1	GCF_017654675.1_Xenopus_laevis_v10.1_genomic
has1	108250006	XM_017439677.2	XP_017295166.2	GCF_001649575.2_ASM164957v2_genomic
has1	114556556	XM_028579532.1	XP_028435333.1	GCF_004354835.1_PFLA_1.0_genomic
has1	117745901	XM_034554509.1	XP_034410400.1	GCF_009769545.1_fCycLum1.pri_genomic
has1	120562029	XM_039805443.1	XP_039661377.1	GCF_010015445.1_GENO_Pfluv_1.0_genomic
has1	116691023	XM_032518330.1	XP_032374221.1	GCF_008692095.1_UIUC_Espe_1.0_genomic
has1	116049312	XM_031298846.2	XP_031154706.1	GCF_008315115.2_SLUC_FBN_1.2_genomic
has1	117946905	XM_034875406.1	XP_034731297.1	GCF_013103735.1_CSU_Ecrag_1.0_genomic
LOC119564235	119564235	XM_037883520.2	XP_037739448.2	GCF_015237465.2_rCheMyd1.pri.v2_genomic
has1	121946093	XM_042490522.1	XP_042346456.1	GCF_008729295.1_YSFRI_Pleo_2.0_genomic
LOC116406439	116406439	XM_031898469.1	XP_031754329.1	GCF_000004195.4_UCB_Xtro_10.0_genomic
has1	119497559	XM_037785779.1	XP_037641707.1	GCF_015220745.1_fSebUmb1.pri_genomic
has1	122774549	XM_044033944.1	XP_043889879.1	GCF_019176455.1_IFAPA_SoseM_1_genomic
LOC109057465	109057465	XM_042772473.1	XP_042628407.1	GCF_018340385.1_ASM1834038v1_genomic
has1	117460414	XM_034101806.1	XP_033957697.1	GCF_902827115.1_fPseGeo1.1_genomic
LOC118427717	118427717	XM_035837631.1	XP_035693524.1	GCF_000003815.2_Bfl_VNyyK_genomic
has-rs.S	398074	NM_001088359.1	NP_001081828.1	GCF_017654675.1_Xenopus_laevis_v10.1_genomic
has1	115021121	XM_029451292.1	XP_029307152.1	GCF_900634415.1_fCotGob3.1_genomic
LOC119848083	119848083	XM_038383455.2	XP_038239383.1	GCF_009764565.3_rDerCor1.pri.v4_genomic
LOC111953782	111953782	XM_023973273.2	XP_023829041.2	GCF_002910315.2_ASM291031v2_genomic
LOC121685630	121685630	XM_042066242.1	XP_041922176.1	GCF_018492685.1_fAloSap1.pri_genomic
has1	118367817	XM_035751489.1	XP_035607382.1	GCF_012931545.1_Oket_V1_genomic
LOC121366845	121366845	XM_041491128.1	XP_041347062.1	GCF_016097555.1_Gae_host_genome_genomic
LOC115116712	115116712	XM_029645195.1	XP_029501055.1	GCF_006149115.2_Oner_1.1_genomic
LOC107988566	107988566	XM_025055869.1	XP_024911637.1	GCF_000523025.1_Cse_v1.0_genomic
HAS2	119850395	XM_038388294.2	XP_038244222.2	GCF_009764565.3_rDerCor1.pri.v4_genomic
LOC105831202	105831202	XM_012671183.3	XP_012526637.1	GCF_013373865.1_ASM1337386v2_genomic
LOC118411181	118411181	XM_035813259.1	XP_035669152.1	GCF_000003815.2_Bfl_VNyyK_genomic
LOC111128180	111128180	XM_022473658.1	XP_022329366.1	GCF_002022765.2_C_virginica-3.0_genomic
LOC116659727	116659727	XM_032467552.1	XP_032323443.1	GCF_009834535.1_BCGSAC_Cfer_1.0_genomic
LOC117869887	117869887	XM_034756991.1	XP_034612882.1	GCF_013100865.1_CAS_Tse_1.0_genomic
LOC118760849	118760849	XM_036500002.1	XP_036355895.1	GCF_006345805.1_ASM634580v1_genomic
LOC115230150	115230150	XM_029800362.2	XP_029656222.2	GCF_006345805.1_ASM634580v1_genomic
