LOC100880935	XM_012283274.1	100880935	XP_012138664.1	143995	Megachile rotundata
LOC117225207	XM_033478563.1	117225207	XP_033334454.1	115081	Megalopta genalis
LOC108621755	XM_018019250.1	108621755	XP_017874739.1	7263	Drosophila arizonae
LOC108652934	XM_018103137.2	108652934	XP_017958626.1	7232	Drosophila navojoa
LOC117585727	XM_034275366.1	117585727	XP_034131257.1	7266	Drosophila guanche
LOC119638080	XM_038034703.1	119638080	XP_037890631.1	7396	Glossina fuscipes
LOC106085815	XM_013250236.1	106085815	XP_013105690.1	35570	Stomoxys calcitrans
LOC116342668	XM_031770364.1	116342668	XP_031626224.1	265458	Contarinia nasturtii
LOC101895796	XM_005188652.3	101895796	XP_005188709.1	7370	Musca domestica
LOC108975368	XM_018943806.1	108975368	XP_018799351.1	174628	Bactrocera latifrons
LOC118745917	XM_036479579.1	118745917	XP_036335472.1	28610	Rhagoletis pomonella
LOC108365722	XM_017619854.1	108365722	XP_017475343.1	28612	Rhagoletis zephyria
LOC106619018	XM_036373423.1	106619018	XP_036229316.1	104688	Bactrocera oleae
LOC105213132	XM_011185701.2	105213132	XP_011184003.1	28588	Zeugodacus cucurbitae
LOC101453548	XM_012301619.2	101453548	XP_012157009.1	7213	Ceratitis capitata
LOC109405983	XM_019679040.3	109405983	XP_019534585.1	7160	Aedes albopictus
LOC101861723	XM_035969176.1	101861723	XP_035825069.1	6500	Aplysia californica
LOC113372656	XM_026613011.1	113372656	XP_026468796.1	7515	Ctenocephalides felis
LOC114931634	XM_029303761.1	114931634	XP_029159594.1	613905	Nylanderia fulva
LOC108724914	XM_018451616.1	108724914	XP_018307118.1	64791	Trachymyrmex zeteki
LOC108761593	XM_018508202.1	108761593	XP_018363704.1	471704	Trachymyrmex cornetzi
LOC105258339	XM_011269550.3	105258339	XP_011267852.1	104421	Camponotus floridanus
LOC105145297	XM_011054751.1	105145297	XP_011053053.1	103372	Acromyrmex echinatior
LOC107994538	XM_028665115.1	107994538	XP_028520916.1	7461	Apis cerana
LOC108749229	XM_018487795.1	108749229	XP_018343297.1	34720	Trachymyrmex septentrionalis
LOC105561386	XM_012011321.1	105561386	XP_011866711.1	411798	Vollenhovia emeryi
LOC106742874	XM_014616214.1	106742874	XP_014471700.1	609295	Dinoponera quadriceps
LOC108777085	XM_018543882.1	108777085	XP_018399384.1	456900	Cyphomyrmex costatus
LOC118071698	XM_035091020.1	118071698	XP_034946911.1	460826	Chelonus insularis
LOC102681708	XM_031514854.1	102681708	XP_031370714.1	7462	Apis dorsata
LOC100868062	XM_012492862.2	100868062	XP_012348316.1	7463	Apis florea
LOC105189308	XM_011151322.3	105189308	XP_011149624.1	610380	Harpegnathos saltator
LOC107191901	XM_015581043.1	107191901	XP_015436529.1	178035	Dufourea novaeangliae
LOC105454411	XM_011696998.1	105454411	XP_011695300.1	64793	Wasmannia auropunctata
LOC122536937	XM_043669730.1	122536937	XP_043525665.1	561572	Frieseomelitta varia
LOC127290234	XM_051318698.1	127290234	XP_051174655.1	-9223372036854775808	
LOC108553522	XM_017908455.1	108553522	XP_017763944.1	516756	Eufriesea mexicana
LOC122397366	XM_043396488.1	122397366	XP_043252423.1	935657	Colletes gigas
LOC116425531	XM_031973410.1	116425531	XP_031829270.1	2448451	Nomia melanderi
LOC107074595	XM_015336155.1	107074595	XP_015191641.1	743375	Polistes dominula
LOC108690240	XM_018197427.1	108690240	XP_018052916.1	520822	Atta colombica
LOC105621766	XM_012203222.1	105621766	XP_012058612.1	12957	Atta cephalotes
LOC100748510	XM_024368667.2	100748510	XP_024224435.1	132113	Bombus impatiens
LOC117166670	XM_033350867.1	117166670	XP_033206758.1	2705177	Bombus vancouverensis nearcticus
LOC117212361	XM_033457167.1	117212361	XP_033313058.1	103933	Bombus bifarius
LOC117231286	XM_033489599.1	117231286	XP_033345490.1	207650	Bombus vosnesenskii
LOC116847350	XM_032822269.1	116847350	XP_032678160.1	486640	Odontomachus brunneus
LOC107274340	XM_015753377.2	107274340	XP_015608863.1	211228	Cephus cinctus
LOC122526232	XM_043649519.1	122526232	XP_043505454.1	30207	Polistes fuscatus
LOC106793893	XM_014761171.1	106793893	XP_014616657.1	91411	Polistes canadensis
LOC105425997	XM_011637045.2	105425997	XP_011635347.1	144034	Pogonomyrmex barbatus
LOC105265311	XM_011302742.1	105265311	XP_011301044.1	64838	Fopius arisanus
LOC105701456	XM_012428206.1	105701456	XP_012283629.1	222816	Orussus abietinus
LOC111427889	XM_023063247.1	111427889	XP_022919015.1	166361	Onthophagus taurus
LOC112455925	XM_025018143.1	112455925	XP_024873911.1	300111	Temnothorax curvispinosus
LOC117639323	XM_034374874.1	117639323	XP_034230765.1	161013	Thrips palmi
LOC123013408	XM_044411903.1	123013408	XP_044267838.1	41895	Tribolium madens
LOC106118264	XM_013312876.1	106118264	XP_013168330.1	66420	Papilio xuthus
LOC106133601	XM_013333390.1	106133601	XP_013188844.1	680683	Amyelois transitella
LOC109534738	XM_019900507.2	109534738	XP_019756066.2	77166	Dendroctonus ponderosae
LOC106099671	XM_013278273.1	106099671	XP_013133727.1	76194	Papilio polytes
LOC113233885	XM_026469157.1	113233885	XP_026324942.1	1477025	Hyposmocoma kahamanoa
LOC116170575	XM_031487067.1	116170575	XP_031342927.1	7054	Photinus pyralis
LOC115875156	XM_030890546.1	115875156	XP_030746406.1	7048	Sitophilus oryzae
LOC114243151	XM_028174542.1	114243151	XP_028030343.1	7092	Bombyx mandarina
LOC113394309	XM_026631565.1	113394309	XP_026487350.1	334116	Vanessa tameamea
LOC122719631	XM_043945600.1	122719631	XP_043801535.1	183418	Apis laboriosa
LOC106666781	XM_014394212.2	106666781	XP_014249698.1	79782	Cimex lectularius
LOC108001990	XM_028668900.1	108001990	XP_028524701.1	7461	Apis cerana
LOC108558345	XM_017915239.1	108558345	XP_017770728.1	110193	Nicrophorus vespilloides
LOC106660151	XM_014383008.2	106660151	XP_014238494.1	7493	Trichogramma pretiosum
LOC108575110	XM_017937827.1	108575110	XP_017793316.1	597456	Habropoda laboriosa
LOC106636227	XM_014348563.1	106636227	XP_014204049.1	29053	Copidosoma floridanum
LOC111862175	XM_023847359.2	111862175	XP_023703127.1	105785	Cryptotermes secundus
LOC110834525	XM_022073770.1	110834525	XP_021929462.1	136037	Zootermopsis nevadensis
LOC111517844	XM_023174127.1	111517844	XP_023029895.1	7539	Leptinotarsa decemlineata
LOC105673783	XM_012369657.1	105673783	XP_012225080.1	83485	Linepithema humile
LOC106684638	XM_014426838.1	106684638	XP_014282324.1	286706	Halyomorpha halys
LOC108732965	XM_018463979.1	108732965	XP_018319481.1	224129	Agrilus planipennis
LOC108904526	XM_018707120.2	108904526	XP_018562636.1	217634	Anoplophora glabripennis
LOC109044007	XM_019061453.1	109044007	XP_018916998.1	7038	Bemisia tabaci
LOC107036182	XM_015253950.1	107036182	XP_015109436.1	454923	Diachasma alloeum
LOC122715935	XM_043938533.1	122715935	XP_043794468.1	183418	Apis laboriosa
LOC105360565	XM_011497503.1	105360565	XP_011495805.1	142686	Ceratosolen solmsi marchali
LOC109860841	XM_020440210.1	109860841	XP_020295799.1	219809	Pseudomyrmex gracilis
LOC118188797	XM_035359308.1	118188797	XP_035215199.1	202533	Stegodyphus dumicola
LOC126838863	XM_050573626.1	126838863	XP_050429583.1	133065	Adelges cooleyi
LOC107443595	XM_043053559.1	107443595	XP_042909493.1	114398	Parasteatoda tepidariorum
LOC126541924	XM_050188894.1	126541924	XP_050044851.1	34620	Dermacentor andersoni
LOC126903305	XM_050681436.1	126903305	XP_050537393.1	58002	Daktulosphaira vitifoliae
LOC112599445	XM_025346366.1	112599445	XP_025202151.1	742174	Melanaphis sacchari
LOC107451385	XM_043057383.1	107451385	XP_042913317.1	114398	Parasteatoda tepidariorum
LOC106458718	XM_022385410.1	106458718	XP_022241118.1	6850	Limulus polyphemus
LOC100907845	XM_029111081.1	100907845	XP_028966914.1	34638	Galendromus occidentalis
LOC8029452	XM_029991518.3	8029452	XP_029847378.1	6945	Ixodes scapularis
LOC111621624	XM_023363823.1	111621624	XP_023219591.1	218467	Centruroides sculpturatus
LOC111032968	XM_022313474.1	111032968	XP_022169166.1	13164	Myzus persicae
LOC112693243	XM_025568225.1	112693243	XP_025424010.1	143950	Sipha flava
LOC108624713	XM_026813305.1	108624713	XP_026669106.1	156304	Ceratina calcarata
LOC107173386	XM_015523908.1	107173386	XP_015379394.1	143948	Diuraphis noxia
LOC111254093	XM_022814597.1	111254093	XP_022670332.1	109461	Varroa destructor
LOC111270541	XM_022850806.1	111270541	XP_022706541.1	62625	Varroa jacobsoni
LOC119092807	XM_037215725.1	119092807	XP_037071620.1	41117	Pollicipes pollicipes
LOC119092808	XM_037215726.1	119092808	XP_037071621.1	41117	Pollicipes pollicipes
LOC119096311	XM_037219150.1	119096311	XP_037075045.1	41117	Pollicipes pollicipes
LOC110852795	XM_022100918.2	110852795	XP_021956610.1	158441	Folsomia candida
LOC106474652	XM_013935344.2	106474652	XP_013790798.1	6850	Limulus polyphemus
LOC111707702	XM_023480841.1	111707702	XP_023336609.1	88015	Eurytemora affinis
LOC121878565	XM_042384902.1	121878565	XP_042240836.1	6706	Homarus americanus
LOC122261256	XM_043028771.1	122261256	XP_042884705.1	27405	Penaeus japonicus
LOC111862174	XM_023847358.2	111862174	XP_023703126.1	105785	Cryptotermes secundus
LOC107264603	XM_015733016.2	107264603	XP_015588502.1	211228	Cephus cinctus
LOC107359084	XM_015925531.2	107359084	XP_015781017.1	32264	Tetranychus urticae
LOC113794083	XM_027344169.1	113794083	XP_027199970.1	6956	Dermatophagoides pteronyssinus
LOC113394500	XM_026631831.1	113394500	XP_026487616.1	334116	Vanessa tameamea
LOC108677942	XM_018166256.2	108677942	XP_018021745.1	294128	Hyalella azteca
LOC113211858	XM_052266719.1	113211858	XP_052122679.1	133901	Frankliniella occidentalis
LOC102674343	XM_031510069.1	102674343	XP_031365929.1	7462	Apis dorsata
LOC106133593	XM_013333378.1	106133593	XP_013188832.1	680683	Amyelois transitella
LOC108552510	XM_017907097.1	108552510	XP_017762586.1	516756	Eufriesea mexicana
LOC106118241	XM_013312826.1	106118241	XP_013168280.1	66420	Papilio xuthus
LOC122533514	XM_043663323.1	122533514	XP_043519258.1	561572	Frieseomelitta varia
LOC106099845	XM_013278523.1	106099845	XP_013133977.1	76194	Papilio polytes
LOC105704522	XM_012433818.1	105704522	XP_012289241.1	222816	Orussus abietinus
LOC107192149	XM_015581349.1	107192149	XP_015436835.1	178035	Dufourea novaeangliae
LOC113235651	XM_026471480.1	113235651	XP_026327265.1	1477025	Hyposmocoma kahamanoa
LOC113373339	XM_026613648.1	113373339	XP_026469433.1	7515	Ctenocephalides felis
LOC114243166	XM_028174564.1	114243166	XP_028030365.1	7092	Bombyx mandarina
LOC111624303	XM_023367117.1	111624303	XP_023222885.1	218467	Centruroides sculpturatus
LOC110859890	XM_022108920.2	110859890	XP_021964612.1	158441	Folsomia candida
LOC8029448	XM_029991519.4	8029448	XP_029847379.2	6945	Ixodes scapularis
LOC116429133	XM_031981687.1	116429133	XP_031837547.1	2448451	Nomia melanderi
LOC119096763	XM_037219687.1	119096763	XP_037075582.1	41117	Pollicipes pollicipes
LOC108914806	XM_023456099.1	108914806	XP_023311867.1	217634	Anoplophora glabripennis
LOC116843339	XM_032813704.1	116843339	XP_032669595.1	486640	Odontomachus brunneus
LOC108673566	XM_047883744.1	108673566	XP_047739700.1	294128	Hyalella azteca
LOC105191141	XM_025302347.1	105191141	XP_025158132.1	610380	Harpegnathos saltator
LOC106742417	XM_014615333.1	106742417	XP_014470819.1	609295	Dinoponera quadriceps
LOC108622633	XM_026811642.1	108622633	XP_026667443.1	156304	Ceratina calcarata
LOC127290210	XM_051318644.1	127290210	XP_051174601.1	-9223372036854775808	
LOC105249711	XM_011255378.3	105249711	XP_011253680.2	104421	Camponotus floridanus
LOC100879229	XM_012286510.1	100879229	XP_012141900.1	143995	Megachile rotundata
LOC122399394	XM_043400050.1	122399394	XP_043255985.1	935657	Colletes gigas
LOC123013702	XM_044412420.1	123013702	XP_044268355.1	41895	Tribolium madens
LOC109464835	XM_019761915.1	109464835	XP_019617474.1	7741	Branchiostoma belcheri
LOC108570877	XM_017932807.1	108570877	XP_017788296.1	597456	Habropoda laboriosa
LOC117238716	XM_033503853.1	117238716	XP_033359744.1	207650	Bombus vosnesenskii
LOC117159029	XM_033338509.1	117159029	XP_033194400.1	2705177	Bombus vancouverensis nearcticus
LOC117215765	XM_033462230.1	117215765	XP_033318121.1	103933	Bombus bifarius
LOC108691753	XM_018199636.1	108691753	XP_018055125.1	520822	Atta colombica
LOC100744247	XM_024366321.2	100744247	XP_024222089.2	132113	Bombus impatiens
LOC101864665	XM_013085801.2	101864665	XP_012941255.1	6500	Aplysia californica
LOC108745891	XM_018482296.1	108745891	XP_018337798.1	34720	Trachymyrmex septentrionalis
LOC106636864	XM_014349408.1	106636864	XP_014204894.1	29053	Copidosoma floridanum
LOC124147076	XM_048402913.1	124147076	XP_048258870.1	6454	Haliotis rufescens
LOC118066677	XM_035082889.1	118066677	XP_034938780.1	460826	Chelonus insularis
LOC105565685	XM_012019087.1	105565685	XP_011874477.1	411798	Vollenhovia emeryi
LOC106176551	XM_013558988.1	106176551	XP_013414442.1	7574	Lingula anatina
LOC105460624	XM_011707113.1	105460624	XP_011705415.1	64793	Wasmannia auropunctata
LOC108772292	XM_018537799.1	108772292	XP_018393301.1	456900	Cyphomyrmex costatus
LOC115881920	XM_030899649.1	115881920	XP_030755509.1	7048	Sitophilus oryzae
LOC106158988	XM_013535132.2	106158988	XP_013390586.1	7574	Lingula anatina
LOC111426060	XM_023060407.1	111426060	XP_022916175.1	166361	Onthophagus taurus
LOC117220401	XM_033470333.1	117220401	XP_033326224.1	115081	Megalopta genalis
LOC106176561	XM_024076554.1	106176561	XP_023932322.1	7574	Lingula anatina
LOC109418235	XM_029864690.1	109418235	XP_029720550.1	7160	Aedes albopictus
LOC106165353	XM_013543537.1	106165353	XP_013398991.1	7574	Lingula anatina
LOC112905707	XM_025978642.1	112905707	XP_025834427.1	224129	Agrilus planipennis
LOC112454786	XM_025016373.1	112454786	XP_024872141.1	300111	Temnothorax curvispinosus
LOC106820845	XM_014825431.1	106820845	XP_014680917.1	37621	Priapulus caudatus
LOC127719173	XM_052225196.1	127719173	XP_052081156.1	-9223372036854775808	
LOC111426021	XM_023060358.1	111426021	XP_022916126.1	166361	Onthophagus taurus
LOC110458439	XM_021510124.1	110458439	XP_021365799.1	6573	Mizuhopecten yessoensis
LOC106176913	XM_013559504.2	106176913	XP_013414958.1	7574	Lingula anatina
LOC115242239	XM_029818394.1	115242239	XP_029674254.1	72781	Formica exsecta
LOC106176624	XM_013559094.1	106176624	XP_013414548.1	7574	Lingula anatina
LOC109853939	XM_020426536.1	109853939	XP_020282125.1	219809	Pseudomyrmex gracilis
LOC127719172	XM_052225195.1	127719172	XP_052081155.1	-9223372036854775808	
LOC110458442	XM_021510131.1	110458442	XP_021365806.1	6573	Mizuhopecten yessoensis
LOC101859001	XM_035968877.1	101859001	XP_035824770.1	6500	Aplysia californica
LOC127730360	XM_052238730.1	127730360	XP_052094690.1	-9223372036854775808	
LOC111509259	XM_023164971.1	111509259	XP_023020739.1	7539	Leptinotarsa decemlineata
LOC118192313	XM_035363253.1	118192313	XP_035219144.1	202533	Stegodyphus dumicola
LOC105674923	XM_012371607.1	105674923	XP_012227030.1	83485	Linepithema humile
LOC106170231	XM_013550026.2	106170231	XP_013405480.1	7574	Lingula anatina
LOC106176978	XM_013559581.1	106176978	XP_013415035.1	7574	Lingula anatina
LOC106158697	XM_013534771.1	106158697	XP_013390225.1	7574	Lingula anatina
LOC114943233	XM_029318828.1	114943233	XP_029174661.1	613905	Nylanderia fulva
LOC111426064	XM_023060418.1	111426064	XP_022916186.1	166361	Onthophagus taurus
LOC109545443	XM_048667006.1	109545443	XP_048522963.1	77166	Dendroctonus ponderosae
LOC105360778	XM_011497779.1	105360778	XP_011496081.1	142686	Ceratosolen solmsi marchali
LOC101859375	XM_013086397.2	101859375	XP_012941851.2	6500	Aplysia californica
LOC110450673	XM_021498298.1	110450673	XP_021353973.1	6573	Mizuhopecten yessoensis
LOC108562203	XM_017920465.1	108562203	XP_017775954.1	110193	Nicrophorus vespilloides
LOC125679023	XM_048917906.1	125679023	XP_048773863.1	37623	Ostrea edulis
LOC125682023	XM_048922399.1	125682023	XP_048778356.1	37623	Ostrea edulis
LOTGIDRAFT_154879	XM_009065384.1	20236440	XP_009063632.1	225164	Lottia gigantea
LOC105271092	XM_011312426.1	105271092	XP_011310728.1	64838	Fopius arisanus
LOC101855956	XM_035970277.1	101855956	XP_035826170.1	6500	Aplysia californica
LOC107036123	XM_015253864.1	107036123	XP_015109350.1	454923	Diachasma alloeum
LOC124119782	XM_048382287.1	124119782	XP_048238244.1	6454	Haliotis rufescens
LOC127727790	XM_052234907.1	127727790	XP_052090867.1	-9223372036854775808	
LOC101458727	XM_012306564.2	101458727	XP_012161954.1	7213	Ceratitis capitata
LOC124288801	XM_046725329.1	124288801	XP_046581285.1	36100	Haliotis rubra
LOC124254002	XM_046687854.1	124254002	XP_046543810.1	36100	Haliotis rubra
LOC124132179	XM_048381754.1	124132179	XP_048237711.1	6454	Haliotis rufescens
LOC106458013	XM_013917462.2	106458013	XP_013772916.1	6850	Limulus polyphemus
LOC108737645	XM_025978592.1	108737645	XP_025834377.1	224129	Agrilus planipennis
LOC124132178	XM_046495941.2	124132178	XP_046351897.2	6454	Haliotis rufescens
LOC115881882	XM_030899594.1	115881882	XP_030755454.1	7048	Sitophilus oryzae
LOC108369929	XM_017625154.1	108369929	XP_017480643.1	28612	Rhagoletis zephyria
LOC116177313	XM_031496254.1	116177313	XP_031352114.1	7054	Photinus pyralis
LOC117114398	XM_033258060.1	117114398	XP_033113951.1	1529436	Anneissia japonica
LOC105217058	XM_011191869.2	105217058	XP_011190171.1	28588	Zeugodacus cucurbitae
LOC117579722	XM_034265718.1	117579722	XP_034121609.1	7266	Drosophila guanche
LOC108614115	XM_018008055.1	108614115	XP_017863544.1	7263	Drosophila arizonae
LOC125645600	XM_048871196.1	125645600	XP_048727153.1	37623	Ostrea edulis
LOC119631759	XM_038024248.1	119631759	XP_037880176.1	7396	Glossina fuscipes
LOC107362642	XM_015929744.2	107362642	XP_015785230.1	32264	Tetranychus urticae
LOC108651755	XM_018101639.2	108651755	XP_017957128.1	7232	Drosophila navojoa
LOC124260725	XM_046695011.1	124260725	XP_046550967.1	36100	Haliotis rubra
LOC101898706	XM_011292877.2	101898706	XP_011291179.1	7370	Musca domestica
LOTGIDRAFT_127716	XM_009063478.1	20232744	XP_009061726.1	225164	Lottia gigantea
LOC108973372	XM_018940614.1	108973372	XP_018796159.1	174628	Bactrocera latifrons
LOC124113602	XM_046474046.2	124113602	XP_046330002.2	6454	Haliotis rufescens
LOC118070002	XM_035088403.1	118070002	XP_034944294.1	460826	Chelonus insularis
LOTGIDRAFT_127517	XM_009063476.1	20232715	XP_009061724.1	225164	Lottia gigantea
LOC111705759	XM_023478406.1	111705759	XP_023334174.1	88015	Eurytemora affinis
LOC105621961	XM_012203395.1	105621961	XP_012058785.1	12957	Atta cephalotes
LOC127734371	XM_052244205.1	127734371	XP_052100165.1	-9223372036854775808	
LOC124134072	XM_048400065.1	124134072	XP_048256022.1	6454	Haliotis rufescens
LOC125679024	XM_048917910.1	125679024	XP_048773867.1	37623	Ostrea edulis
LOC8026235	XM_040222998.1	8026235	XP_040078932.1	6945	Ixodes scapularis
LOC111703868	XM_023475948.1	111703868	XP_023331716.1	88015	Eurytemora affinis
LOC127733063	XM_052242326.1	127733063	XP_052098286.1	-9223372036854775808	
LOC124268991	XM_046704025.1	124268991	XP_046559981.1	36100	Haliotis rubra
LOC125657552	XM_048888203.1	125657552	XP_048744160.1	37623	Ostrea edulis
Has2	XM_028767567.1	114621334	XP_028623400.1	491861	Grammomys surdaster
Has2	XM_052747832.1	128116521	XP_052603792.1	-9223372036854775808	
LOC124135929	XM_046501624.2	124135929	XP_046357580.2	6454	Haliotis rufescens
Has2	XM_048457144.1	125415023	XP_048313101.1	447135	Myodes glareolus
Has2	XM_050145418.1	126503599	XP_050001375.1	100897	Microtus fortis
Has2	XM_021657740.1	110561355	XP_021513415.1	10047	Meriones unguiculatus
LOC124134079	XM_046498721.2	124134079	XP_046354677.2	6454	Haliotis rufescens
Has2	XM_026406678.1	113195238	XP_026262463.1	9999	Urocitellus parryii
HAS2	XM_019665860.1	109395081	XP_019521405.1	186990	Hipposideros armiger
Has2	XM_027952294.1	114105718	XP_027808095.1	93162	Marmota flaviventris
Has2	XM_046464757.1	124106895	XP_046320713.1	9995	Marmota monax
HAS2	XM_008585337.1	103600972	XP_008583559.1	482537	Galeopterus variegatus
HAS2	XM_040626109.1	103661603	XP_040482043.1	29073	Ursus maritimus
Has2	XM_015486425.2	107142891	XP_015341911.1	9993	Marmota marmota marmota
LOC118738684	XM_036469596.1	118738684	XP_036325489.1	28610	Rhagoletis pomonella
LOC102544075	XM_006211418.3	102544075	XP_006211480.1	30538	Vicugna pacos
LOC105082905	XM_010972602.2	105082905	XP_010970904.1	9837	Camelus bactrianus
HAS2	XM_026495499.3	113252765	XP_026351284.1	9644	Ursus arctos
HAS2	XM_039227208.1	120228659	XP_039083139.1	95912	Hyaena hyaena
LOC110453643	XM_021502685.1	110453643	XP_021358360.1	6573	Mizuhopecten yessoensis
Has2	XM_013032227.1	105997712	XP_012887681.1	10020	Dipodomys ordii
HAS2	XM_019459935.1	109273210	XP_019315480.1	9691	Panthera pardus
HAS2	XM_025922758.1	112859508	XP_025778543.1	9696	Puma concolor
HAS2	XM_025993398.1	112915955	XP_025849183.1	9627	Vulpes vulpes
HAS2	XM_040494336.1	121042919	XP_040350270.1	1608482	Puma yagouaroundi
LOC124507470	XM_047073806.1	124507470	XP_046929762.1	61384	Lynx rufus
Has2	XM_013122555.3	101823939	XP_012978009.1	10036	Mesocricetus auratus
HAS2	XM_032858408.1	116868278	XP_032714299.1	76717	Lontra canadensis
LOC101343848	XM_023728175.1	101343848	XP_023583943.1	9778	Trichechus manatus latirostris
HAS2	XM_025871054.1	112823355	XP_025726839.1	34884	Callorhinus ursinus
HAS2	XM_028105705.1	114211198	XP_027961506.1	34886	Eumetopias jubatus
HAS2	XM_003933098.3	101048448	XP_003933147.1	27679	Saimiri boliviensis boliviensis
HAS2	XM_008001453.2	103237364	XP_007999644.1	60711	Chlorocebus sabaeus
HAS2	XM_011718730.2	105468510	XP_011717032.1	9545	Macaca nemestrina
HAS2	XM_011941057.1	105511038	XP_011796447.1	54131	Colobus angolensis palliatus
HAS2	XM_011973006.1	105534302	XP_011828396.1	9568	Mandrillus leucophaeus
HAS2	XM_012057455.1	105584563	XP_011912845.1	9531	Cercocebus atys
HAS2	XM_017530715.2	108305946	XP_017386204.1	2715852	Cebus imitator
HAS2	XM_017854448.1	108516805	XP_017709937.1	61621	Rhinopithecus bieti
HAS2	XM_032252768.1	116533148	XP_032108659.1	9515	Sapajus apella
HAS2	XM_032758490.1	116812697	XP_032614381.1	81572	Hylobates moloch
HAS2	XM_033202933.1	117079231	XP_033058824.1	54180	Trachypithecus francoisi
Has2	XM_004838010.2	101724130	XP_004838067.1	10181	Heterocephalus glaber
HAS2	XM_007445586.1	103090515	XP_007445648.1	118797	Lipotes vexillifer
HAS2	XM_027132353.1	113633801	XP_026988154.1	90247	Lagenorhynchus obliquidens
HAS2	XM_030875702.1	115863199	XP_030731562.1	9731	Globicephala melas
LOC110145623	XM_020906026.1	110145623	XP_020761685.1	9874	Odocoileus virginianus texanus
HAS2	XM_016207750.1	107533172	XP_016063236.1	291302	Miniopterus natalensis
HAS2	XM_022553997.2	111164375	XP_022409705.1	9749	Delphinapterus leucas
HAS2	XM_036264146.1	118631646	XP_036120039.1	27622	Molossus molossus
HAS2	XM_012466428.1	105726857	XP_012321851.1	37293	Aotus nancymaae
LOC111146646	XM_022502282.1	111146646	XP_022357990.1	34882	Enhydra lutris kenyoni
HAS2	XM_012664464.1	105826473	XP_012519918.1	379532	Propithecus coquereli
LOC127719175	XM_052225197.1	127719175	XP_052081157.1	-9223372036854775808	
HAS2	XM_007520808.1	103111522	XP_007520870.1	9365	Erinaceus europaeus
HAS2	XM_010838932.1	104987849	XP_010837234.1	9901	Bison bison bison
HAS2	XM_040261889.1	120878949	XP_040117823.1	59534	Oryx dammah
Has2	XM_005410908.2	102022855	XP_005410965.1	34839	Chinchilla lanigera
HAS2	XM_003408169.3	100661528	XP_003408217.1	9785	Loxodonta africana
HAS2	XM_004607644.1	101537021	XP_004607701.1	42254	Sorex araneus
HAS2	XM_004416640.1	101365887	XP_004416697.1	9707	Odobenus rosmarus divergens
Has2	XM_010635417.2	104870025	XP_010633719.1	885580	Fukomys damarensis
HAS2	XM_004480750.3	101439600	XP_004480807.1	9361	Dasypus novemcinctus
LOC101401751	XM_004431107.1	101401751	XP_004431164.1	9807	Ceratotherium simum simum
HAS2	XM_006157522.3	102491778	XP_006157584.1	246437	Tupaia chinensis
HAS2	XM_035011841.1	118015168	XP_034867732.1	9715	Mirounga leonina
HAS2	XM_045895970.1	123858763	XP_045751926.1	9716	Mirounga angustirostris
HAS2	XM_036436889.2	118718252	XP_036292782.1	59472	Pipistrellus kuhlii
HAS2	XM_008516116.1	103548360	XP_008514338.1	9798	Equus przewalskii
Has2	XM_008837986.3	103738152	XP_008836208.1	1026970	Nannospalax galili
HAS2	XM_037502176.1	119238456	XP_037358073.1	50954	Talpa occidentalis
HAS2	XM_003782374.3	100965137	XP_003782422.1	30611	Otolemur garnettii
Has2	XM_004634442.2	101586001	XP_004634499.1	10160	Octodon degus
HAS2	XM_032415844.1	116639457	XP_032271735.1	9720	Phoca vitulina
HAS2	XM_036068690.1	118520601	XP_035924583.1	9711	Halichoerus grypus
HAS2	XM_004679612.2	101625921	XP_004679669.1	143302	Condylura cristata
HAS2	XM_040979458.1	121155961	XP_040835392.1	130825	Ochotona curzoniae
HAS2	XM_006739332.2	102740905	XP_006739395.1	9713	Leptonychotes weddellii
HAS2	XM_006085251.2	102421035	XP_006085313.1	59463	Myotis lucifugus
HAS2	XM_008143356.2	103287645	XP_008141578.1	29078	Eptesicus fuscus
HAS2	XM_015567446.1	102760371	XP_015422932.1	225400	Myotis davidii
HAS2	XM_036338186.1	118670794	XP_036194079.1	51298	Myotis myotis
HAS2	XM_037048464.1	118988636	XP_036904359.1	192404	Sturnira hondurensis
LOC119064852	XM_037166752.2	119064852	XP_037022647.1	-9223372036854775808	
HAS2	XM_045861298.1	123833178	XP_045717254.1	9423	Phyllostomus hastatus
HAS2	XM_016127581.2	107501437	XP_015983067.1	9407	Rousettus aegyptiacus
LOC125372337	XM_048381965.1	125372337	XP_048237922.1	6454	Haliotis rufescens
Has2	XM_003463665.3	100731804	XP_003463713.1	10141	Cavia porcellus
HAS2	XM_005885867.2	102249515	XP_005885929.1	109478	Myotis brandtii
HAS2	XM_024572273.2	112315538	XP_024428041.1	9430	Desmodus rotundus
LOC106470918	XM_022399563.1	106470918	XP_022255271.1	6850	Limulus polyphemus
HAS2	XM_008056607.1	103258935	XP_008054798.1	1868482	Carlito syrichta
LOC110448740	XM_021495149.1	110448740	XP_021350824.1	6573	Mizuhopecten yessoensis
HAS2	XM_017680727.2	108409910	XP_017536216.1	9974	Manis javanica
HAS2	XM_036925529.1	118932236	XP_036781424.1	143292	Manis pentadactyla
HAS2	XM_005891980.2	102278313	XP_005892042.1	72004	Bos mutus
HAS2	XM_006916584.3	102879345	XP_006916646.1	9402	Pteropus alecto
LOC110445656	XM_021490380.1	110445656	XP_021346055.1	6573	Mizuhopecten yessoensis
LOC126541923	XM_050188893.1	126541923	XP_050044850.1	34620	Dermacentor andersoni
LOC112397124	XM_024741247.1	112397124	XP_024597015.1	189058	Neophocaena asiaeorientalis asiaeorientalis
HAS2	XM_039853650.1	120595512	XP_039709584.1	143291	Pteropus giganteus
LOC103004078	XM_028168202.1	103004078	XP_028024003.1	9767	Balaenoptera acutorostrata scammoni
LOC124269012	XM_046704042.1	124269012	XP_046559998.1	36100	Haliotis rubra
HAS2	XM_011360767.2	105292531	XP_011359069.1	132908	Pteropus vampyrus
LOC113790841	XM_027340549.1	113790841	XP_027196350.1	6956	Dermatophagoides pteronyssinus
LOC103517756	XM_017447570.2	103517756	XP_017303059.1	121845	Diaphorina citri
LOC125651593	XM_048880251.1	125651593	XP_048736208.1	37623	Ostrea edulis
HAS2	XM_020796512.1	110080529	XP_020652171.1	103695	Pogona vitticeps
LOC100907771	XM_029110606.1	100907771	XP_028966439.1	34638	Galendromus occidentalis
HAS2	XM_024217014.2	112118625	XP_024072782.1	158814	Terrapene carolina triunguis
HAS2	XM_006137506.3	102445131	XP_006137568.1	13735	Pelodiscus sinensis
HAS2	XM_032777236.1	116822981	XP_032633127.1	106734	Chelonoidis abingdonii
HAS2	XM_015412111.1	107111182	XP_015267597.1	146911	Gekko japonicus
LOC124121745	XM_048402600.1	124121745	XP_048258557.1	6454	Haliotis rufescens
LOC108379387	XM_017635730.1	108379387	XP_017491219.1	28612	Rhagoletis zephyria
HAS2	XM_007425841.2	103058218	XP_007425903.1	176946	Python bivittatus
HAS2	XM_044422161.1	123019324	XP_044278096.1	61221	Varanus komodoensis
HAS2	XM_009471076.1	104017993	XP_009469351.1	128390	Nipponia nippon
HAS2	XM_027854045.1	114037230	XP_027709846.1	29139	Vombatus ursinus
HAS2	XM_009682808.1	104149255	XP_009681103.1	8801	Struthio camelus australis
HAS2	XM_015824080.1	107294817	XP_015679566.1	103944	Protobothrops mucrosquamatus
HAS2	XM_034422240.1	117668388	XP_034278131.1	94885	Pantherophis guttatus
HAS2	XM_026689406.1	113426958	XP_026545191.1	8663	Notechis scutatus
HAS2	XM_026703615.1	113438288	XP_026559400.1	8673	Pseudonaja textilis
HAS2	XM_009695906.1	104158299	XP_009694208.1	54380	Cariama cristata
HAS2	XM_010228499.1	104580944	XP_010226801.1	94827	Tinamus guttatus
HAS2	XM_009581699.1	104070948	XP_009579994.1	30455	Fulmarus glacialis
HAS2	XM_009817359.1	104261369	XP_009815661.1	37040	Gavia stellata
HAS2	XM_009880996.1	104282864	XP_009879298.1	50402	Charadrius vociferus
HAS2	XM_009905774.1	104304974	XP_009904076.1	118200	Dryobates pubescens
HAS2	XM_009930678.1	104325836	XP_009928980.1	8969	Haliaeetus albicilla
HAS2	XM_009997452.1	104388569	XP_009995754.1	8897	Chaetura pelagica
HAS2	XM_010013623.1	104405031	XP_010011925.1	176057	Nestor notabilis
HAS2	XM_010295124.1	104627032	XP_010293426.1	97097	Phaethon lepturus
HAS2	XM_026843689.1	113477381	XP_026699490.1	194338	Athene cunicularia
HAS2	XM_010203956.1	104559123	XP_010202258.1	57412	Colius striatus
HAS2	XM_006025471.3	102388766	XP_006025533.1	38654	Alligator sinensis
HAS2	XM_006275564.3	102573446	XP_006275626.1	8496	Alligator mississippiensis
HAS2	XM_019552383.1	109321661	XP_019407928.1	8502	Crocodylus porosus
HAS2	XM_019528114.1	109305166	XP_019383659.1	94835	Gavialis gangeticus
HAS2	XM_008941466.1	103774085	XP_008939714.1	57421	Merops nubicus
HAS2	XM_009277218.1	103897231	XP_009275493.1	9233	Aptenodytes forsteri
HAS2	XM_009323329.1	103916358	XP_009321604.1	9238	Pygoscelis adeliae
HAS2	XM_026039497.1	112947413	XP_025895282.1	30464	Nothoprocta perdicaria
HAS2	XM_009864449.1	104270175	XP_009862751.1	57397	Apaloderma vittatum
HAS2	XM_026055698.1	112960959	XP_025911483.1	308060	Apteryx rowi
HAS2	XM_026110153.1	112989187	XP_025965938.1	8790	Dromaius novaehollandiae
HAS2	XM_010312299.1	104643099	XP_010310601.1	925459	Balearica regulorum gibbericeps
HAS2	XM_010080514.1	104466934	XP_010078816.1	240206	Pterocles gutturalis
HAS2	XM_035891580.1	104123704	XP_035747473.1	188379	Egretta garzetta
HAS2	XM_009477929.1	104027250	XP_009476204.1	36300	Pelecanus crispus
HAS2	XM_032999690.2	104367942	XP_032855581.1	56313	Tyto alba
HAS2	XM_014965183.1	106902023	XP_014820669.1	198806	Calidris pugnax
LOC127735028	XM_052245107.1	127735028	XP_052101067.1	-9223372036854775808	
LOC113793220	XM_027343212.1	113793220	XP_027199013.1	6956	Dermatophagoides pteronyssinus
HAS2	XM_010148114.1	104504324	XP_010146416.1	54383	Eurypyga helias
HAS2	XM_009991179.1	104383101	XP_009989481.1	121530	Tauraco erythrolophus
HAS2	XM_004697409.2	101658408	XP_004697466.1	9371	Echinops telfairi
LOC124257785	XM_046691925.1	124257785	XP_046547881.1	36100	Haliotis rubra
LOC102813576	XM_006830680.1	102813576	XP_006830743.1	185453	Chrysochloris asiatica
HAS2	XM_009568767.1	104066193	XP_009567062.1	55661	Cuculus canorus
HAS2	XM_010123284.1	104474466	XP_010121586.1	187382	Chlamydotis macqueenii
HAS2	XM_005241193.3	101916039	XP_005241250.1	8954	Falco peregrinus
HAS2	XM_005438423.3	102052598	XP_005438480.1	345164	Falco cherrug
HAS2	XM_042869365.1	122178863	XP_042725299.1	30410	Lagopus leucura
LOC111265514	XM_022842270.1	111265514	XP_022698005.1	62625	Varroa jacobsoni
LOC110445657	XM_021490383.1	110445657	XP_021346058.1	6573	Mizuhopecten yessoensis
HAS2	XM_010144491.1	104500780	XP_010142793.1	175835	Buceros rhinoceros silvestris
HAS2	XM_052703986.1	128091063	XP_052559946.1	-9223372036854775808	
HAS2	XM_042839898.1	122171956	XP_042695832.1	9002	Centrocercus urophasianus
HAS2	XM_031591177.1	116227712	XP_031447037.1	9054	Phasianus colchicus
HAS2	XM_013185053.2	106038507	XP_013040507.2	8845	Anser cygnoides
HAS2	XM_007943422.1	103199186	XP_007941613.1	9818	Orycteropus afer afer
LOTGIDRAFT_143023	XM_009052917.1	20234642	XP_009051165.1	225164	Lottia gigantea
HAS2	XM_009504031.1	104044239	XP_009502326.1	9209	Phalacrocorax carbo
HAS2	XM_009959827.1	104353286	XP_009958129.1	188344	Leptosomus discolor
HAS2	XM_008934566.2	103767427	XP_008932814.1	328815	Manacus vitellinus
HAS2	XM_017826403.1	108502932	XP_017681892.1	321398	Lepidothrix coronata
HAS2	XM_027684446.1	113968143	XP_027540247.1	114329	Neopelma chrysocephalum
HAS2	XM_027726981.2	113991012	XP_027582782.1	649802	Pipra filicauda
HAS2	XM_027884919.1	114057988	XP_027740720.1	164674	Empidonax traillii
HAS2	XM_050319078.1	126641886	XP_050175035.1	478635	Myiozetetes cayanensis
HAS2	XM_005479569.3	102070625	XP_005479626.1	44394	Zonotrichia albicollis
HAS2	XM_005516933.2	102113165	XP_005516990.1	181119	Pseudopodoces humilis
HAS2	XM_008642621.2	103623516	XP_008640843.1	85066	Corvus brachyrhynchos
HAS2	XM_023921445.1	111925089	XP_023777213.1	156563	Cyanistes caeruleus
HAS2	XM_039715523.1	120505214	XP_039571457.1	9160	Passer montanus
HAS2	XM_041407572.1	121337448	XP_041263506.1	356909	Onychostruthus taczanowskii
HAS2	XM_041470746.1	121355368	XP_041326680.1	221976	Pyrgilauda ruficollis
HAS2	XM_042036336.1	121668481	XP_041892270.1	68294	Corvus kubaryi
HAS2	XM_005420698.2	102045061	XP_005420755.1	48883	Geospiza fortis
HAS2	XM_027645750.1	113948286	XP_027501551.1	415028	Corapipo altera
HAS2	XM_014870126.1	106849492	XP_014725612.1	9172	Sturnus vulgaris
HAS2	XM_005507278.2	102087835	XP_005507335.1	8932	Columba livia
HAS2	XM_010194260.1	104548280	XP_010192562.1	54374	Mesitornis unicolor
HAS2	XM_009084682.1	103811695	XP_009082930.1	57068	Acanthisitta chloris
BM_BM9737	XM_043078454.1	6098494	XP_042934388.1	6279	Brugia malayi
LOC120343891	XM_039412912.1	120343891	XP_039268846.1	7725	Styela clava
LOC101854314	XM_035968658.1	101854314	XP_035824551.1	6500	Aplysia californica
HAS2	XM_010176847.1	104531836	XP_010175149.1	279965	Antrostomus carolinensis
LOC111246312	XM_022795684.1	111246312	XP_022651419.1	109461	Varroa destructor
HAS2	XM_009942719.1	104336853	XP_009941021.1	30419	Opisthocomus hoazin
LOC105154781	XM_011070507.1	105154781	XP_011068809.1	103372	Acromyrmex echinatior
LOC107673001	XM_016466400.1	107673001	XP_016321886.1	1608454	Sinocyclocheilus anshuiensis
LOC124119082	XM_046481486.2	124119082	XP_046337442.2	6454	Haliotis rufescens
LOC110459670	XM_021512032.1	110459670	XP_021367707.1	6573	Mizuhopecten yessoensis
LOC125678501	XM_048916998.1	125678501	XP_048772955.1	37623	Ostrea edulis
HELRODRAFT_76186	XM_009016144.1	20215262	XP_009014392.1	6412	Helobdella robusta
LOC100866934	XM_031917687.1	100866934	XP_031773547.1	7463	Apis florea
LOC124135987	XM_048381576.1	124135987	XP_048237533.1	6454	Haliotis rufescens
LOC107581653	XM_016267276.1	107581653	XP_016122762.1	75366	Sinocyclocheilus grahami
HAS2	XM_006879317.1	102858664	XP_006879379.1	28737	Elephantulus edwardii
Has2	XM_020153582.1	109677774	XP_020009171.1	51338	Castor canadensis
has2	XM_039679717.1	120484511	XP_039535651.1	90988	Pimephales promelas
LOC107596747	XM_016287543.1	107596747	XP_016143029.1	75366	Sinocyclocheilus grahami
LOC111624304	XM_023367118.1	111624304	XP_023222886.1	218467	Centruroides sculpturatus
has2	XM_016556378.1	107743236	XP_016411864.1	307959	Sinocyclocheilus rhinocerous
LOC107685568	XM_016482201.1	107685568	XP_016337687.1	1608454	Sinocyclocheilus anshuiensis
LOTGIDRAFT_235019	XM_009063477.1	20249724	XP_009061725.1	225164	Lottia gigantea
LOC110459671	XM_021512033.1	110459671	XP_021367708.1	6573	Mizuhopecten yessoensis
HAS2	XM_006003147.2	102359069	XP_006003209.1	7897	Latimeria chalumnae
LOC102284172	XM_005903613.1	102284172	XP_005903675.1	72004	Bos mutus
LOC124273161	XM_046708380.1	124273161	XP_046564336.1	36100	Haliotis rubra
LOC124134078	XM_046498718.2	124134078	XP_046354674.2	6454	Haliotis rufescens
LOC125680716	XM_048920437.1	125680716	XP_048776394.1	37623	Ostrea edulis
has2	XM_023813142.1	111844575	XP_023668910.1	1676925	Paramormyrops kingsleyae
has2	XM_036596329.1	118825624	XP_036452222.1	42526	Colossoma macropomum
LOC120858882	XM_040235235.1	120858882	XP_040091169.1	59534	Oryx dammah
LOC124269013	XM_046704043.1	124269013	XP_046559999.1	36100	Haliotis rubra
LOC120345701	XM_039415246.1	120345701	XP_039271180.1	7725	Styela clava
HAS2	XM_018553339.1	108784501	XP_018408841.1	125878	Nanorana parkeri
has2	XM_042332392.1	103183203	XP_042188326.1	7868	Callorhinchus milii
LOC127733064	XM_052242327.1	127733064	XP_052098287.1	-9223372036854775808	
has2	XM_015377234.1	107086349	XP_015232720.1	28743	Cyprinodon variegatus
has2	XM_008283647.1	103358617	XP_008281869.1	144197	Stegastes partitus
has2	XM_022753551.1	111227829	XP_022609272.1	41447	Seriola dumerili
has2	XM_023410414.1	111658043	XP_023266182.1	302047	Seriola lalandi dorsalis
has2	XM_031876122.1	116399166	XP_031731982.1	433405	Anarrhichthys ocellatus
LOC127717908	XM_052223770.1	127717908	XP_052079730.1	-9223372036854775808	
has2	XM_023276852.2	111572958	XP_023132620.1	80972	Amphiprion ocellaris
has2	XM_035673086.1	118336433	XP_035528979.1	34816	Morone saxatilis
has2	XM_020597193.1	109958497	XP_020452849.1	43700	Monopterus albus
has2	XM_051407442.1	127367534	XP_051263402.1	-9223372036854775808	
LOC124291065	XM_046727970.1	124291065	XP_046583926.1	36100	Haliotis rubra
has2	XM_007558721.2	103142560	XP_007558783.1	48698	Poecilia formosa
has2	XM_015001037.1	106926240	XP_014856523.1	48701	Poecilia mexicana
has2	XM_015041583.1	106953067	XP_014897069.1	48699	Poecilia latipinna
has2	XM_006794879.2	102800289	XP_006794942.1	32507	Neolamprologus brichardi
has2	XM_020091086.1	109631998	XP_019946645.1	8255	Paralichthys olivaceus
LOC124134683	XM_046499660.2	124134683	XP_046355616.2	6454	Haliotis rufescens
has2	XM_005743246.1	102205650	XP_005743303.1	303518	Pundamilia nyererei
has2	XM_005937668.2	102301569	XP_005937730.1	8153	Haplochromis burtoni
has2	XM_040013123.1	120722225	XP_039869057.1	43689	Simochromis diagramma
has2	XM_038712049.1	119897981	XP_038567977.1	27706	Micropterus salmoides
has2	XM_037455192.1	119198236	XP_037311089.1	134920	Pungitius pungitius
HAS2	XM_014074532.1	106555644	XP_013930007.1	35019	Thamnophis sirtalis
has2	XM_020937519.1	110171748	XP_020793178.1	150288	Boleophthalmus pectinirostris
LOC118816908	XM_036583512.1	118816908	XP_036439405.1	42526	Colossoma macropomum
LOC106816900	XM_014821543.1	106816900	XP_014677029.1	37621	Priapulus caudatus
has2	XM_020634977.2	109984833	XP_020490633.1	56723	Labrus bergylta
LOC127733543	XM_052242890.1	127733543	XP_052098850.1	-9223372036854775808	
has2	XM_034227835.1	117553755	XP_034083726.1	8218	Gymnodraco acuticeps
LOC118817824	XM_036584779.1	118817824	XP_036440672.1	42526	Colossoma macropomum
has2	XM_019892983.1	109529616	XP_019748542.1	109280	Hippocampus comes
has2	XM_049730264.1	125975113	XP_049586221.1	161590	Syngnathus scovelli
LOAG_18720	XM_020451384.1	9951971	XP_020304834.1	7209	Loa loa
LOC107686322	XM_016483289.1	107686322	XP_016338775.1	1608454	Sinocyclocheilus anshuiensis
has2	XM_034128007.1	117480628	XP_033983898.1	40690	Trematomus bernacchii
LOC107749305	XM_016564419.1	107749305	XP_016419905.1	307959	Sinocyclocheilus rhinocerous
has2	XM_010778891.1	104952136	XP_010777193.1	8208	Notothenia coriiceps
LOC127717732	XM_052223498.1	127717732	XP_052079458.1	-9223372036854775808	
LOC111661195	XM_023414687.1	111661195	XP_023270455.1	302047	Seriola lalandi dorsalis
LOC121848547	XM_042333135.1	121848547	XP_042189069.1	7868	Callorhinchus milii
LOC107686321	XM_016483288.1	107686321	XP_016338774.1	1608454	Sinocyclocheilus anshuiensis
LOC103146464	XM_016677520.1	103146464	XP_016533006.1	48698	Poecilia formosa
LOC106945023	XM_015028418.1	106945023	XP_014883904.1	48699	Poecilia latipinna
LOC107553937	XM_016236283.1	107553937	XP_016091769.1	75366	Sinocyclocheilus grahami
LOC127717707	XM_052223469.1	127717707	XP_052079429.1	-9223372036854775808	
has2	XM_014008937.1	106517893	XP_013864391.1	52670	Austrofundulus limnaeus
LOC106922791	XM_014995488.1	106922791	XP_014850974.1	48701	Poecilia mexicana
LOC106939846	XM_015022408.1	106939846	XP_014877894.1	48699	Poecilia latipinna
LOC103136524	XM_007549807.2	103136524	XP_007549869.1	48698	Poecilia formosa
LOC127717708	XM_052223471.1	127717708	XP_052079431.1	-9223372036854775808	
LOC110145620	XM_020906025.1	110145620	XP_020761684.1	9874	Odocoileus virginianus texanus
LOC111233240	XM_022761009.1	111233240	XP_022616730.1	41447	Seriola dumerili
LOC111562468	XM_023260993.2	111562468	XP_023116761.1	80972	Amphiprion ocellaris
LOC120326294	XM_039392555.1	120326294	XP_039248489.1	7725	Styela clava
LOTGIDRAFT_208748	XM_009053188.1	20246086	XP_009051436.1	225164	Lottia gigantea
LOC106513167	XM_014001860.1	106513167	XP_013857314.1	52670	Austrofundulus limnaeus
LOC106462542	XM_013922477.2	106462542	XP_013777931.1	6850	Limulus polyphemus
chs1	XM_038702230.1	119890810	XP_038558158.1	27706	Micropterus salmoides
LOC108380270	XM_017636642.1	108380270	XP_017492131.1	28612	Rhagoletis zephyria
LOC104987850	XM_010838933.1	104987850	XP_010837235.1	9901	Bison bison bison
LOC118816842	XM_036583435.1	118816842	XP_036439328.1	42526	Colossoma macropomum
LOC127733066	XM_052242333.1	127733066	XP_052098293.1	-9223372036854775808	
LOC127730941	XM_052239567.1	127730941	XP_052095527.1	-9223372036854775808	
LOC120462051	XM_039650481.1	120462051	XP_039506415.1	90988	Pimephales promelas
chs1	XM_034116385.1	117471411	XP_033972276.1	40690	Trematomus bernacchii
chs1	XM_035652372.1	118321156	XP_035508265.1	34816	Morone saxatilis
LOC119907742	XM_038725427.1	119907742	XP_038581355.1	27706	Micropterus salmoides
LOC127357468	XM_051389679.1	127357468	XP_051245639.1	-9223372036854775808	
LOC107084185	XM_015373899.1	107084185	XP_015229385.1	28743	Cyprinodon variegatus
chs1	XM_006780504.2	102775936	XP_006780567.2	32507	Neolamprologus brichardi
LOC107100006	XM_015398352.1	107100006	XP_015253838.1	28743	Cyprinodon variegatus
LOC109969026	XM_020615661.1	109969026	XP_020471317.1	43700	Monopterus albus
LOC107693785	XM_016493296.1	107693785	XP_016348782.1	1608454	Sinocyclocheilus anshuiensis
LOC127357469	XM_051389680.1	127357469	XP_051245640.1	-9223372036854775808	
chs1	XM_023281783.2	111576211	XP_023137551.1	80972	Amphiprion ocellaris
chs1	XM_051380441.1	127352224	XP_051236401.1	-9223372036854775808	
LOC107571073	XM_016257353.1	107571073	XP_016112839.1	75366	Sinocyclocheilus grahami
LOC109636909	XM_020098935.1	109636909	XP_019954494.1	8255	Paralichthys olivaceus
LOC120878950	XM_040261891.1	120878950	XP_040117825.1	59534	Oryx dammah
LOC106910296	XM_014976895.1	106910296	XP_014832381.1	48701	Poecilia mexicana
LOC127717733	XM_052223500.1	127717733	XP_052079460.1	-9223372036854775808	
LOC117477785	XM_034124527.1	117477785	XP_033980418.1	40690	Trematomus bernacchii
chs1	XM_014340387.2	102297543	XP_014195873.1	8153	Haplochromis burtoni
chs1	XM_040011256.1	120721149	XP_039867190.1	43689	Simochromis diagramma
LOC111852797	XM_023829052.1	111852797	XP_023684820.1	1676925	Paramormyrops kingsleyae
LOC111220150	XM_022743141.1	111220150	XP_022598862.1	41447	Seriola dumerili
LOC107553936	XM_016236282.1	107553936	XP_016091768.1	75366	Sinocyclocheilus grahami
LOC110001927	XM_029282072.1	110001927	XP_029137905.1	56723	Labrus bergylta
chs1	XM_034224338.1	117551436	XP_034080229.1	8218	Gymnodraco acuticeps
LOC108766024	XM_018515041.1	108766024	XP_018370543.1	471704	Trachymyrmex cornetzi
LOC118342368	XM_035680877.1	118342368	XP_035536770.1	34816	Morone saxatilis
LOC111645926	XM_023395272.1	111645926	XP_023251040.1	302047	Seriola lalandi dorsalis
chs1	XM_039690360.1	120492195	XP_039546294.1	90988	Pimephales promelas
LOC116382937	XM_031846398.1	116382937	XP_031702258.1	433405	Anarrhichthys ocellatus
LOC117477885	XM_034124678.1	117477885	XP_033980569.1	40690	Trematomus bernacchii
LOC117477886	XM_034124681.1	117477886	XP_033980572.1	40690	Trematomus bernacchii
chs1	XM_036583271.1	118816723	XP_036439164.1	42526	Colossoma macropomum
chs1	XM_037485534.1	119227069	XP_037341431.1	134920	Pungitius pungitius
LOC107447831	XM_043041906.1	107447831	XP_042897840.1	114398	Parasteatoda tepidariorum
LOC107100010	XM_015398356.1	107100010	XP_015253842.1	28743	Cyprinodon variegatus
LOC110173323	XM_020939322.1	110173323	XP_020794981.1	150288	Boleophthalmus pectinirostris
LOC120326564	XM_039392885.1	120326564	XP_039248819.1	7725	Styela clava
LOC110175401	XM_020941571.1	110175401	XP_020797230.1	150288	Boleophthalmus pectinirostris
LOC107100005	XM_015398351.1	107100005	XP_015253837.1	28743	Cyprinodon variegatus
LOC107565902	XM_016251199.1	107565902	XP_016106685.1	75366	Sinocyclocheilus grahami
LOC127357471	XM_051389682.1	127357471	XP_051245642.1	-9223372036854775808	
LOC119218925	XM_037473717.1	119218925	XP_037329614.1	134920	Pungitius pungitius
chs1	XM_049718439.1	125967390	XP_049574396.1	161590	Syngnathus scovelli
LOC125650896	XM_048879470.1	125650896	XP_048735427.1	37623	Ostrea edulis
LOC125679390	XM_048918590.1	125679390	XP_048774547.1	37623	Ostrea edulis
LOC109987372	XM_020638467.2	109987372	XP_020494123.1	56723	Labrus bergylta
LOC109531497	XM_019895810.1	109531497	XP_019751369.1	109280	Hippocampus comes
LOC103368524	XM_008296927.1	103368524	XP_008295149.1	144197	Stegastes partitus
LOC124149824	XM_046521618.2	124149824	XP_046377574.2	6454	Haliotis rufescens
LOC111661196	XM_023414689.1	111661196	XP_023270457.1	302047	Seriola lalandi dorsalis
LOC113373343	XM_026613650.1	113373343	XP_026469435.1	7515	Ctenocephalides felis
LOC102278597	XM_014477064.1	102278597	XP_014332550.1	72004	Bos mutus
LOC120326556	XM_039392876.1	120326556	XP_039248810.1	7725	Styela clava
LOC111233233	XM_022760999.1	111233233	XP_022616720.1	41447	Seriola dumerili
LOC110001926	XM_020657496.1	110001926	XP_020513152.1	56723	Labrus bergylta
LOC109952811	XM_020588072.1	109952811	XP_020443728.1	43700	Monopterus albus
LOC106808121	XM_014810701.1	106808121	XP_014666187.1	37621	Priapulus caudatus
LOC106167634	XM_024075362.1	106167634	XP_023931130.1	7574	Lingula anatina
LOC119907746	XM_038725431.1	119907746	XP_038581359.1	27706	Micropterus salmoides
LOC119219545	XM_037474810.1	119219545	XP_037330707.1	134920	Pungitius pungitius
LOC106161776	XM_013538793.1	106161776	XP_013394247.1	7574	Lingula anatina
LOC127718701	XM_052224755.1	127718701	XP_052080715.1	-9223372036854775808	
BM_BM6012	XM_043073095.1	6101931	XP_042929029.1	6279	Brugia malayi
LOAG_17877	XM_020450539.1	9940796	XP_020305771.1	7209	Loa loa
HAS3	XM_006008676.2	102352892	XP_006008738.2	7897	Latimeria chalumnae
LOC107725003	XM_016534120.1	107725003	XP_016389606.1	307959	Sinocyclocheilus rhinocerous
LOC110173301	XM_020939296.1	110173301	XP_020794955.1	150288	Boleophthalmus pectinirostris
LOC103368519	XM_008296924.1	103368519	XP_008295146.1	144197	Stegastes partitus
LOC106163195	XM_013540707.1	106163195	XP_013396161.1	7574	Lingula anatina
LOC106163037	XM_013540504.1	106163037	XP_013395958.1	7574	Lingula anatina
LOC118682019	XM_036368692.1	118682019	XP_036224585.1	104688	Bactrocera oleae
LOC116377023	XM_031838549.1	116377023	XP_031694409.1	433405	Anarrhichthys ocellatus
LOC127717850	XM_052223707.1	127717850	XP_052079667.1	-9223372036854775808	
has3	XM_007907937.2	103188089	XP_007906128.1	7868	Callorhinchus milii
Has3	XM_005403567.2	102004071	XP_005403624.1	34839	Chinchilla lanigera
HAS3	XM_004704589.2	101658149	XP_004704646.1	9371	Echinops telfairi
HAS3	XM_037515986.1	119248991	XP_037371883.1	50954	Talpa occidentalis
Has3	XM_026404472.1	113193722	XP_026260257.1	9999	Urocitellus parryii
HAS3	XM_006027829.2	102373237	XP_006027891.1	38654	Alligator sinensis
Has3	XM_027933310.1	114090963	XP_027789111.1	93162	Marmota flaviventris
Has3	XM_046434405.1	124086311	XP_046290361.1	9995	Marmota monax
HAS3	XM_019484410.1	106737219	XP_019339955.1	8496	Alligator mississippiensis
HAS3	XM_018557333.1	108787718	XP_018412835.1	125878	Nanorana parkeri
LOC118343132	XM_035681886.1	118343132	XP_035537779.1	34816	Morone saxatilis
HAS3	XM_006730076.2	102727783	XP_006730139.1	9713	Leptonychotes weddellii
HAS3	XM_016200787.1	107527898	XP_016056273.1	291302	Miniopterus natalensis
HAS3	XM_045191766.1	112300794	XP_045047701.1	9430	Desmodus rotundus
HAS3	XM_016164698.2	107520665	XP_016020184.2	9407	Rousettus aegyptiacus
Has3	XM_015496155.2	107150954	XP_015351641.2	9993	Marmota marmota marmota
HAS3	XM_032424367.1	116644644	XP_032280258.1	9720	Phoca vitulina
HAS3	XM_035024896.1	118023629	XP_034880787.1	9715	Mirounga leonina
HAS3	XM_036089395.1	118533917	XP_035945288.1	9711	Halichoerus grypus
HAS3	XM_045890839.1	123855317	XP_045746795.1	9716	Mirounga angustirostris
LOC113409375	XM_026663202.1	113409375	XP_026518987.1	158814	Terrapene carolina triunguis
HAS3	XM_045819062.1	123806066	XP_045675018.1	9423	Phyllostomus hastatus
HAS3	XM_037041405.1	118983809	XP_036897300.1	192404	Sturnira hondurensis
LOC125649522	XM_048877091.1	125649522	XP_048733048.1	37623	Ostrea edulis
HAS3	XM_020788335.1	110076300	XP_020643994.1	103695	Pogona vitticeps
Has3	XM_021632534.1	110546016	XP_021488209.1	10047	Meriones unguiculatus
HAS3	XM_008566995.1	103585891	XP_008565217.1	482537	Galeopterus variegatus
HAS3	XM_019654658.1	109389272	XP_019510203.1	186990	Hipposideros armiger
LOC119061929	XM_053666767.1	119061929	XP_053522742.1	-9223372036854775808	
LOC107680277	XM_016476104.1	107680277	XP_016331590.1	1608454	Sinocyclocheilus anshuiensis
HAS3	XM_007940295.1	103196541	XP_007938486.1	9818	Orycteropus afer afer
HAS3	XM_039222281.1	120224050	XP_039078212.1	95912	Hyaena hyaena
HAS3	XM_019455437.1	109270710	XP_019310982.1	9691	Panthera pardus
HAS3	XM_036273835.1	118638201	XP_036129728.1	27622	Molossus molossus
Has3	XM_020175321.1	109693770	XP_020030910.1	51338	Castor canadensis
HAS3	XM_037025311.1	108393449	XP_036881206.1	9974	Manis javanica
HAS3	XM_036441383.2	118720922	XP_036297276.1	59472	Pipistrellus kuhlii
HAS3	XM_012660520.1	105823349	XP_012515974.1	379532	Propithecus coquereli
Has3	XM_003471993.4	100725931	XP_003472041.1	10141	Cavia porcellus
Has3	XM_010612331.3	104854039	XP_010610633.1	885580	Fukomys damarensis
HAS3	XM_024733294.1	112391809	XP_024589062.1	189058	Neophocaena asiaeorientalis asiaeorientalis
HAS3	XM_023556608.1	100660025	XP_023412376.1	9785	Loxodonta africana
HAS3	XM_028143228.1	103284617	XP_027999029.1	29078	Eptesicus fuscus
HAS3	XM_008702412.2	103673621	XP_008700634.2	29073	Ursus maritimus
HAS3	XM_026011572.1	112929462	XP_025867357.1	9627	Vulpes vulpes
HAS3	XM_026495097.3	113252415	XP_026350882.1	9644	Ursus arctos
HAS3	XM_032771385.1	116819549	XP_032627276.1	106734	Chelonoidis abingdonii
HAS3	XM_011380560.2	105305759	XP_011378862.1	132908	Pteropus vampyrus
HAS3	XM_039851788.1	120593867	XP_039707722.1	143291	Pteropus giganteus
Has3	XM_008833880.3	103734806	XP_008832102.1	1026970	Nannospalax galili
HAS3	XM_008070040.2	103272548	XP_008068231.1	1868482	Carlito syrichta
Has3	XM_028768664.1	114622224	XP_028624497.1	491861	Grammomys surdaster
HAS3	XM_027119463.1	113627148	XP_026975264.1	90247	Lagenorhynchus obliquidens
HAS3	XM_029238122.1	114904323	XP_029093955.1	40151	Monodon monoceros
HAS3	XM_030863534.1	115856894	XP_030719394.1	9731	Globicephala melas
HAS3	XM_007524596.1	103114870	XP_007524658.1	9365	Erinaceus europaeus
Has3	XM_021230792.2	101837708	XP_021086451.1	10036	Mesocricetus auratus
LOC101348918	XM_004371445.2	101348918	XP_004371502.1	9778	Trichechus manatus latirostris
HAS3	XM_007449934.1	103072634	XP_007449996.1	118797	Lipotes vexillifer
HAS3	XM_025920678.1	112857374	XP_025776463.1	9696	Puma concolor
HAS3	XM_040442926.1	121009709	XP_040298860.1	1608482	Puma yagouaroundi
LOC124511435	XM_047078659.1	124511435	XP_046934615.1	61384	Lynx rufus
HAS3	XM_034426696.1	117671058	XP_034282587.1	94885	Pantherophis guttatus
HAS3	XM_028095251.1	114202177	XP_027951052.1	34886	Eumetopias jubatus
HAS3	XM_006860213.1	102834001	XP_006860275.1	185453	Chrysochloris asiatica
HAS3	XM_036346179.1	118674399	XP_036202072.1	51298	Myotis myotis
HAS3	XM_005881209.2	102242326	XP_005881271.1	109478	Myotis brandtii
HAS3	XM_004393332.1	101373682	XP_004393389.1	9707	Odobenus rosmarus divergens
Has3	XM_035457059.1	100757895	XP_035312950.1	10029	Cricetulus griseus
Has3	XM_048430791.1	125398166	XP_048286748.1	447135	Myodes glareolus
HAS3	XM_040982474.1	121157967	XP_040838408.1	130825	Ochotona curzoniae
Has3	XM_050143788.1	126502629	XP_049999745.1	100897	Microtus fortis
HAS3	XM_022583344.2	111179591	XP_022439052.1	9749	Delphinapterus leucas
HAS3	XM_025888969.1	112836956	XP_025744754.1	34884	Callorhinus ursinus
LOC101401753	XM_014788517.1	101401753	XP_014644003.1	9807	Ceratotherium simum simum
LOC106806877	XM_014809016.1	106806877	XP_014664502.1	37621	Priapulus caudatus
LOC112118521	XM_029914175.1	112118521	XP_029770035.1	158814	Terrapene carolina triunguis
Has3	XM_004625831.2	101585907	XP_004625888.2	10160	Octodon degus
HAS3	XM_006878662.1	102867868	XP_006878724.1	28737	Elephantulus edwardii
HAS3	XM_036897638.1	118918661	XP_036753533.1	143292	Manis pentadactyla
HAS3	XM_012437308.2	105706764	XP_012292731.1	37293	Aotus nancymaae
LOC111152757	XM_022511369.1	111152757	XP_022367077.1	34882	Enhydra lutris kenyoni
has3	XM_031868135.1	116394812	XP_031723995.1	433405	Anarrhichthys ocellatus
HAS3	XM_004600568.1	101546762	XP_004600625.1	42254	Sorex araneus
HAS3	XM_014591023.2	102489956	XP_014446509.1	246437	Tupaia chinensis
HAS3	XM_032157761.1	116471434	XP_032013652.1	81572	Hylobates moloch
HAS3	XM_014057883.1	106542218	XP_013913358.1	35019	Thamnophis sirtalis
LOC107707223	XM_016511544.1	107707223	XP_016367030.1	307959	Sinocyclocheilus rhinocerous
HAS3	XM_017539323.2	108311760	XP_017394812.1	2715852	Cebus imitator
HAS3	XM_032284286.1	116555566	XP_032140177.1	9515	Sapajus apella
HAS3	XM_033218809.1	117087961	XP_033074700.1	54180	Trachypithecus francoisi
HAS3	XM_011931990.1	105504528	XP_011787380.1	54131	Colobus angolensis palliatus
Has3	XM_013012937.1	105983138	XP_012868391.1	10020	Dipodomys ordii
HAS3	XM_010350697.2	104653219	XP_010348999.1	27679	Saimiri boliviensis boliviensis
HAS3	XM_008542843.1	103566426	XP_008541065.1	9798	Equus przewalskii
HAS3	XM_032854092.1	116865712	XP_032709983.1	76717	Lontra canadensis
HAS3	XM_007993820.2	103233221	XP_007992011.2	60711	Chlorocebus sabaeus
HAS3	XM_011976679.1	105537171	XP_011832069.1	9568	Mandrillus leucophaeus
HAS3	XM_012050647.1	105581444	XP_011906037.1	9531	Cercocebus atys
has3	XM_023397324.1	111647684	XP_023253092.1	302047	Seriola lalandi dorsalis
has3	XM_023827052.1	111851808	XP_023682820.1	1676925	Paramormyrops kingsleyae
HAS3	XM_027846157.1	114031125	XP_027701958.1	29139	Vombatus ursinus
HAS3	XM_040253296.1	120872718	XP_040109230.1	59534	Oryx dammah
HAS3	XM_004690434.2	101626269	XP_004690491.1	143302	Condylura cristata
Has3	XM_021256787.1	101717946	XP_021112446.1	10181	Heterocephalus glaber
has3	XM_015388907.1	107093702	XP_015244393.1	28743	Cyprinodon variegatus
HAS3	XM_010962535.2	105074866	XP_010960837.1	9837	Camelus bactrianus
HAS3	XM_015238703.2	102540878	XP_015094189.1	30538	Vicugna pacos
HAS3	XM_005896510.2	102283309	XP_005896572.1	72004	Bos mutus
HAS3	XM_010850964.1	104996658	XP_010849266.1	9901	Bison bison bison
has3	XM_022756297.1	111229825	XP_022612018.1	41447	Seriola dumerili
has3	XM_051383228.1	127353723	XP_051239188.1	-9223372036854775808	
HAS3	XM_020881130.1	110129649	XP_020736789.1	9874	Odocoileus virginianus texanus
has3	XM_010775659.1	104949316	XP_010773961.1	8208	Notothenia coriiceps
has3	XM_038705723.1	119893510	XP_038561651.1	27706	Micropterus salmoides
HAS3	XM_027646486.1	113948697	XP_027502287.1	415028	Corapipo altera
has3	XM_020935030.1	110169489	XP_020790689.1	150288	Boleophthalmus pectinirostris
has3	XM_034132914.1	117484442	XP_033988805.1	40690	Trematomus bernacchii
HAS3	XM_050311565.1	126637978	XP_050167522.1	478635	Myiozetetes cayanensis
has3	XM_039692036.1	120493439	XP_039547970.1	90988	Pimephales promelas
LOC107569650	XM_016255770.1	107569650	XP_016111256.1	75366	Sinocyclocheilus grahami
HAS3	XM_042797652.1	116960474	XP_042653586.1	56313	Tyto alba
LOC107672271	XM_016465401.1	107672271	XP_016320887.1	1608454	Sinocyclocheilus anshuiensis
LOC107740342	XM_016552757.1	107740342	XP_016408243.1	307959	Sinocyclocheilus rhinocerous
HAS3	XM_027903714.1	114067933	XP_027759515.1	164674	Empidonax traillii
has3	XM_005747886.1	102193903	XP_005747943.1	303518	Pundamilia nyererei
has3	XM_040026701.1	120730353	XP_039882635.1	43689	Simochromis diagramma
HAS3	XM_027685077.1	113968487	XP_027540878.1	114329	Neopelma chrysocephalum
LOC107583799	XM_016270127.1	107583799	XP_016125613.1	75366	Sinocyclocheilus grahami
has3	XM_014993237.1	106921505	XP_014848723.1	48701	Poecilia mexicana
has3	XM_005951181.3	102290815	XP_005951243.1	8153	Haplochromis burtoni
Has3	XM_052727062.1	128103016	XP_052583022.1	-9223372036854775808	
has3	XM_007579174.2	103156942	XP_007579236.1	48698	Poecilia formosa
has3	XM_023294411.2	111585026	XP_023150179.1	80972	Amphiprion ocellaris
HAS3	XM_010579549.1	104839325	XP_010577851.1	52644	Haliaeetus leucocephalus
HAS3	XM_017816253.1	108498016	XP_017671742.1	321398	Lepidothrix coronata
LOC107686259	XM_016483182.1	107686259	XP_016338668.1	1608454	Sinocyclocheilus anshuiensis
HAS3	XM_026684819.1	113423423	XP_026540604.1	8663	Notechis scutatus
has3	XM_029278643.1	109990594	XP_029134476.1	56723	Labrus bergylta
LOC127717706	XM_052223468.1	127717706	XP_052079428.1	-9223372036854775808	
has3	XM_006782241.2	102789346	XP_006782304.1	32507	Neolamprologus brichardi
HAS3	XM_027744529.2	114000296	XP_027600330.1	649802	Pipra filicauda
HAS3	XM_014942208.1	106888175	XP_014797694.1	198806	Calidris pugnax
HAS3	XM_042022841.1	121662051	XP_041878775.1	68294	Corvus kubaryi
has3	XM_008304471.1	103374388	XP_008302693.1	144197	Stegastes partitus
HAS3	XM_008927565.3	103761000	XP_008925813.2	328815	Manacus vitellinus
has3	XM_036584948.1	118817934	XP_036440841.1	42526	Colossoma macropomum
LOC109645899	XM_020111572.1	109645899	XP_019967131.1	8255	Paralichthys olivaceus
HAS3	XM_015811472.1	107283545	XP_015666958.1	103944	Protobothrops mucrosquamatus
HAS3	XM_014889522.1	106861261	XP_014745008.1	9172	Sturnus vulgaris
HAS3	XM_005531898.1	102104183	XP_005531955.1	181119	Pseudopodoces humilis
HAS3	XM_041400967.1	121334073	XP_041256901.1	356909	Onychostruthus taczanowskii
HAS3	XM_042885943.1	122187997	XP_042741877.1	30410	Lagopus leucura
HAS3	XM_039696567.1	120496281	XP_039552501.1	9160	Passer montanus
HAS3	XM_041484387.1	121362687	XP_041340321.1	221976	Pyrgilauda ruficollis
HAS3	XM_026719818.1	113448955	XP_026575603.1	8673	Pseudonaja textilis
HAS3	XM_009904438.1	104303764	XP_009902740.1	118200	Dryobates pubescens
HAS3	XM_031615054.1	116243685	XP_031470914.1	9054	Phasianus colchicus
has3	XM_019878095.1	109520699	XP_019733654.1	109280	Hippocampus comes
has3	XM_034227106.1	117553247	XP_034082997.1	8218	Gymnodraco acuticeps
HAS3	XM_042821620.1	122161879	XP_042677554.1	9002	Centrocercus urophasianus
HAS3	XM_052685855.1	128082029	XP_052541815.1	-9223372036854775808	
HAS3	XM_007444745.2	103053107	XP_007444807.1	176946	Python bivittatus
HELRODRAFT_63069	XM_009011644.1	20213455	XP_009009892.1	6412	Helobdella robusta
HAS3	XM_025045246.1	102887158	XP_024901014.1	9402	Pteropus alecto
HAS3	XM_048050510.1	106046595	XP_047906467.1	8845	Anser cygnoides
has3	XM_037452557.1	119196667	XP_037308454.1	134920	Pungitius pungitius
has3	XM_049724221.1	125971191	XP_049580178.1	161590	Syngnathus scovelli
has3	XM_014015668.1	106522596	XP_013871122.1	52670	Austrofundulus limnaeus
HAS3	XM_005424779.2	102044642	XP_005424836.1	48883	Geospiza fortis
HAS3	XM_007198185.1	103000737	XP_007198247.1	9767	Balaenoptera acutorostrata scammoni
HAS3	XM_044427615.1	123022158	XP_044283550.1	61221	Varanus komodoensis
HAS3	XM_009477398.1	104023561	XP_009475673.1	128390	Nipponia nippon
HAS3	XM_017850778.1	108514512	XP_017706267.1	61621	Rhinopithecus bieti
HAS3	XM_006760358.2	102768432	XP_006760421.1	225400	Myotis davidii
has3	XM_020624578.1	109974397	XP_020480234.1	43700	Monopterus albus
LOC127725981	XM_052233280.1	127725981	XP_052089240.1	-9223372036854775808	
HAS3	XM_019505243.1	109289249	XP_019360788.1	94835	Gavialis gangeticus
LOC120326565	XM_039392886.1	120326565	XP_039248820.1	7725	Styela clava
HAS3	XM_009890335.1	104291135	XP_009888637.1	50402	Charadrius vociferus
LOC111700451	XM_023471355.1	111700451	XP_023327123.1	88015	Eurytemora affinis
LOC118682334	XM_036370748.1	118682334	XP_036226641.1	104688	Bactrocera oleae
HAS3	XM_027783926.1	101913427	XP_027639727.1	8954	Falco peregrinus
HAS3	XM_023934445.1	111934390	XP_023790213.1	156563	Cyanistes caeruleus
LOC120326013	XM_039392218.1	120326013	XP_039248152.1	7725	Styela clava
LOC125660927	XM_048892741.1	125660927	XP_048748698.1	37623	Ostrea edulis
HAS3	XM_009556071.1	104054993	XP_009554366.1	55661	Cuculus canorus
LOC116300905	XM_031709875.1	116300905	XP_031565735.1	6105	Actinia tenebrosa
HAS3	XM_027802539.1	102049447	XP_027658340.1	345164	Falco cherrug
LOC107347082	XM_015912952.1	107347082	XP_015768438.1	70779	Acropora digitifera
LOC111423122	XM_023056366.1	111423122	XP_022912134.1	166361	Onthophagus taurus
LOC110239996	XM_028659288.1	110239996	XP_028515089.1	2652724	Exaiptasia diaphana
LOC110237868	XM_021043488.2	110237868	XP_020899147.1	2652724	Exaiptasia diaphana
LOC111425889	XM_023060184.1	111425889	XP_022915952.1	166361	Onthophagus taurus
LOC110053534	XM_020759774.1	110053534	XP_020615433.1	48498	Orbicella faveolata
LOC108727011	XM_018454897.1	108727011	XP_018310399.1	64791	Trachymyrmex zeteki
LOC106919441	XM_014989797.1	106919441	XP_014845283.1	48701	Poecilia mexicana
LOC127733637	XM_052242955.1	127733637	XP_052098915.1	-9223372036854775808	
LOC125646433	XM_048872705.1	125646433	XP_048728662.1	37623	Ostrea edulis
LOC124113182	XM_046473443.2	124113182	XP_046329399.2	6454	Haliotis rufescens
LOC110465974	XM_021522194.1	110465974	XP_021377869.1	6573	Mizuhopecten yessoensis
HAS3	XM_009289457.1	103907310	XP_009287732.1	9233	Aptenodytes forsteri
LOC124450504	XM_047001169.1	124450504	XP_046857125.1	2897299	Xenia sp. Carnegie-2017
LOC110239779	XM_021045524.2	110239779	XP_020901183.2	2652724	Exaiptasia diaphana
HAS3	XM_015406696.1	107106528	XP_015262182.1	146911	Gekko japonicus
LOC106919430	XM_014989770.1	106919430	XP_014845256.1	48701	Poecilia mexicana
LOC106810059	XM_014813326.1	106810059	XP_014668812.1	37621	Priapulus caudatus
LOC110237707	XM_021043319.2	110237707	XP_020898978.1	2652724	Exaiptasia diaphana
LOC111347236	XM_022954503.1	111347236	XP_022810238.1	50429	Stylophora pistillata
LOC111343868	XM_022951063.1	111343868	XP_022806798.1	50429	Stylophora pistillata
LOC124265054	XM_046699849.1	124265054	XP_046555805.1	36100	Haliotis rubra
LOC116308782	XM_031719288.1	116308782	XP_031575148.1	6105	Actinia tenebrosa
LOC107338231	XM_015903465.1	107338231	XP_015758951.1	70779	Acropora digitifera
LOC113664546	XM_027180159.1	113664546	XP_027035960.1	46731	Pocillopora damicornis
LOC127721292	XM_052228028.1	127721292	XP_052083988.1	-9223372036854775808	
LOC100641628	XM_019994788.1	100641628	XP_019850347.1	400682	Amphimedon queenslandica
LOC124257841	XM_046691989.1	124257841	XP_046547945.1	36100	Haliotis rubra
LOC124113184	XM_048395377.1	124113184	XP_048251334.1	6454	Haliotis rufescens
LOC127717774	XM_052223607.1	127717774	XP_052079567.1	-9223372036854775808	
LOC124257845	XM_046691990.1	124257845	XP_046547946.1	36100	Haliotis rubra
HAS3	XM_026084834.1	112975125	XP_025940619.1	308060	Apteryx rowi
LOC103146467	XM_016677522.1	103146467	XP_016533008.1	48698	Poecilia formosa
HAS3	XM_026119688.1	112994994	XP_025975473.1	8790	Dromaius novaehollandiae
LOC106519582	XM_014011314.1	106519582	XP_013866768.1	52670	Austrofundulus limnaeus
LOC106945021	XM_015028416.1	106945021	XP_014883902.1	48699	Poecilia latipinna
LOC127738003	XM_052249011.1	127738003	XP_052104971.1	-9223372036854775808	
LOC106171524	XM_013551912.1	106171524	XP_013407366.1	7574	Lingula anatina
LOC127732235	XM_052241316.1	127732235	XP_052097276.1	-9223372036854775808	
LOC111340249	XM_022947068.1	111340249	XP_022802803.1	50429	Stylophora pistillata
LOC106150672	XM_024075698.1	106150672	XP_023931466.1	7574	Lingula anatina
LOC111700871	XM_023471932.1	111700871	XP_023327700.1	88015	Eurytemora affinis
HAS1	XM_005995692.1	102363484	XP_005995754.1	7897	Latimeria chalumnae
HAS3	XM_021290880.1	102086971	XP_021146555.1	8932	Columba livia
LOC113680763	XM_027197803.1	113680763	XP_027053604.1	46731	Pocillopora damicornis
LOC109463883	XM_019760764.1	109463883	XP_019616323.1	7741	Branchiostoma belcheri
LOC124257847	XM_046691993.1	124257847	XP_046547949.1	36100	Haliotis rubra
HAS1	XM_026718813.1	113448206	XP_026574598.1	8673	Pseudonaja textilis
HAS1	XM_020807446.1	110086505	XP_020663105.1	103695	Pogona vitticeps
LOC107699477	XM_016500729.1	107699477	XP_016356215.1	1608454	Sinocyclocheilus anshuiensis
LOC107657615	XM_016445769.1	107657615	XP_016301255.1	1608454	Sinocyclocheilus anshuiensis
HAS1	XM_026684584.1	113423270	XP_026540369.1	8663	Notechis scutatus
has1	XM_014989387.1	106919183	XP_014844873.1	48701	Poecilia mexicana
has1	XM_023419833.1	111664991	XP_023275601.1	302047	Seriola lalandi dorsalis
has1	XM_035672520.1	118336000	XP_035528413.1	34816	Morone saxatilis
has1	XM_006794763.1	102795195	XP_006794826.1	32507	Neolamprologus brichardi
LOC103143133	XM_007559550.2	103143133	XP_007559612.1	48698	Poecilia formosa
has1	XM_015038296.1	106951038	XP_014893782.1	48699	Poecilia latipinna
has1	XM_016287274.1	107596529	XP_016142760.1	75366	Sinocyclocheilus grahami
has1	XM_005924229.3	102302827	XP_005924291.1	8153	Haplochromis burtoni
has1	XM_040013150.1	120722242	XP_039869084.1	43689	Simochromis diagramma
HAS1	XM_015427851.1	107124387	XP_015283337.1	146911	Gekko japonicus
LOC107723422	XM_016532016.1	107723422	XP_016387502.1	307959	Sinocyclocheilus rhinocerous
HAS1	XM_034434925.1	117675876	XP_034290816.1	94885	Pantherophis guttatus
LOC107714739	XM_016520700.1	107714739	XP_016376186.1	307959	Sinocyclocheilus rhinocerous
LOC127733636	XM_052242954.1	127733636	XP_052098914.1	-9223372036854775808	
has1	XM_008285857.1	103360181	XP_008284079.1	144197	Stegastes partitus
HAS1	XM_044418812.1	123017460	XP_044274747.1	61221	Varanus komodoensis
HAS1	XM_007441031.2	103051686	XP_007441093.1	176946	Python bivittatus
HAS1	XM_015822409.2	107293265	XP_015677895.1	103944	Protobothrops mucrosquamatus
LOC111855629	XM_023834820.1	111855629	XP_023690588.1	1676925	Paramormyrops kingsleyae
LOC109482332	XM_019785013.1	109482332	XP_019640572.1	7741	Branchiostoma belcheri
has1	XM_051405574.1	127366540	XP_051261534.1	-9223372036854775808	
HAS1	XM_032803317.1	116838270	XP_032659208.1	106734	Chelonoidis abingdonii
LOC106937670	XM_015019301.1	106937670	XP_014874787.1	48699	Poecilia latipinna
LOC100638358	XM_011408271.2	100638358	XP_011406573.2	400682	Amphimedon queenslandica
has1	XM_036579799.1	118814234	XP_036435692.1	42526	Colossoma macropomum
LOC120326562	XM_039392881.1	120326562	XP_039248815.1	7725	Styela clava
LOC108801429	XM_018573322.1	108801429	XP_018428824.1	125878	Nanorana parkeri
has1	XM_023283164.2	111577077	XP_023138932.1	80972	Amphiprion ocellaris
HAS1	XM_024203954.2	112109431	XP_024059722.2	158814	Terrapene carolina triunguis
LOC103368525	XM_008296929.1	103368525	XP_008295151.1	144197	Stegastes partitus
has1	XM_014016623.1	106523247	XP_013872077.1	52670	Austrofundulus limnaeus
LOC100638230	XM_003389517.3	100638230	XP_003389565.3	400682	Amphimedon queenslandica
LOC110064684	XM_020771772.1	110064684	XP_020627431.1	48498	Orbicella faveolata
LOC111845814	XM_023815494.1	111845814	XP_023671262.1	1676925	Paramormyrops kingsleyae
has1	XM_039679931.1	120484639	XP_039535865.1	90988	Pimephales promelas
LOC111234063	XM_022761973.1	111234063	XP_022617694.1	41447	Seriola dumerili
HAS3	XM_011758071.1	105491552	XP_011756373.1	9545	Macaca nemestrina
Has1	XM_013027615.1	105994185	XP_012883069.1	10020	Dipodomys ordii
LOC105423801	XM_025217481.1	105423801	XP_025073266.1	144034	Pogonomyrmex barbatus
has1	XM_038712513.1	119898311	XP_038568441.1	27706	Micropterus salmoides
LOC109633177	XM_020092818.1	109633177	XP_019948377.1	8255	Paralichthys olivaceus
LOC109468914	XM_019767295.1	109468914	XP_019622854.1	7741	Branchiostoma belcheri
LOC109464978	XM_019762097.1	109464978	XP_019617656.1	7741	Branchiostoma belcheri
LOC106175109	XM_013556947.1	106175109	XP_013412401.1	7574	Lingula anatina
LOC106151906	XM_013525346.1	106151906	XP_013380800.1	7574	Lingula anatina
Has1	XM_048449046.1	125409869	XP_048305003.1	447135	Myodes glareolus
LOC102197314	XM_005741248.2	102197314	XP_005741305.2	303518	Pundamilia nyererei
Has1	XM_021661038.1	110563830	XP_021516713.1	10047	Meriones unguiculatus
has1	XM_037453807.1	119197472	XP_037309704.1	134920	Pungitius pungitius
has1	XM_031852613.1	116386429	XP_031708473.1	433405	Anarrhichthys ocellatus
LOC109486247	XM_019789982.1	109486247	XP_019645541.1	7741	Branchiostoma belcheri
Has1	XM_050120144.1	126487396	XP_049976101.1	100897	Microtus fortis
has1	XM_020937200.1	110171491	XP_020792859.1	150288	Boleophthalmus pectinirostris
Has1	XM_021223357.2	101823778	XP_021079016.1	10036	Mesocricetus auratus
HAS3	XM_026039615.1	112947508	XP_025895400.1	30464	Nothoprocta perdicaria
Has1	XM_052712837.1	128094443	XP_052568797.1	-9223372036854775808	
Has1	XM_028766475.1	114620387	XP_028622308.1	491861	Grammomys surdaster
has1	XM_049731272.1	125975538	XP_049587229.1	161590	Syngnathus scovelli
has1	XM_020637331.2	109986618	XP_020492987.1	56723	Labrus bergylta
HAS1	XM_012813681.1	100956461	XP_012669135.1	30611	Otolemur garnettii
HAS1	XM_045847251.1	123824148	XP_045703207.1	9423	Phyllostomus hastatus
Has1	XM_020155235.1	109680355	XP_020010824.1	51338	Castor canadensis
Has1	XM_003465585.4	100712902	XP_003465633.2	10141	Cavia porcellus
has1	XM_034228324.1	117554085	XP_034084215.1	8218	Gymnodraco acuticeps
LOC101347098	XM_004381725.3	101347098	XP_004381782.1	9778	Trichechus manatus latirostris
HAS1	XM_039466389.1	101046826	XP_039322323.1	27679	Saimiri boliviensis boliviensis
HAS1	XM_019487056.1	102576462	XP_019342601.1	8496	Alligator mississippiensis
HAS1	XM_012643361.1	105809536	XP_012498815.1	379532	Propithecus coquereli
Has1	XM_026382036.1	113177499	XP_026237821.1	9999	Urocitellus parryii
HAS1	XM_017503871.2	108286238	XP_017359360.1	2715852	Cebus imitator
HAS1	XM_032264635.1	116540837	XP_032120526.1	9515	Sapajus apella
HAS1	XM_032171516.1	116479412	XP_032027407.1	81572	Hylobates moloch
HAS1	XM_024566478.2	112310225	XP_024422246.2	9430	Desmodus rotundus
HAS1	XM_006868126.1	102815103	XP_006868188.1	185453	Chrysochloris asiatica
Has1	XM_027921589.1	114080058	XP_027777390.1	93162	Marmota flaviventris
LOC110445150	XM_021489583.1	110445150	XP_021345258.1	6573	Mizuhopecten yessoensis
has1	XM_010782003.1	104954817	XP_010780305.1	8208	Notothenia coriiceps
LOC101395623	XM_004439016.2	101395623	XP_004439073.2	9807	Ceratotherium simum simum
HAS1	XM_037064572.1	118999831	XP_036920467.1	192404	Sturnira hondurensis
HAS1	XM_012461963.2	105723767	XP_012317386.1	37293	Aotus nancymaae
HAS1	XM_039839539.1	120583982	XP_039695473.1	143291	Pteropus giganteus
HAS1	XM_004619787.1	101554788	XP_004619844.1	42254	Sorex araneus
LOC119249642	XM_037517098.1	119249642	XP_037372995.1	50954	Talpa occidentalis
Has1	XM_023704846.1	101563220	XP_023560614.1	10160	Octodon degus
Has1	XM_046466068.1	124107842	XP_046322024.1	9995	Marmota monax
HAS1	XM_036274018.1	118638303	XP_036129911.1	27622	Molossus molossus
LOC119038463	XM_037130960.2	119038463	XP_036986855.2	-9223372036854775808	
HAS1	XM_019634649.1	109378196	XP_019490194.1	186990	Hipposideros armiger
Has1	XM_005412672.2	102008466	XP_005412729.1	34839	Chinchilla lanigera
HAS1	XM_016125710.2	107500451	XP_015981196.2	9407	Rousettus aegyptiacus
HAS1	XM_040458039.1	121018937	XP_040313973.1	1608482	Puma yagouaroundi
HAS1	XM_012081102.1	105595379	XP_011936492.1	9531	Cercocebus atys
HAS1	XM_048223910.1	113247342	XP_048079867.1	9644	Ursus arctos
HAS1	XM_040634406.1	103657359	XP_040490340.1	29073	Ursus maritimus
LOC119249643	XM_037517099.1	119249643	XP_037372996.1	50954	Talpa occidentalis
HAS1	XM_019425324.1	109252859	XP_019280869.1	9691	Panthera pardus
HAS1	XM_011767832.1	105497093	XP_011766134.1	9545	Macaca nemestrina
HAS1	XM_036883567.1	118911470	XP_036739462.1	143292	Manis pentadactyla
HAS1	XM_026014211.1	112931490	XP_025869996.1	9627	Vulpes vulpes
HAS1	XM_028091436.1	114199520	XP_027947237.1	34886	Eumetopias jubatus
HAS1	XM_033224346.1	117091691	XP_033080237.1	54180	Trachypithecus francoisi
LOC124511693	XM_047079075.1	124511693	XP_046935031.1	61384	Lynx rufus
LOC111176792	XM_022577650.2	111176792	XP_022433358.1	9749	Delphinapterus leucas
LOC109468915	XM_019767296.1	109468915	XP_019622855.1	7741	Branchiostoma belcheri
HAS1	XM_017864383.1	108523658	XP_017719872.1	61621	Rhinopithecus bieti
HAS1	XM_004415485.1	101385758	XP_004415542.1	9707	Odobenus rosmarus divergens
HAS1	XM_025849427.1	112806927	XP_025705212.1	34884	Callorhinus ursinus
HAS1	XM_036296216.1	118649301	XP_036152109.1	51298	Myotis myotis
HAS1	XM_039220174.1	120222377	XP_039076105.1	95912	Hyaena hyaena
HAS1	XM_037025738.1	108385574	XP_036881633.1	9974	Manis javanica
HAS1	XM_025216482.1	102374679	XP_025072267.1	38654	Alligator sinensis
LOC109952805	XM_020588061.1	109952805	XP_020443717.1	43700	Monopterus albus
HAS1	XM_011946228.1	105514694	XP_011801618.1	54131	Colobus angolensis palliatus
LOC106177697	XM_013560545.1	106177697	XP_013415999.1	7574	Lingula anatina
HAS1	XM_007997812.2	103235145	XP_007996003.1	60711	Chlorocebus sabaeus
HAS1	XM_032839410.1	116856133	XP_032695301.1	76717	Lontra canadensis
LOC109646031	XM_020111725.1	109646031	XP_019967284.1	8255	Paralichthys olivaceus
Has1	XM_004866752.3	101707808	XP_004866809.1	10181	Heterocephalus glaber
has1	XM_034127584.1	117480297	XP_033983475.1	40690	Trematomus bernacchii
HAS1	XM_040252072.1	120871971	XP_040108006.1	59534	Oryx dammah
HAS1	XM_034986998.1	117998278	XP_034842889.1	9715	Mirounga leonina
HAS1	XM_045892016.1	123855903	XP_045747972.1	9716	Mirounga angustirostris
HAS1	XM_036104100.1	118543251	XP_035959993.1	9711	Halichoerus grypus
LOC111160773	XM_022524120.1	111160773	XP_022379828.1	34882	Enhydra lutris kenyoni
HAS1	XM_004710461.4	101657953	XP_004710518.2	9371	Echinops telfairi
HAS1	XM_040978353.1	121155160	XP_040834287.1	130825	Ochotona curzoniae
HAS1	XM_032387975.1	116621939	XP_032243866.1	9720	Phoca vitulina
Has1	XM_008853369.3	103750321	XP_008851591.2	1026970	Nannospalax galili
LOC115238771	XM_029812833.1	115238771	XP_029668693.1	72781	Formica exsecta
HAS1	XM_007463397.1	103077212	XP_007463459.1	118797	Lipotes vexillifer
HAS1	XM_030847854.1	115847743	XP_030703714.1	9731	Globicephala melas
HAS1	XM_027079123.1	113605634	XP_026934924.1	90247	Lagenorhynchus obliquidens
HAS3	XM_012528870.2	101417802	XP_012384324.2	9361	Dasypus novemcinctus
HAS3	XM_017741351.1	103620588	XP_017596840.1	85066	Corvus brachyrhynchos
HAS1	XM_022586135.1	111181081	XP_022441843.1	9749	Delphinapterus leucas
HAS1	XM_029239347.1	114904929	XP_029095180.1	40151	Monodon monoceros
HAS1	XM_036422741.2	118710286	XP_036278634.1	59472	Pipistrellus kuhlii
LOC113664544	XM_027180156.1	113664544	XP_027035957.1	46731	Pocillopora damicornis
LOC109310734	XM_019536071.1	109310734	XP_019391616.1	8502	Crocodylus porosus
has1	XM_019886441.1	109525696	XP_019742000.1	109280	Hippocampus comes
HAS1	XM_027858233.1	114040208	XP_027714034.1	29139	Vombatus ursinus
HAS1	XM_024768515.1	112415483	XP_024624283.1	189058	Neophocaena asiaeorientalis asiaeorientalis
HAS1	XM_007538165.1	103127268	XP_007538227.1	9365	Erinaceus europaeus
HAS1	XM_028129450.1	103297721	XP_027985251.1	29078	Eptesicus fuscus
LOC113680748	XM_027197783.1	113680748	XP_027053584.1	46731	Pocillopora damicornis
HAS3	XM_014573179.2	102456379	XP_014428665.2	13735	Pelodiscus sinensis
LOC106095092	XM_013262339.1	106095092	XP_013117793.1	35570	Stomoxys calcitrans
LOC127710528	XM_052216456.1	127710528	XP_052072416.1	-9223372036854775808	
LOC109484826	XM_019788184.1	109484826	XP_019643743.1	7741	Branchiostoma belcheri
LOC109482515	XM_019785246.1	109482515	XP_019640805.1	7741	Branchiostoma belcheri
LOC106163421	XM_024077584.1	106163421	XP_023933352.1	7574	Lingula anatina
HAS3	XM_010008468.1	104398362	XP_010006770.1	8897	Chaetura pelagica
LOC114885956	XM_029206392.1	114885956	XP_029062225.1	40151	Monodon monoceros
LOC120326563	XM_039392884.1	120326563	XP_039248818.1	7725	Styela clava
Has1	XM_048806026.1	107160728	XP_048661983.1	9993	Marmota marmota marmota
HAS3	XM_006091148.3	102431478	XP_006091210.1	59463	Myotis lucifugus
LOC106159002	XM_013535157.1	106159002	XP_013390611.1	7574	Lingula anatina
LOC106178970	XM_013562405.1	106178970	XP_013417859.1	7574	Lingula anatina
LOC106816902	XM_014821544.1	106816902	XP_014677030.1	37621	Priapulus caudatus
LOC108743609	XM_025979774.1	108743609	XP_025835559.1	224129	Agrilus planipennis
HAS1	XM_021705964.1	103274697	XP_021561639.1	1868482	Carlito syrichta
has1	XM_020608433.1	109964862	XP_020464089.1	43700	Monopterus albus
HAS3	XM_014272190.2	102073257	XP_014127665.1	44394	Zonotrichia albicollis
HAS1	XM_010833467.1	104983919	XP_010831769.1	9901	Bison bison bison
HAS3	XM_009642641.1	104129686	XP_009640936.1	188379	Egretta garzetta
LOC109468473	XM_019766717.1	109468473	XP_019622276.1	7741	Branchiostoma belcheri
HAS1	XM_006897305.1	102875869	XP_006897367.1	28737	Elephantulus edwardii
LOC103173266	XM_042343831.1	103173266	XP_042199765.1	7868	Callorhinchus milii
LOC124140268	XM_046507774.2	124140268	XP_046363730.2	6454	Haliotis rufescens
LOC109473222	XM_019773094.1	109473222	XP_019628653.1	7741	Branchiostoma belcheri
LOC124269549	XM_046704579.1	124269549	XP_046560535.1	36100	Haliotis rubra
HAS1	XM_008525167.1	103554212	XP_008523389.1	9798	Equus przewalskii
HAS1	XM_007179945.1	103019394	XP_007180007.1	9767	Balaenoptera acutorostrata scammoni
LOC124115884	XM_046477044.2	124115884	XP_046333000.1	6454	Haliotis rufescens
HAS3	XM_010024248.1	104413298	XP_010022550.1	176057	Nestor notabilis
LOC109471271	XM_019770555.1	109471271	XP_019626114.1	7741	Branchiostoma belcheri
LOC124288516	XM_046725038.1	124288516	XP_046580994.1	36100	Haliotis rubra
HAS1	XM_012733536.1	101619259	XP_012588990.1	143302	Condylura cristata
LOC106163885	XM_013541599.1	106163885	XP_013397053.1	7574	Lingula anatina
HAS1	XM_015591899.2	102894200	XP_015447385.2	9402	Pteropus alecto
HAS3	XM_012806143.1	100947884	XP_012661597.1	30611	Otolemur garnettii
LOC124119327	XM_048383241.1	124119327	XP_048239198.1	6454	Haliotis rufescens
LOC115242602	XM_029819046.1	115242602	XP_029674906.1	72781	Formica exsecta
HAS1	XM_007957606.1	103211628	XP_007955797.1	9818	Orycteropus afer afer
LOC124119335	XM_046481824.2	124119335	XP_046337780.2	6454	Haliotis rufescens
LOC107124383	XM_015427846.1	107124383	XP_015283332.1	146911	Gekko japonicus
LOC107540430	XM_016217186.1	107540430	XP_016072672.1	291302	Miniopterus natalensis
LOC127704993	XM_052209238.1	127704993	XP_052065198.1	-9223372036854775808	
LOC125665411	XM_048898053.1	125665411	XP_048754010.1	37623	Ostrea edulis
LOC110459239	XM_021511405.1	110459239	XP_021367080.1	6573	Mizuhopecten yessoensis
LOC105423648	XM_025217449.1	105423648	XP_025073234.1	144034	Pogonomyrmex barbatus
LOC125666075	XM_048899197.1	125666075	XP_048755154.1	37623	Ostrea edulis
CIRH1A	XM_009665555.1	104138105	XP_009663850.1	8801	Struthio camelus australis
LOC106011246	XM_035968751.1	106011246	XP_035824644.1	6500	Aplysia californica
HAS1	XM_011381658.2	105306587	XP_011379960.1	132908	Pteropus vampyrus
HAS1	XM_031682126.1	102540001	XP_031537986.1	30538	Vicugna pacos
LOC111852837	XM_023829138.1	111852837	XP_023684906.1	1676925	Paramormyrops kingsleyae
LOC106175224	XM_024076134.1	106175224	XP_023931902.1	7574	Lingula anatina
Has1	XM_033766036.1	104857290	XP_033621927.1	885580	Fukomys damarensis
LOC110442539	XM_021486193.1	110442539	XP_021341868.1	6573	Mizuhopecten yessoensis
LOC102483298	XM_006157751.1	102483298	XP_006157813.1	246437	Tupaia chinensis
LOC106157249	XM_024076566.1	106157249	XP_023932334.1	7574	Lingula anatina
LOC103774463	XM_008941870.1	103774463	XP_008940118.1	57421	Merops nubicus
LOC102754470	XM_015568797.1	102754470	XP_015424283.1	225400	Myotis davidii
LOC102245815	XM_005866158.1	102245815	XP_005866220.1	109478	Myotis brandtii
LOC127730442	XM_052238861.1	127730442	XP_052094821.1	-9223372036854775808	
LOC115844359	XM_030841360.1	115844359	XP_030697220.1	9731	Globicephala melas
LOC108382039	XM_017638434.1	108382039	XP_017493923.1	28612	Rhagoletis zephyria
HAS1	XM_023544085.1	100667758	XP_023399853.1	9785	Loxodonta africana
LOC102448287	XM_014579837.1	102448287	XP_014435323.1	13735	Pelodiscus sinensis
LOC103802112	XM_009074564.1	103802112	XP_009072812.1	57068	Acanthisitta chloris
HAS1	XM_020900267.1	110141365	XP_020755926.1	9874	Odocoileus virginianus texanus
LOC107707160	XM_016511077.1	107707160	XP_016366563.1	307959	Sinocyclocheilus rhinocerous
LOC109954038	XM_020589462.1	109954038	XP_020445118.1	43700	Monopterus albus
LOC111692228	XM_023456101.1	111692228	XP_023311869.1	217634	Anoplophora glabripennis
NECAME_13752	XM_013439505.1	25353780	XP_013294959.1	51031	Necator americanus
LOC106151890	XM_013525329.1	106151890	XP_013380783.1	7574	Lingula anatina
Has2_1	XM_003516025.4	100751055	XP_003516073.2	10029	Cricetulus griseus
LOC102194629	XM_005733396.1	102194629	XP_005733453.1	303518	Pundamilia nyererei
HAS1	XM_011966046.1	105528990	XP_011821436.1	9568	Mandrillus leucophaeus
LOC124288576	XM_046725128.1	124288576	XP_046581084.1	36100	Haliotis rubra
NECAME_12402	XM_013442218.1	25352430	XP_013297672.1	51031	Necator americanus
LOC127727729	XM_052234842.1	127727729	XP_052090802.1	-9223372036854775808	
LOC106170975	XM_013551046.1	106170975	XP_013406500.1	7574	Lingula anatina
LOTGIDRAFT_114955	XM_009053792.1	20231157	XP_009052040.1	225164	Lottia gigantea
LOC106087970	XM_013253202.1	106087970	XP_013108656.1	35570	Stomoxys calcitrans
LOC106818958	XM_014823624.1	106818958	XP_014679110.1	37621	Priapulus caudatus
LOC108729430	XM_018458552.1	108729430	XP_018314054.1	64791	Trachymyrmex zeteki
LOTGIDRAFT_136430	XM_009046750.1	20233804	XP_009044998.1	225164	Lottia gigantea
LOC108766840	XM_018516371.1	108766840	XP_018371873.1	471704	Trachymyrmex cornetzi
LOC124291617	XM_046728671.1	124291617	XP_046584627.1	36100	Haliotis rubra
LOC102194924	XM_005733397.1	102194924	XP_005733454.1	303518	Pundamilia nyererei
LOC127357481	XM_051389710.1	127357481	XP_051245670.1	-9223372036854775808	
LOC110852047	XM_022100011.2	110852047	XP_021955703.1	158441	Folsomia candida
LOC106151889	XM_013525326.2	106151889	XP_013380780.1	7574	Lingula anatina
HELRODRAFT_159811	XM_009011652.1	20198452	XP_009009900.1	6412	Helobdella robusta
LOC124264542	XM_046699291.1	124264542	XP_046555247.1	36100	Haliotis rubra
HAS1	XM_025914377.1	112850849	XP_025770162.1	9696	Puma concolor
LOC101413204	XM_023589134.1	101413204	XP_023444902.1	9361	Dasypus novemcinctus
LOC105480961	XM_011740174.2	105480961	XP_011738476.1	9545	Macaca nemestrina
LOC115240288	XM_029815746.1	115240288	XP_029671606.1	72781	Formica exsecta
NECAME_16683	XM_013452486.1	25356709	XP_013307940.1	51031	Necator americanus
LOC106094285	XM_013261489.1	106094285	XP_013116943.1	35570	Stomoxys calcitrans
LOTGIDRAFT_114956	XM_009053793.1	20231158	XP_009052041.1	225164	Lottia gigantea
LOC106939702	XM_015022206.1	106939702	XP_014877692.1	48699	Poecilia latipinna
LOC106511286	XM_014000028.1	106511286	XP_013855482.1	52670	Austrofundulus limnaeus
LOC122719633	XM_043945608.1	122719633	XP_043801543.1	183418	Apis laboriosa
LOC120326851	XM_039393206.1	120326851	XP_039249140.1	7725	Styela clava
LOC111333673	XM_022939304.1	111333673	XP_022795039.1	50429	Stylophora pistillata
LOC106163251	XM_013540791.2	106163251	XP_013396245.2	7574	Lingula anatina
LOC113464291	XM_026813309.1	113464291	XP_026669110.1	156304	Ceratina calcarata
LOC118455244	XM_035913603.1	118455244	XP_035769496.1	32507	Neolamprologus brichardi
LOC104543063	XM_010187567.1	104543063	XP_010185869.1	54374	Mesitornis unicolor
LOC127710532	XM_052216464.1	127710532	XP_052072424.1	-9223372036854775808	
LOC103523694	XM_008488714.1	103523694	XP_008486936.1	121845	Diaphorina citri
LOTGIDRAFT_170891	XM_009046748.1	20241588	XP_009044996.1	225164	Lottia gigantea
LOC104623831	XM_010291026.1	104623831	XP_010289328.1	97097	Phaethon lepturus
LOC103517759	XM_008482805.1	103517759	XP_008481027.1	121845	Diaphorina citri
LOC106519584	XM_014011316.1	106519584	XP_013866770.1	52670	Austrofundulus limnaeus
LOC105154880	XM_011070664.1	105154880	XP_011068966.1	103372	Acromyrmex echinatior
LOC115258358	XM_029858445.1	115258358	XP_029714305.1	7160	Aedes albopictus
LOC112455926	XM_025018144.1	112455926	XP_024873912.1	300111	Temnothorax curvispinosus
LOC106170976	XM_013551047.1	106170976	XP_013406501.1	7574	Lingula anatina
LOC127290256	XM_051318730.1	127290256	XP_051174687.1	-9223372036854775808	
LOC105425996	XM_011637044.1	105425996	XP_011635346.1	144034	Pogonomyrmex barbatus
LOC106174147	XM_013555568.1	106174147	XP_013411022.1	7574	Lingula anatina
LOC106818957	XM_014823623.1	106818957	XP_014679109.1	37621	Priapulus caudatus
LOC104353594	XM_009960210.1	104353594	XP_009958512.1	188344	Leptosomus discolor
LOC106945022	XM_015028417.1	106945022	XP_014883903.1	48699	Poecilia latipinna
LOC107837606	XM_016677521.1	107837606	XP_016533007.1	48698	Poecilia formosa
LOC106161774	XM_013538791.1	106161774	XP_013394245.1	7574	Lingula anatina
LOC118343134	XM_035681887.1	118343134	XP_035537780.1	34816	Morone saxatilis
LOC101864585	XM_013090625.2	101864585	XP_012946079.1	6500	Aplysia californica
NECAME_12401	XM_013442217.1	25352429	XP_013297671.1	51031	Necator americanus
LOAG_14185	XM_020448769.1	9951663	XP_020301112.1	7209	Loa loa
LOC106919447	XM_014989810.1	106919447	XP_014845296.1	48701	Poecilia mexicana
LOC115263645	XM_029866849.1	115263645	XP_029722709.1	7160	Aedes albopictus
LOC103368526	XM_008296930.1	103368526	XP_008295152.1	144197	Stegastes partitus
CIRH1A	XM_010216610.1	104569632	XP_010214912.1	94827	Tinamus guttatus
LOC108626551	XM_018027279.2	108626551	XP_017882768.2	156304	Ceratina calcarata
LOC107837607	XM_016677524.1	107837607	XP_016533010.1	48698	Poecilia formosa
LOC106919422	XM_014989758.1	106919422	XP_014845244.1	48701	Poecilia mexicana
LOC106806878	XM_014809017.1	106806878	XP_014664503.1	37621	Priapulus caudatus
LOC106159789	XM_013536192.1	106159789	XP_013391646.1	7574	Lingula anatina
LOC109482331	XM_019785012.1	109482331	XP_019640571.1	7741	Branchiostoma belcheri
LOC111510696	XM_023166632.1	111510696	XP_023022400.1	7539	Leptinotarsa decemlineata
LOC115875187	XM_030890592.1	115875187	XP_030746452.1	7048	Sitophilus oryzae
LOC108626546	XM_026814921.1	108626546	XP_026670722.1	156304	Ceratina calcarata
LOC106094648	XM_013261884.1	106094648	XP_013117338.1	35570	Stomoxys calcitrans
LOC101857446	XM_013088917.1	101857446	XP_012944371.1	6500	Aplysia californica
LOC111709453	XM_023483117.1	111709453	XP_023338885.1	88015	Eurytemora affinis
LOC106170977	XM_013551048.1	106170977	XP_013406502.1	7574	Lingula anatina
LOC106811765	XM_014815484.1	106811765	XP_014670970.1	37621	Priapulus caudatus
LOC125680127	XM_048919566.1	125680127	XP_048775523.1	37623	Ostrea edulis
LOC110827889	XM_022060029.1	110827889	XP_021915721.1	136037	Zootermopsis nevadensis
LOC121864672	XM_042363824.1	121864672	XP_042219758.1	6706	Homarus americanus
LOC123004798	XM_044398236.1	123004798	XP_044254171.1	41895	Tribolium madens
LOC108741456	XM_025977512.1	108741456	XP_025833297.1	224129	Agrilus planipennis
LOC117105882	XM_033247190.1	117105882	XP_033103081.1	1529436	Anneissia japonica
LOC118188979	XM_035359523.1	118188979	XP_035215414.1	202533	Stegodyphus dumicola
LOC103893404	XM_009272524.1	103893404	XP_009270799.1	9233	Aptenodytes forsteri
LOC109430533	XM_019706601.2	109430533	XP_019562146.2	7160	Aedes albopictus
LOC107442619	XM_016056229.2	107442619	XP_015911715.1	114398	Parasteatoda tepidariorum
LOC116169518	XM_031485631.1	116169518	XP_031341491.1	7054	Photinus pyralis
LOC108917028	XM_023454698.1	108917028	XP_023310466.1	217634	Anoplophora glabripennis
LOC106643136	XM_014358139.1	106643136	XP_014213625.1	29053	Copidosoma floridanum
LOC122714438	XM_043935760.1	122714438	XP_043791695.1	183418	Apis laboriosa
LOC115234995	XM_029806465.1	115234995	XP_029662325.1	72781	Formica exsecta
LOC119641370	XM_038039997.1	119641370	XP_037895925.1	7396	Glossina fuscipes
LOC108382540	XM_017638906.1	108382540	XP_017494395.1	28612	Rhagoletis zephyria
LOC106650505	XM_023462373.1	106650505	XP_023318141.1	7493	Trichogramma pretiosum
LOC107436818	XM_016048630.2	107436818	XP_015904116.1	114398	Parasteatoda tepidariorum
LOTGIDRAFT_106925	XM_009063847.1	20230160	XP_009062095.1	225164	Lottia gigantea
LOC106618290	XM_014235980.2	106618290	XP_014091455.1	104688	Bactrocera oleae
LOC109428423	XM_029855351.1	109428423	XP_029711211.1	7160	Aedes albopictus
LOC117227114	XM_033482105.1	117227114	XP_033337996.1	115081	Megalopta genalis
LOC100882308	XM_012294108.1	100882308	XP_012149498.1	143995	Megachile rotundata
LOC105255944	XM_011265517.3	105255944	XP_011263819.2	104421	Camponotus floridanus
LOC107995555	XM_017053153.1	107995555	XP_016908642.1	7461	Apis cerana
LOC100871112	XM_031917853.1	100871112	XP_031773713.1	7463	Apis florea
LOC108778372	XM_018545539.1	108778372	XP_018401041.1	456900	Cyphomyrmex costatus
LOC108549167	XM_017902431.1	108549167	XP_017757920.1	516756	Eufriesea mexicana
LOC116429191	XM_031981825.1	116429191	XP_031837685.1	2448451	Nomia melanderi
LOC115878989	XM_030895608.1	115878989	XP_030751468.1	7048	Sitophilus oryzae
LOC114945379	XM_029321600.1	114945379	XP_029177433.1	613905	Nylanderia fulva
LOC109035783	XM_019049539.1	109035783	XP_018905084.1	7038	Bemisia tabaci
LOC107272752	XM_025090056.1	107272752	XP_024945824.1	211228	Cephus cinctus
LOC106790521	XM_014755489.1	106790521	XP_014610975.1	91411	Polistes canadensis
LOC105216015	XM_011190262.2	105216015	XP_011188564.1	28588	Zeugodacus cucurbitae
LOC104075163	XM_009575582.1	104075163	XP_009573877.1	30455	Fulmarus glacialis
LOC111417654	XM_023049995.1	111417654	XP_022905763.1	166361	Onthophagus taurus
LOC108973656	XM_018941050.1	108973656	XP_018796595.1	174628	Bactrocera latifrons
LOC117165961	XM_033349498.1	117165961	XP_033205389.1	2705177	Bombus vancouverensis nearcticus
LOC117239043	XM_033504304.1	117239043	XP_033360195.1	207650	Bombus vosnesenskii
LOC117211906	XM_033456222.1	117211906	XP_033312113.1	103933	Bombus bifarius
LOC101891413	XM_005185761.3	101891413	XP_005185818.1	7370	Musca domestica
LOC108375107	XM_017631189.1	108375107	XP_017486678.1	28612	Rhagoletis zephyria
LOC107187561	XM_015575685.1	107187561	XP_015431171.1	178035	Dufourea novaeangliae
LOC111630390	XM_023374481.1	111630390	XP_023230249.1	218467	Centruroides sculpturatus
EGR_08029	XM_024497278.1	36343744	XP_024348341.1	6210	Echinococcus granulosus
LOC100740476	XM_012391459.3	100740476	XP_012246882.1	132113	Bombus impatiens
LOC108571111	XM_017933086.1	108571111	XP_017788575.1	597456	Habropoda laboriosa
LOC117648345	XM_034390839.1	117648345	XP_034246730.1	161013	Thrips palmi
LOC106669886	XM_014399728.2	106669886	XP_014255214.1	79782	Cimex lectularius
LOC107069426	XM_015326734.1	107069426	XP_015182220.1	743375	Polistes dominula
LOC102678684	XM_006620992.2	102678684	XP_006621055.1	7462	Apis dorsata
LOC102093295	XM_005500888.2	102093295	XP_005500945.1	8932	Columba livia
TMEM47	XM_026791814.1	102066118	XP_026647615.1	44394	Zonotrichia albicollis
LOC122521306	XM_043641910.1	122521306	XP_043497845.1	30207	Polistes fuscatus
LOC105449299	XM_011688430.1	105449299	XP_011686732.1	64793	Wasmannia auropunctata
LOC112456292	XM_025018745.1	112456292	XP_024874513.1	300111	Temnothorax curvispinosus
LOC105443151	XM_030980054.1	105443151	XP_030835914.1	7668	Strongylocentrotus purpuratus
LOC591961	XM_030995585.1	591961	XP_030851445.1	7668	Strongylocentrotus purpuratus
EDNRA	XM_028151428.1	103288227	XP_028007229.1	29078	Eptesicus fuscus
LOC110255067	XM_021062127.1	110255067	XP_020917786.1	2652724	Exaiptasia diaphana
GZMA	XM_026865943.1	113489889	XP_026721744.1	194338	Athene cunicularia
LOC105364972	XM_011503018.1	105364972	XP_011501320.1	142686	Ceratosolen solmsi marchali
LOC105433259	XM_011648466.2	105433259	XP_011646768.1	144034	Pogonomyrmex barbatus
LOC116842266	XM_032811212.1	116842266	XP_032667103.1	486640	Odontomachus brunneus
EDNRA	XM_011956764.1	105522289	XP_011812154.1	54131	Colobus angolensis palliatus
EDNRA	XM_011973252.1	105534521	XP_011828642.1	9568	Mandrillus leucophaeus
LOC105263612	XM_011299930.1	105263612	XP_011298232.1	64838	Fopius arisanus
LOC109863815	XM_020444397.1	109863815	XP_020299986.1	219809	Pseudomyrmex gracilis
LOC107043876	XM_015265547.2	107043876	XP_015121033.1	454923	Diachasma alloeum
LOC105186749	XM_025304002.1	105186749	XP_025159787.1	610380	Harpegnathos saltator
LOC108724512	XM_018450934.1	108724512	XP_018306436.1	64791	Trachymyrmex zeteki
LOC122400082	XM_043401305.1	122400082	XP_043257240.1	935657	Colletes gigas
LOC122402078	XM_043404593.1	122402078	XP_043260528.1	935657	Colletes gigas
LOC108768409	XM_018518822.1	108768409	XP_018374324.1	471704	Trachymyrmex cornetzi
LOC109533781	XM_048660541.1	109533781	XP_048516498.1	77166	Dendroctonus ponderosae
LOC108747081	XM_018484336.1	108747081	XP_018339838.1	34720	Trachymyrmex septentrionalis
EDNRA	XM_024569256.2	112312673	XP_024425024.1	9430	Desmodus rotundus
LOC105566628	XM_012020784.1	105566628	XP_011876174.1	411798	Vollenhovia emeryi
EDNRA	XM_004404761.1	101363432	XP_004404818.1	9707	Odobenus rosmarus divergens
LOC101462486	XM_004535342.3	101462486	XP_004535399.1	7213	Ceratitis capitata
LOC111861379	XM_023845896.2	111861379	XP_023701664.1	105785	Cryptotermes secundus
LOC105667704	XM_012359672.1	105667704	XP_012215095.1	83485	Linepithema humile
LOC119061713	XM_037162352.2	119061713	XP_037018247.2	-9223372036854775808	
LOC105699375	XM_012424291.2	105699375	XP_012279714.1	222816	Orussus abietinus
LOC104458401	XM_010074961.1	104458401	XP_010073263.1	240206	Pterocles gutturalis
LOC122529487	XM_043655695.1	122529487	XP_043511630.1	561572	Frieseomelitta varia
LOC108557752	XM_017914404.1	108557752	XP_017769893.1	110193	Nicrophorus vespilloides
LOC100373792	XM_006824647.1	100373792	XP_006824710.1	10224	Saccoglossus kowalevskii
LOC106673095	XM_024227591.1	106673095	XP_024083359.1	79782	Cimex lectularius
EDNRA	XM_012660025.1	105822957	XP_012515479.1	379532	Propithecus coquereli
EDNRA	XM_007472005.1	103068976	XP_007472067.1	118797	Lipotes vexillifer
LOC106683436	XM_024358928.1	106683436	XP_024214696.1	286706	Halyomorpha halys
LOC116845110	XM_032817435.1	116845110	XP_032673326.1	486640	Odontomachus brunneus
LOC127750672	XM_052272929.1	127750672	XP_052128889.1	133901	Frankliniella occidentalis
LOC115565013	XM_030389943.1	115565013	XP_030245803.1	7232	Drosophila navojoa
LOC117588800	XM_034280316.1	117588800	XP_034136207.1	7266	Drosophila guanche
LOC117225963	XM_033479840.1	117225963	XP_033335731.1	115081	Megalopta genalis
LOC108618816	XM_018014990.1	108618816	XP_017870479.1	7263	Drosophila arizonae
LOC108632131	XM_018036473.2	108632131	XP_017891962.1	156304	Ceratina calcarata
LOC116168309	XM_031484063.1	116168309	XP_031339923.1	7054	Photinus pyralis
LOC106749678	XM_014629360.1	106749678	XP_014484846.1	609295	Dinoponera quadriceps
LOC105145387	XM_011054884.1	105145387	XP_011053186.1	103372	Acromyrmex echinatior
cacna1f	XM_015044299.1	106954626	XP_014899785.1	48699	Poecilia latipinna
LOC105618116	XM_012199655.1	105618116	XP_012055045.1	12957	Atta cephalotes
LOC105670810	XM_012364529.1	105670810	XP_012219952.1	83485	Linepithema humile
EDNRA	XM_012454018.1	105718344	XP_012309441.1	37293	Aotus nancymaae
LOC114928561	XM_029299812.1	114928561	XP_029155645.1	613905	Nylanderia fulva
EDNRA	XM_036117137.1	118551374	XP_035973030.1	9711	Halichoerus grypus
LOC8026769	XM_002405816.5	8026769	XP_002405860.1	6945	Ixodes scapularis
GZMA	XM_010165344.1	104522925	XP_010163646.1	279965	Antrostomus carolinensis
TRIADDRAFT_63670	XM_002109457.1	6751264	XP_002109493.1	10228	Trichoplax adhaerens
EDNRA	XM_045576429.1	118710743	XP_045432385.1	59472	Pipistrellus kuhlii
EDNRA	XM_011710521.2	105463442	XP_011708823.1	9545	Macaca nemestrina
LOC110858202	XM_035858353.1	110858202	XP_035714246.1	158441	Folsomia candida
LOC104617888	XM_010283328.1	104617888	XP_010281630.1	97097	Phaethon lepturus
BM_BM1815	XM_001900296.2	6103757	XP_001900331.2	6279	Brugia malayi
LOC114241796	XM_028172765.1	114241796	XP_028028566.1	7092	Bombyx mandarina
