LOC106167634	XM_024075362.1	106167634	XP_023931130.1	7574	Lingula anatina
LOC127732235	XM_052241316.1	127732235	XP_052097276.1		
LOC125678501	XM_048916999.1	125678501	XP_048772956.1	37623	Ostrea edulis
LOC127735028	XM_052245110.1	127735028	XP_052101070.1		
LOC111700451	XM_023471355.1	111700451	XP_023327123.1	88015	Eurytemora affinis
LOC103368519	XM_008296924.1	103368519	XP_008295146.1	144197	Stegastes partitus
LOC106462542	XM_013922477.2	106462542	XP_013777931.1	6850	Limulus polyphemus
LOC111562468	XM_023260993.2	111562468	XP_023116761.1	80972	Amphiprion ocellaris
LOC101861723	XM_035969176.1	101861723	XP_035825069.1	6500	Aplysia californica
LOC106910296	XM_014976895.1	106910296	XP_014832381.1	48701	Poecilia mexicana
LOC103517756	XM_017447570.2	103517756	XP_017303059.1	121845	Diaphorina citri
LOC111661195	XM_023414687.1	111661195	XP_023270455.1	302047	Seriola lalandi dorsalis
LOC124257785	XM_046691925.1	124257785	XP_046547881.1	36100	Haliotis rubra
LOC119907742	XM_038725427.1	119907742	XP_038581355.1	27706	Micropterus salmoides
LOC113235651	XM_026471480.1	113235651	XP_026327265.1	1477025	Hyposmocoma kahamanoa
LOC103146467	XM_016677522.1	103146467	XP_016533008.1	48698	Poecilia formosa
LOC125657552	XM_048888203.1	125657552	XP_048744160.1	37623	Ostrea edulis
LOC106945021	XM_015028416.1	106945021	XP_014883902.1	48699	Poecilia latipinna
LOC127357468	XM_051389679.1	127357468	XP_051245639.1		
LOC124121745	XM_048402600.1	124121745	XP_048258557.1	6454	Haliotis rufescens
LOC111427889	XM_023063245.1	111427889	XP_022919013.1	166361	Onthophagus taurus
LOC118342368	XM_035680877.1	118342368	XP_035536770.1	34816	Morone saxatilis
LOC127357469	XM_051389680.1	127357469	XP_051245640.1		
LOC122526232	XM_043649517.1	122526232	XP_043505452.1	30207	Polistes fuscatus
LOC109464978	XM_019762097.1	109464978	XP_019617656.1	7741	Branchiostoma belcheri
LOC124119082	XM_046481486.2	124119082	XP_046337442.2	6454	Haliotis rufescens
LOC119219545	XM_037474810.1	119219545	XP_037330707.1	134920	Pungitius pungitius
LOC114243166	XM_028174564.1	114243166	XP_028030365.1	7092	Bombyx mandarina
LOC100880935	XM_012283275.1	100880935	XP_012138665.1	143995	Megachile rotundata
LOC124113184	XM_048395377.1	124113184	XP_048251334.1	6454	Haliotis rufescens
LOC127717733	XM_052223500.1	127717733	XP_052079460.1		
LOC125679390	XM_048918590.1	125679390	XP_048774547.1	37623	Ostrea edulis
LOC106919441	XM_014989797.1	106919441	XP_014845283.1	48701	Poecilia mexicana
LOC111517844	XM_023174125.1	111517844	XP_023029893.1	7539	Leptinotarsa decemlineata
LOC109534738	XM_019900508.2	109534738	XP_019756067.2	77166	Dendroctonus ponderosae
LOC110239996	XM_028659288.1	110239996	XP_028515089.1	2652724	Exaiptasia diaphana
LOC120326556	XM_039392876.1	120326556	XP_039248810.1	7725	Styela clava
LOC110445657	XM_021490383.1	110445657	XP_021346058.1	6573	Mizuhopecten yessoensis
LOC125660927	XM_048892747.1	125660927	XP_048748704.1	37623	Ostrea edulis
LOC116429133	XM_031981687.1	116429133	XP_031837547.1	2448451	Nomia melanderi
LOC120326565	XM_039392886.1	120326565	XP_039248820.1	7725	Styela clava
LOC111426064	XM_023060418.1	111426064	XP_022916186.1	166361	Onthophagus taurus
LOC103146464	XM_016677520.1	103146464	XP_016533006.1	48698	Poecilia formosa
LOC106945023	XM_015028418.1	106945023	XP_014883904.1	48699	Poecilia latipinna
LOC119907746	XM_038725431.1	119907746	XP_038581359.1	27706	Micropterus salmoides
LOC125679024	XM_048917910.1	125679024	XP_048773867.1	37623	Ostrea edulis
LOC125646433	XM_048872705.1	125646433	XP_048728662.1	37623	Ostrea edulis
LOC116377023	XM_031838549.1	116377023	XP_031694409.1	433405	Anarrhichthys ocellatus
LOC127717707	XM_052223469.1	127717707	XP_052079429.1		
LOC124134683	XM_046499660.2	124134683	XP_046355616.2	6454	Haliotis rufescens
LOC117225207	XM_033478564.1	117225207	XP_033334455.1	115081	Megalopta genalis
LOC111254093	XM_022814597.1	111254093	XP_022670332.1	109461	Varroa destructor
LOC111270541	XM_022850806.1	111270541	XP_022706541.1	62625	Varroa jacobsoni
LOC122719631	XM_043945605.1	122719631	XP_043801540.1	183418	Apis laboriosa
LOC105189308	XM_025301149.1	105189308	XP_025156934.1	610380	Harpegnathos saltator
LOC108904526	XM_018707120.2	108904526	XP_018562636.1	217634	Anoplophora glabripennis
LOC119092808	XM_037215726.1	119092808	XP_037071621.1	41117	Pollicipes pollicipes
LOC108732965	XM_018463979.1	108732965	XP_018319481.1	224129	Agrilus planipennis
LOC119092807	XM_037215725.1	119092807	XP_037071620.1	41117	Pollicipes pollicipes
LOC105258339	XM_011269551.3	105258339	XP_011267853.1	104421	Camponotus floridanus
LOC127721292	XM_052228030.1	127721292	XP_052083990.1		
LOC127725981	XM_052233280.1	127725981	XP_052089240.1		
LOC115875156	XM_030890546.1	115875156	XP_030746406.1	7048	Sitophilus oryzae
LOC119631759	XM_038024248.1	119631759	XP_037880176.1	7396	Glossina fuscipes
LOC111707702	XM_023480842.1	111707702	XP_023336610.1	88015	Eurytemora affinis
LOC102681708	XM_031514860.1	102681708	XP_031370720.1	7462	Apis dorsata
LOC110001926	XM_020657496.1	110001926	XP_020513152.1	56723	Labrus bergylta
LOC126903305	XM_050681436.1	126903305	XP_050537393.1	58002	Daktulosphaira vitifoliae
LOC108380270	XM_017636642.1	108380270	XP_017492131.1	28612	Rhagoletis zephyria
LOC107074595	XM_015336155.1	107074595	XP_015191641.1	743375	Polistes dominula
LOC106161776	XM_013538793.1	106161776	XP_013394247.1	7574	Lingula anatina
LOC106793893	XM_014761171.1	106793893	XP_014616657.1	91411	Polistes canadensis
LOC120326564	XM_039392885.1	120326564	XP_039248819.1	7725	Styela clava
LOC106163195	XM_013540707.1	106163195	XP_013396161.1	7574	Lingula anatina
LOC125651593	XM_048880251.1	125651593	XP_048736208.1	37623	Ostrea edulis
LOC106458013	XM_013917462.2	106458013	XP_013772916.1	6850	Limulus polyphemus
LOC107994538	XM_017051508.2	107994538	XP_016906997.1	7461	Apis cerana
LOC116847350	XM_032822273.1	116847350	XP_032678164.1	486640	Odontomachus brunneus
LOC100868062	XM_012492865.2	100868062	XP_012348319.1	7463	Apis florea
LOC113394500	XM_026631831.1	113394500	XP_026487616.1	334116	Vanessa tameamea
LOC127357471	XM_051389682.1	127357471	XP_051245642.1		
LOC108624713	XM_026813306.1	108624713	XP_026669107.1	156304	Ceratina calcarata
LOC127717732	XM_052223498.1	127717732	XP_052079458.1		
LOC124113182	XM_046473450.2	124113182	XP_046329406.2	6454	Haliotis rufescens
LOC111703868	XM_023475948.1	111703868	XP_023331716.1	88015	Eurytemora affinis
LOC108553522	XM_017908452.1	108553522	XP_017763941.1	516756	Eufriesea mexicana
LOC107036182	XM_015253950.1	107036182	XP_015109436.1	454923	Diachasma alloeum
LOC117477785	XM_034124527.1	117477785	XP_033980418.1	40690	Trematomus bernacchii
LOC127718701	XM_052224755.1	127718701	XP_052080715.1		
LOC122536937	XM_043669739.1	122536937	XP_043525674.1	561572	Frieseomelitta varia
LOC101859001	XM_035968877.1	101859001	XP_035824770.1	6500	Aplysia californica
LOC124134079	XM_046498721.2	124134079	XP_046354677.2	6454	Haliotis rufescens
LOC123013408	XM_044411903.1	123013408	XP_044267838.1	41895	Tribolium madens
LOC121848547	XM_042333135.1	121848547	XP_042189069.1	7868	Callorhinchus milii
LOC127290210	XM_051318644.1	127290210	XP_051174601.1		
LOC110237707	XM_021043319.2	110237707	XP_020898978.1	2652724	Exaiptasia diaphana
LOC105673783	XM_012369659.1	105673783	XP_012225082.1	83485	Linepithema humile
LOC124135929	XM_048381964.1	124135929	XP_048237921.1	6454	Haliotis rufescens
LOC118066677	XM_035082889.1	118066677	XP_034938780.1	460826	Chelonus insularis
LOC106636227	XM_014348563.1	106636227	XP_014204049.1	29053	Copidosoma floridanum
LOC114931634	XM_029303761.1	114931634	XP_029159594.1	613905	Nylanderia fulva
LOC105145297	XM_011054753.1	105145297	XP_011053055.1	103372	Acromyrmex echinatior
LOC124269012	XM_046704042.1	124269012	XP_046559998.1	36100	Haliotis rubra
LOC110448740	XM_021495149.1	110448740	XP_021350824.1	6573	Mizuhopecten yessoensis
LOC109468473	XM_019766717.1	109468473	XP_019622276.1	7741	Branchiostoma belcheri
LOC110237868	XM_021043488.2	110237868	XP_020899147.1	2652724	Exaiptasia diaphana
LOC109860841	XM_020440210.1	109860841	XP_020295799.1	219809	Pseudomyrmex gracilis
LOC116170575	XM_031487067.1	116170575	XP_031342927.1	7054	Photinus pyralis
LOC126838863	XM_050573626.1	126838863	XP_050429583.1	133065	Adelges cooleyi
LOC119096763	XM_037219687.1	119096763	XP_037075582.1	41117	Pollicipes pollicipes
LOC105454411	XM_011696998.1	105454411	XP_011695300.1	64793	Wasmannia auropunctata
LOC112455925	XM_025018143.1	112455925	XP_024873911.1	300111	Temnothorax curvispinosus
LOC105561386	XM_012011326.1	105561386	XP_011866716.1	411798	Vollenhovia emeryi
LOC100907845	XM_029111081.1	100907845	XP_028966914.1	34638	Galendromus occidentalis
LOC106118241	XM_013312826.1	106118241	XP_013168280.1	66420	Papilio xuthus
LOC108724914	XM_018451618.1	108724914	XP_018307120.1	64791	Trachymyrmex zeteki
LOC125649522	XM_048877091.1	125649522	XP_048733048.1	37623	Ostrea edulis
LOC108749229	XM_018487797.1	108749229	XP_018343299.1	34720	Trachymyrmex septentrionalis
LOC108690240	XM_018197427.1	108690240	XP_018052916.1	520822	Atta colombica
LOC105621766	XM_012203222.1	105621766	XP_012058612.1	12957	Atta cephalotes
LOC105425997	XM_011637049.2	105425997	XP_011635351.1	144034	Pogonomyrmex barbatus
LOC121878565	XM_042384902.1	121878565	XP_042240836.1	6706	Homarus americanus
LOC108777085	XM_018543882.1	108777085	XP_018399384.1	456900	Cyphomyrmex costatus
LOC108761593	XM_018508203.1	108761593	XP_018363705.1	471704	Trachymyrmex cornetzi
LOC110459670	XM_021512029.1	110459670	XP_021367704.1	6573	Mizuhopecten yessoensis
LOC107451385	XM_043057383.1	107451385	XP_042913317.1	114398	Parasteatoda tepidariorum
LOC107359084	XM_015925531.2	107359084	XP_015781017.1	32264	Tetranychus urticae
LOC110239779	XM_021045524.2	110239779	XP_020901183.2	2652724	Exaiptasia diaphana
LOC116425531	XM_031973409.1	116425531	XP_031829269.1	2448451	Nomia melanderi
LOC106099845	XM_013278523.1	106099845	XP_013133977.1	76194	Papilio polytes
LOC124273161	XM_046708380.1	124273161	XP_046564336.1	36100	Haliotis rubra
LOC107274340	XM_015753383.2	107274340	XP_015608869.1	211228	Cephus cinctus
LOC127290234	XM_051318699.1	127290234	XP_051174656.1		
LOC101895796	XM_005188653.3	101895796	XP_005188710.1	7370	Musca domestica
LOC106470918	XM_022399563.1	106470918	XP_022255271.1	6850	Limulus polyphemus
LOC117585727	XM_034275369.1	117585727	XP_034131260.1	7266	Drosophila guanche
LOC124260725	XM_046695011.1	124260725	XP_046550967.1	36100	Haliotis rubra
LOC106085815	XM_013250237.1	106085815	XP_013105691.1	35570	Stomoxys calcitrans
LOC106742874	XM_014616213.1	106742874	XP_014471699.1	609295	Dinoponera quadriceps
LOC127727790	XM_052234907.1	127727790	XP_052090867.1		
LOC119638080	XM_038034704.1	119638080	XP_037890632.1	7396	Glossina fuscipes
LOC118071698	XM_035091020.1	118071698	XP_034946911.1	460826	Chelonus insularis
LOC122261256	XM_043028774.1	122261256	XP_042884708.1	27405	Penaeus japonicus
LOC113211858	XM_052266719.1	113211858	XP_052122679.1	133901	Frankliniella occidentalis
LOC113794083	XM_027344169.1	113794083	XP_027199970.1	6956	Dermatophagoides pteronyssinus
LOC127734371	XM_052244205.1	127734371	XP_052100165.1		
LOC113373339	XM_026613648.1	113373339	XP_026469433.1	7515	Ctenocephalides felis
LOC108673566	XM_047883744.1	108673566	XP_047739700.1	294128	Hyalella azteca
LOC106458718	XM_022385410.1	106458718	XP_022241118.1	6850	Limulus polyphemus
LOC122399394	XM_043400050.1	122399394	XP_043255985.1	935657	Colletes gigas
LOC106619018	XM_036373430.1	106619018	XP_036229323.1	104688	Bactrocera oleae
LOC107191901	XM_015581043.1	107191901	XP_015436529.1	178035	Dufourea novaeangliae
LOC106176978	XM_013559581.1	106176978	XP_013415035.1	7574	Lingula anatina
LOC122397366	XM_043396488.1	122397366	XP_043252423.1	935657	Colletes gigas
LOC109418235	XM_029864690.1	109418235	XP_029720550.1	7160	Aedes albopictus
LOC106158697	XM_013534771.1	106158697	XP_013390225.1	7574	Lingula anatina
LOC124450504	XM_047001169.1	124450504	XP_046857125.1	2897299	Xenia sp. Carnegie-2017
LOC115881882	XM_030899594.1	115881882	XP_030755454.1	7048	Sitophilus oryzae
LOC109545443	XM_048667006.1	109545443	XP_048522963.1	77166	Dendroctonus ponderosae
LOC111661196	XM_023414689.1	111661196	XP_023270457.1	302047	Seriola lalandi dorsalis
LOC116300905	XM_031709875.1	116300905	XP_031565735.1	6105	Actinia tenebrosa
LOC108677942	XM_018166256.2	108677942	XP_018021745.1	294128	Hyalella azteca
LOC117639323	XM_034374872.1	117639323	XP_034230763.1	161013	Thrips palmi
LOC108575110	XM_017937826.1	108575110	XP_017793315.1	597456	Habropoda laboriosa
LOC108621755	XM_018019259.1	108621755	XP_017874748.1	7263	Drosophila arizonae
LOC108652934	XM_018103162.1	108652934	XP_017958651.1	7232	Drosophila navojoa
LOC107264603	XM_015733017.2	107264603	XP_015588503.1	211228	Cephus cinctus
LOC127733063	XM_052242326.1	127733063	XP_052098286.1		
LOC124269549	XM_046704579.1	124269549	XP_046560535.1	36100	Haliotis rubra
LOC118738684	XM_036469596.1	118738684	XP_036325489.1	28610	Rhagoletis pomonella
LOC100748510	XM_033321654.1	100748510	XP_033177545.1	132113	Bombus impatiens
LOC117166670	XM_033350868.1	117166670	XP_033206759.1	2705177	Bombus vancouverensis nearcticus
LOC117212361	XM_033457176.1	117212361	XP_033313067.1	103933	Bombus bifarius
LOC117231286	XM_033489601.1	117231286	XP_033345492.1	207650	Bombus vosnesenskii
BM_BM6012	XM_043073095.1	6101931	XP_042929029.1	6279	Brugia malayi
LOC105265311	XM_011302743.1	105265311	XP_011301045.1	64838	Fopius arisanus
LOC110459671	XM_021512033.1	110459671	XP_021367708.1	6573	Mizuhopecten yessoensis
LOC106175109	XM_013556947.1	106175109	XP_013412401.1	7574	Lingula anatina
LOC107192149	XM_015581349.1	107192149	XP_015436835.1	178035	Dufourea novaeangliae
LOC110173323	XM_020939322.1	110173323	XP_020794981.1	150288	Boleophthalmus pectinirostris
LOC108975368	XM_018943807.1	108975368	XP_018799352.1	174628	Bactrocera latifrons
LOC122533514	XM_043663323.1	122533514	XP_043519258.1	561572	Frieseomelitta varia
LOC106808121	XM_014810700.1	106808121	XP_014666186.1	37621	Priapulus caudatus
LOC113233885	XM_026469157.1	113233885	XP_026324942.1	1477025	Hyposmocoma kahamanoa
LOC106163037	XM_013540504.1	106163037	XP_013395958.1	7574	Lingula anatina
LOC124113602	XM_048390673.1	124113602	XP_048246630.1	6454	Haliotis rufescens
LOC125682023	XM_048922399.1	125682023	XP_048778356.1	37623	Ostrea edulis
LOC108369929	XM_017625159.1	108369929	XP_017480648.1	28612	Rhagoletis zephyria
LOC107347082	XM_015912952.1	107347082	XP_015768438.1	70779	Acropora digitifera
LOC112693243	XM_025568225.1	112693243	XP_025424010.1	143950	Sipha flava
LOC107173386	XM_015523908.1	107173386	XP_015379394.1	143948	Diuraphis noxia
LOC111032968	XM_022313474.1	111032968	XP_022169166.1	13164	Myzus persicae
LOC112599445	XM_025346366.1	112599445	XP_025202151.1	742174	Melanaphis sacchari
LOC106666781	XM_014394212.2	106666781	XP_014249698.1	79782	Cimex lectularius
LOC110053534	XM_020759774.1	110053534	XP_020615433.1	48498	Orbicella faveolata
LOTGIDRAFT_154879	XM_009065384.1	20236440	XP_009063632.1	225164	Lottia gigantea
LOTGIDRAFT_127517	XM_009063476.1	20232715	XP_009061724.1	225164	Lottia gigantea
LOC110445656	XM_021490380.1	110445656	XP_021346055.1	6573	Mizuhopecten yessoensis
LOC101854314	XM_035968658.1	101854314	XP_035824551.1	6500	Aplysia californica
LOC111862175	XM_023847359.2	111862175	XP_023703127.1	105785	Cryptotermes secundus
LOC106133593	XM_013333378.1	106133593	XP_013188832.1	680683	Amyelois transitella
LOC110852047	XM_022100011.2	110852047	XP_021955703.1	158441	Folsomia candida
LOC110834525	XM_022073770.1	110834525	XP_021929462.1	136037	Zootermopsis nevadensis
LOC108365722	XM_017619853.1	108365722	XP_017475342.1	28612	Rhagoletis zephyria
LOC107443595	XM_043053559.1	107443595	XP_042909493.1	114398	Parasteatoda tepidariorum
LOC127717908	XM_052223772.1	127717908	XP_052079732.1		
LOC101855956	XM_035970277.1	101855956	XP_035826170.1	6500	Aplysia californica
LOC125680716	XM_048920436.1	125680716	XP_048776393.1	37623	Ostrea edulis
LOC112905707	XM_025978642.1	112905707	XP_025834427.1	224129	Agrilus planipennis
LOC119218925	XM_037473717.1	119218925	XP_037329614.1	134920	Pungitius pungitius
LOC109405983	XM_029878573.1	109405983	XP_029734433.1	7160	Aedes albopictus
LOTGIDRAFT_127716	XM_009063478.1	20232744	XP_009061726.1	225164	Lottia gigantea
LOC111705759	XM_023478406.1	111705759	XP_023334174.1	88015	Eurytemora affinis
LOC106170231	XM_013550026.2	106170231	XP_013405480.1	7574	Lingula anatina
LOC110458442	XM_021510131.1	110458442	XP_021365806.1	6573	Mizuhopecten yessoensis
LOC125645600	XM_048871196.1	125645600	XP_048727153.1	37623	Ostrea edulis
LOC111426060	XM_023060407.1	111426060	XP_022916175.1	166361	Onthophagus taurus
LOC109952811	XM_020588072.1	109952811	XP_020443728.1	43700	Monopterus albus
LOAG_17877	XM_020450539.1	9940796	XP_020305771.1	7209	Loa loa
LOC113372656	XM_026613011.1	113372656	XP_026468796.1	7515	Ctenocephalides felis
LOC106660151	XM_014383008.2	106660151	XP_014238494.1	7493	Trichogramma pretiosum
LOC118745917	XM_036479570.1	118745917	XP_036335463.1	28610	Rhagoletis pomonella
LOC109044007	XM_019061455.1	109044007	XP_018917000.1	7038	Bemisia tabaci
LOC105213132	XM_011185703.2	105213132	XP_011184005.1	28588	Zeugodacus cucurbitae
LOC127717850	XM_052223707.1	127717850	XP_052079667.1		
LOC100641628	XM_019994788.1	100641628	XP_019850347.1	400682	Amphimedon queenslandica
LOC111233240	XM_022761009.1	111233240	XP_022616730.1	41447	Seriola dumerili
LOC118343132	XM_035681886.1	118343132	XP_035537779.1	34816	Morone saxatilis
LOC110852795	XM_022100918.2	110852795	XP_021956610.1	158441	Folsomia candida
LOC111426021	XM_023060358.1	111426021	XP_022916126.1	166361	Onthophagus taurus
LOC109473222	XM_019773094.1	109473222	XP_019628653.1	7741	Branchiostoma belcheri
LOC106684638	XM_014426838.1	106684638	XP_014282324.1	286706	Halyomorpha halys
LOC118188797	XM_035359308.1	118188797	XP_035215199.1	202533	Stegodyphus dumicola
LOC111343868	XM_022951063.1	111343868	XP_022806798.1	50429	Stylophora pistillata
LOC107100005	XM_015398351.1	107100005	XP_015253837.1	28743	Cyprinodon variegatus
LOC124140268	XM_046507774.2	124140268	XP_046363730.2	6454	Haliotis rufescens
LOC126541924	XM_050188894.1	126541924	XP_050044851.1	34620	Dermacentor andersoni
LOC110458439	XM_021510124.1	110458439	XP_021365799.1	6573	Mizuhopecten yessoensis
LOC107036123	XM_015253864.1	107036123	XP_015109350.1	454923	Diachasma alloeum
LOC106133601	XM_013333390.1	106133601	XP_013188844.1	680683	Amyelois transitella
LOC127717708	XM_052223471.1	127717708	XP_052079431.1		
LOC124257841	XM_046691989.1	124257841	XP_046547945.1	36100	Haliotis rubra
LOC110450673	XM_021498298.1	110450673	XP_021353973.1	6573	Mizuhopecten yessoensis
LOC127733637	XM_052242955.1	127733637	XP_052098915.1		
LOC119096311	XM_037219150.1	119096311	XP_037075045.1	41117	Pollicipes pollicipes
LOC101453548	XM_012301615.2	101453548	XP_012157005.1	7213	Ceratitis capitata
LOC106099671	XM_013278274.1	106099671	XP_013133728.1	76194	Papilio polytes
LOC8029452	XM_029991518.3	8029452	XP_029847378.1	6945	Ixodes scapularis
LOC120326294	XM_039392555.1	120326294	XP_039248489.1	7725	Styela clava
LOC122715935	XM_043938533.1	122715935	XP_043794468.1	183418	Apis laboriosa
LOC108558345	XM_017915239.1	108558345	XP_017770728.1	110193	Nicrophorus vespilloides
LOTGIDRAFT_208748	XM_009053188.1	20246086	XP_009051436.1	225164	Lottia gigantea
LOC108570877	XM_017932807.1	108570877	XP_017788296.1	597456	Habropoda laboriosa
LOC116308782	XM_031719288.1	116308782	XP_031575148.1	6105	Actinia tenebrosa
LOC109468914	XM_019767295.1	109468914	XP_019622854.1	7741	Branchiostoma belcheri
LOC109484826	XM_019788184.1	109484826	XP_019643743.1	7741	Branchiostoma belcheri
LOC111700871	XM_023471932.1	111700871	XP_023327700.1	88015	Eurytemora affinis
LOC109471271	XM_019770555.1	109471271	XP_019626114.1	7741	Branchiostoma belcheri
LOC120343891	XM_039412912.1	120343891	XP_039268846.1	7725	Styela clava
LOC120345701	XM_039415246.1	120345701	XP_039271180.1	7725	Styela clava
LOC115881920	XM_030899649.1	115881920	XP_030755509.1	7048	Sitophilus oryzae
LOC108552510	XM_017907097.1	108552510	XP_017762586.1	516756	Eufriesea mexicana
LOC105701456	XM_012428204.1	105701456	XP_012283627.1	222816	Orussus abietinus
LOC100879229	XM_012286510.1	100879229	XP_012141900.1	143995	Megachile rotundata
LOC113664546	XM_027180159.1	113664546	XP_027035960.1	46731	Pocillopora damicornis
LOC106919430	XM_014989770.1	106919430	XP_014845256.1	48701	Poecilia mexicana
LOC106118264	XM_013312875.1	106118264	XP_013168329.1	66420	Papilio xuthus
LOC110453643	XM_021502685.1	110453643	XP_021358360.1	6573	Mizuhopecten yessoensis
LOC106150672	XM_024075698.1	106150672	XP_023931466.1	7574	Lingula anatina
LOC116843339	XM_032813704.1	116843339	XP_032669595.1	486640	Odontomachus brunneus
LOC108737645	XM_025978592.1	108737645	XP_025834377.1	224129	Agrilus planipennis
LOC114243151	XM_028174544.1	114243151	XP_028030345.1	7092	Bombyx mandarina
LOC103368525	XM_008296929.1	103368525	XP_008295151.1	144197	Stegastes partitus
LOC127738003	XM_052249011.1	127738003	XP_052104971.1		
LOC110445150	XM_021489583.1	110445150	XP_021345258.1	6573	Mizuhopecten yessoensis
LOC124254002	XM_046687854.1	124254002	XP_046543810.1	36100	Haliotis rubra
LOC127730360	XM_052238730.1	127730360	XP_052094690.1		
LOC106177697	XM_013560545.1	106177697	XP_013415999.1	7574	Lingula anatina
LOC115242239	XM_029818394.1	115242239	XP_029674254.1	72781	Formica exsecta
LOC110465974	XM_021522194.1	110465974	XP_021377869.1	6573	Mizuhopecten yessoensis
LOC118817824	XM_036584779.1	118817824	XP_036440672.1	42526	Colossoma macropomum
LOC107100010	XM_015398356.1	107100010	XP_015253842.1	28743	Cyprinodon variegatus
LOC106151906	XM_013525346.1	106151906	XP_013380800.1	7574	Lingula anatina
LOC118070002	XM_035088403.1	118070002	XP_034944294.1	460826	Chelonus insularis
BM_BM9737	XM_043078455.1	6098494	XP_042934389.1	6279	Brugia malayi
LOC127730941	XM_052239569.1	127730941	XP_052095529.1		
LOC107338231	XM_015903465.1	107338231	XP_015758951.1	70779	Acropora digitifera
LOC109468915	XM_019767296.1	109468915	XP_019622855.1	7741	Branchiostoma belcheri
LOC126541923	XM_050188893.1	126541923	XP_050044850.1	34620	Dermacentor andersoni
LOC111621624	XM_023363823.1	111621624	XP_023219591.1	218467	Centruroides sculpturatus
LOC125372337	XM_048381965.1	125372337	XP_048237922.1	6454	Haliotis rufescens
LOC125650896	XM_048879470.1	125650896	XP_048735427.1	37623	Ostrea edulis
LOC118816908	XM_036583512.1	118816908	XP_036439405.1	42526	Colossoma macropomum
LOC101864665	XM_013085801.2	101864665	XP_012941255.1	6500	Aplysia californica
LOC123013702	XM_044412420.1	123013702	XP_044268355.1	41895	Tribolium madens
LOC127719173	XM_052225196.1	127719173	XP_052081156.1		
LOC106176561	XM_024076554.1	106176561	XP_023932322.1	7574	Lingula anatina
LOC106011246	XM_035968751.1	106011246	XP_035824644.1	6500	Aplysia californica
LOC120326013	XM_039392219.1	120326013	XP_039248153.1	7725	Styela clava
LOC117114398	XM_033258062.1	117114398	XP_033113953.1	1529436	Anneissia japonica
LOC113394309	XM_026631567.1	113394309	XP_026487352.1	334116	Vanessa tameamea
LOC106165353	XM_013543537.1	106165353	XP_013398991.1	7574	Lingula anatina
LOC106176913	XM_013559504.2	106176913	XP_013414958.1	7574	Lingula anatina
LOAG_18720	XM_020451384.1	9951971	XP_020304834.1	7209	Loa loa
LOC109482515	XM_019785246.1	109482515	XP_019640805.1	7741	Branchiostoma belcheri
LOC106176624	XM_013559094.1	106176624	XP_013414548.1	7574	Lingula anatina
LOC117220401	XM_033470333.1	117220401	XP_033326224.1	115081	Megalopta genalis
LOC111624304	XM_023367118.1	111624304	XP_023222886.1	218467	Centruroides sculpturatus
LOC116342668	XM_031770366.1	116342668	XP_031626226.1	265458	Contarinia nasturtii
LOC111862174	XM_023847358.2	111862174	XP_023703126.1	105785	Cryptotermes secundus
LOC105191141	XM_025302347.1	105191141	XP_025158132.1	610380	Harpegnathos saltator
LOC124265054	XM_046699849.1	124265054	XP_046555805.1	36100	Haliotis rubra
LOC124291065	XM_046727970.1	124291065	XP_046583926.1	36100	Haliotis rubra
LOC107100006	XM_015398352.1	107100006	XP_015253838.1	28743	Cyprinodon variegatus
LOC124149824	XM_046521618.2	124149824	XP_046377574.2	6454	Haliotis rufescens
LOC105423801	XM_025217481.1	105423801	XP_025073266.1	144034	Pogonomyrmex barbatus
LOC127733064	XM_052242327.1	127733064	XP_052098287.1		
LOC108691753	XM_018199636.1	108691753	XP_018055125.1	520822	Atta colombica
LOC108973372	XM_018940614.1	108973372	XP_018796159.1	174628	Bactrocera latifrons
LOC105217058	XM_011191867.2	105217058	XP_011190169.1	28588	Zeugodacus cucurbitae
LOC111509259	XM_023164971.1	111509259	XP_023020739.1	7539	Leptinotarsa decemlineata
LOC101458727	XM_012306564.2	101458727	XP_012161954.1	7213	Ceratitis capitata
LOC118192313	XM_035363253.1	118192313	XP_035219144.1	202533	Stegodyphus dumicola
LOC106176551	XM_013558988.1	106176551	XP_013414442.1	7574	Lingula anatina
LOC124268991	XM_046704025.1	124268991	XP_046559981.1	36100	Haliotis rubra
LOC117579722	XM_034265718.1	117579722	XP_034121609.1	7266	Drosophila guanche
LOC124134078	XM_046498718.2	124134078	XP_046354674.2	6454	Haliotis rufescens
LOC110859890	XM_022108920.2	110859890	XP_021964612.1	158441	Folsomia candida
LOC113790841	XM_027340549.1	113790841	XP_027196350.1	6956	Dermatophagoides pteronyssinus
chs1	XM_034224338.1	117551436	XP_034080229.1	8218	Gymnodraco acuticeps
LOC103368524	XM_008296927.1	103368524	XP_008295149.1	144197	Stegastes partitus
LOC125679023	XM_048917907.1	125679023	XP_048773864.1	37623	Ostrea edulis
LOC124132179	XM_048381754.1	124132179	XP_048237711.1	6454	Haliotis rufescens
LOC124257845	XM_046691990.1	124257845	XP_046547946.1	36100	Haliotis rubra
LOC124134072	XM_048400065.1	124134072	XP_048256022.1	6454	Haliotis rufescens
LOC111340249	XM_022947071.1	111340249	XP_022802806.1	50429	Stylophora pistillata
LOC111246312	XM_022795687.1	111246312	XP_022651422.1	109461	Varroa destructor
LOC100866934	XM_031917687.1	100866934	XP_031773547.1	7463	Apis florea
LOC106742417	XM_014615333.1	106742417	XP_014470819.1	609295	Dinoponera quadriceps
LOC127719172	XM_052225195.1	127719172	XP_052081155.1		
LOC108562203	XM_017920465.1	108562203	XP_017775954.1	110193	Nicrophorus vespilloides
LOC105360565	XM_011497503.1	105360565	XP_011495805.1	142686	Ceratosolen solmsi marchali
LOC106171524	XM_013551912.1	106171524	XP_013407366.1	7574	Lingula anatina
LOC124269013	XM_046704043.1	124269013	XP_046559999.1	36100	Haliotis rubra
LOC124132178	XM_046495941.2	124132178	XP_046351897.2	6454	Haliotis rufescens
chs1	XM_034116385.1	117471411	XP_033972276.1	40690	Trematomus bernacchii
LOC111265514	XM_022842270.1	111265514	XP_022698005.1	62625	Varroa jacobsoni
LOC127733543	XM_052242890.1	127733543	XP_052098850.1		
LOC106474652	XM_013935344.2	106474652	XP_013790798.1	6850	Limulus polyphemus
LOC109853939	XM_020426536.1	109853939	XP_020282125.1	219809	Pseudomyrmex gracilis
LOC110001927	XM_029282072.1	110001927	XP_029137905.1	56723	Labrus bergylta
LOC127717774	XM_052223607.1	127717774	XP_052079567.1		
LOC108766024	XM_018515041.1	108766024	XP_018370543.1	471704	Trachymyrmex cornetzi
LOC109952805	XM_020588061.1	109952805	XP_020443717.1	43700	Monopterus albus
LOC102674343	XM_031510069.1	102674343	XP_031365929.1	7462	Apis dorsata
HELRODRAFT_76186	XM_009016144.1	20215262	XP_009014392.1	6412	Helobdella robusta
LOC105154781	XM_011070507.1	105154781	XP_011068809.1	103372	Acromyrmex echinatior
LOC127719175	XM_052225197.1	127719175	XP_052081157.1		
LOC106158988	XM_013535132.2	106158988	XP_013390586.1	7574	Lingula anatina
LOC111624303	XM_023367117.1	111624303	XP_023222885.1	218467	Centruroides sculpturatus
LOC117477886	XM_034124681.1	117477886	XP_033980572.1	40690	Trematomus bernacchii
LOC111233233	XM_022760999.1	111233233	XP_022616720.1	41447	Seriola dumerili
LOC108001990	XM_028668900.1	108001990	XP_028524701.1	7461	Apis cerana
LOC113680763	XM_027197803.1	113680763	XP_027053604.1	46731	Pocillopora damicornis
LOC117477885	XM_034124680.1	117477885	XP_033980571.1	40690	Trematomus bernacchii
LOC101898706	XM_011292877.2	101898706	XP_011291179.1	7370	Musca domestica
LOC108772292	XM_018537799.1	108772292	XP_018393301.1	456900	Cyphomyrmex costatus
LOC113793220	XM_027343213.1	113793220	XP_027199014.1	6956	Dermatophagoides pteronyssinus
chs1	XM_035652372.1	118321156	XP_035508265.1	34816	Morone saxatilis
LOC124147076	XM_048402913.1	124147076	XP_048258870.1	6454	Haliotis rufescens
LOC106820845	XM_014825431.1	106820845	XP_014680917.1	37621	Priapulus caudatus
LOC107553936	XM_016236282.1	107553936	XP_016091768.1	75366	Sinocyclocheilus grahami
LOC108745891	XM_018482297.1	108745891	XP_018337799.1	34720	Trachymyrmex septentrionalis
LOC105460624	XM_011707116.1	105460624	XP_011705418.1	64793	Wasmannia auropunctata
LOC8029448	XM_029991519.4	8029448	XP_029847379.2	6945	Ixodes scapularis
LOC108379387	XM_017635730.1	108379387	XP_017491219.1	28612	Rhagoletis zephyria
LOTGIDRAFT_143023	XM_009052917.1	20234642	XP_009051165.1	225164	Lottia gigantea
LOC107749305	XM_016564419.1	107749305	XP_016419905.1	307959	Sinocyclocheilus rhinocerous
LOC105271092	XM_011312426.1	105271092	XP_011310728.1	64838	Fopius arisanus
LOC108914806	XM_023456099.1	108914806	XP_023311867.1	217634	Anoplophora glabripennis
LOC105674923	XM_012371607.1	105674923	XP_012227030.1	83485	Linepithema humile
LOC116382937	XM_031846398.1	116382937	XP_031702258.1	433405	Anarrhichthys ocellatus
LOC106513167	XM_014001860.1	106513167	XP_013857314.1	52670	Austrofundulus limnaeus
LOC105621961	XM_012203395.1	105621961	XP_012058785.1	12957	Atta cephalotes
LOC127733066	XM_052242333.1	127733066	XP_052098293.1		
LOC109482332	XM_019785013.1	109482332	XP_019640572.1	7741	Branchiostoma belcheri
LOC8026235	XM_040222998.1	8026235	XP_040078932.1	6945	Ixodes scapularis
LOC105249711	XM_011255378.3	105249711	XP_011253680.2	104421	Camponotus floridanus
LOC118682334	XM_036370748.1	118682334	XP_036226641.1	104688	Bactrocera oleae
LOC120462051	XM_039650481.1	120462051	XP_039506415.1	90988	Pimephales promelas
LOC107553937	XM_016236283.1	107553937	XP_016091769.1	75366	Sinocyclocheilus grahami
LOC105565685	XM_012019087.1	105565685	XP_011874477.1	411798	Vollenhovia emeryi
LOC111220150	XM_022743149.1	111220150	XP_022598870.1	41447	Seriola dumerili
chs1	XM_037485534.1	119227069	XP_037341431.1	134920	Pungitius pungitius
LOC106939846	XM_015022408.1	106939846	XP_014877894.1	48699	Poecilia latipinna
LOC118816842	XM_036583435.1	118816842	XP_036439328.1	42526	Colossoma macropomum
LOC101859375	XM_013086397.2	101859375	XP_012941851.2	6500	Aplysia californica
LOC112454786	XM_025016373.1	112454786	XP_024872141.1	300111	Temnothorax curvispinosus
LOC107680277	XM_016476104.1	107680277	XP_016331590.1	1608454	Sinocyclocheilus anshuiensis
LOC109969026	XM_020615661.1	109969026	XP_020471317.1	43700	Monopterus albus
LOC107686321	XM_016483288.1	107686321	XP_016338774.1	1608454	Sinocyclocheilus anshuiensis
LOC100744247	XM_024366321.2	100744247	XP_024222089.2	132113	Bombus impatiens
LOC118682019	XM_036368692.1	118682019	XP_036224585.1	104688	Bactrocera oleae
chs1	XM_051380441.1	127352224	XP_051236401.1		
LOC111645926	XM_023395272.1	111645926	XP_023251040.1	302047	Seriola lalandi dorsalis
LOC106178970	XM_013562405.1	106178970	XP_013417859.1	7574	Lingula anatina
LOC106159002	XM_013535157.1	106159002	XP_013390611.1	7574	Lingula anatina
LOC117238716	XM_033503853.1	117238716	XP_033359744.1	207650	Bombus vosnesenskii
LOC117159029	XM_033338509.1	117159029	XP_033194400.1	2705177	Bombus vancouverensis nearcticus
LOC117215765	XM_033462230.1	117215765	XP_033318121.1	103933	Bombus bifarius
LOC109486247	XM_019789982.1	109486247	XP_019645541.1	7741	Branchiostoma belcheri
LOC110064684	XM_020771772.1	110064684	XP_020627431.1	48498	Orbicella faveolata
LOC107084185	XM_015373899.1	107084185	XP_015229385.1	28743	Cyprinodon variegatus
LOC111347236	XM_022954503.1	111347236	XP_022810238.1	50429	Stylophora pistillata
LOC111423122	XM_023056366.1	111423122	XP_022912134.1	166361	Onthophagus taurus
LOC109987372	XM_020638467.2	109987372	XP_020494123.1	56723	Labrus bergylta
LOC120326562	XM_039392881.1	120326562	XP_039248815.1	7725	Styela clava
LOC124288801	XM_046725329.1	124288801	XP_046581285.1	36100	Haliotis rubra
LOC124119782	XM_048382287.1	124119782	XP_048238244.1	6454	Haliotis rufescens
LOC108622633	XM_026811642.1	108622633	XP_026667443.1	156304	Ceratina calcarata
LOC120326563	XM_039392884.1	120326563	XP_039248818.1	7725	Styela clava
LOC100907771	XM_029110606.1	100907771	XP_028966439.1	34638	Galendromus occidentalis
LOC124115884	XM_046477044.2	124115884	XP_046333000.1	6454	Haliotis rufescens
LOC111425889	XM_023060184.1	111425889	XP_022915952.1	166361	Onthophagus taurus
LOC127717706	XM_052223468.1	127717706	XP_052079428.1		
LOC100638358	XM_011408271.2	100638358	XP_011406573.2	400682	Amphimedon queenslandica
LOC124257847	XM_046691993.1	124257847	XP_046547949.1	36100	Haliotis rubra
LOC105704522	XM_012433818.1	105704522	XP_012289241.1	222816	Orussus abietinus
LOC103136524	XM_007549807.2	103136524	XP_007549869.1	48698	Poecilia formosa
LOC106922791	XM_014995488.1	106922791	XP_014850974.1	48701	Poecilia mexicana
LOC107362642	XM_015929744.2	107362642	XP_015785230.1	32264	Tetranychus urticae
LOC110173301	XM_020939296.1	110173301	XP_020794955.1	150288	Boleophthalmus pectinirostris
LOC108651755	XM_018101639.2	108651755	XP_017957128.1	7232	Drosophila navojoa
chs1	XM_049718439.1	125967390	XP_049574396.1	161590	Syngnathus scovelli
chs1	XM_023281783.2	111576211	XP_023137551.1	80972	Amphiprion ocellaris
LOC106636864	XM_014349408.1	106636864	XP_014204894.1	29053	Copidosoma floridanum
chs1	XM_038702230.1	119890810	XP_038558158.1	27706	Micropterus salmoides
LOC107686322	XM_016483289.1	107686322	XP_016338775.1	1608454	Sinocyclocheilus anshuiensis
LOC124135987	XM_048381576.1	124135987	XP_048237533.1	6454	Haliotis rufescens
LOC109531497	XM_019895810.1	109531497	XP_019751369.1	109280	Hippocampus comes
LOC116177313	XM_031496254.1	116177313	XP_031352114.1	7054	Photinus pyralis
LOTGIDRAFT_235019	XM_009063477.1	20249724	XP_009061725.1	225164	Lottia gigantea
LOC114943233	XM_029318828.1	114943233	XP_029174661.1	613905	Nylanderia fulva
LOC106806877	XM_014809016.1	106806877	XP_014664502.1	37621	Priapulus caudatus
LOC108614115	XM_018008055.1	108614115	XP_017863544.1	7263	Drosophila arizonae
LOC113664544	XM_027180156.1	113664544	XP_027035957.1	46731	Pocillopora damicornis
LOC107447831	XM_043041906.1	107447831	XP_042897840.1	114398	Parasteatoda tepidariorum
LOC110175401	XM_020941571.1	110175401	XP_020797230.1	150288	Boleophthalmus pectinirostris
LOC100638230	XM_003389517.3	100638230	XP_003389565.3	400682	Amphimedon queenslandica
LOC105360778	XM_011497779.1	105360778	XP_011496081.1	142686	Ceratosolen solmsi marchali
LOC111852797	XM_023829052.1	111852797	XP_023684820.1	1676925	Paramormyrops kingsleyae
LOC115242602	XM_029819046.1	115242602	XP_029674906.1	72781	Formica exsecta
LOC107725003	XM_016534120.1	107725003	XP_016389606.1	307959	Sinocyclocheilus rhinocerous
LOC106163885	XM_013541599.1	106163885	XP_013397053.1	7574	Lingula anatina
LOC107693785	XM_016493296.1	107693785	XP_016348782.1	1608454	Sinocyclocheilus anshuiensis
chs1	XM_039690360.1	120492195	XP_039546294.1	90988	Pimephales promelas
LOC127704993	XM_052209238.1	127704993	XP_052065198.1		
LOC110459239	XM_021511405.1	110459239	XP_021367080.1	6573	Mizuhopecten yessoensis
HELRODRAFT_63069	XM_009011644.1	20213455	XP_009009892.1	6412	Helobdella robusta
LOC106816900	XM_014821543.1	106816900	XP_014677029.1	37621	Priapulus caudatus
LOC124119335	XM_046481824.2	124119335	XP_046337780.2	6454	Haliotis rufescens
LOC110442539	XM_021486193.1	110442539	XP_021341868.1	6573	Mizuhopecten yessoensis
LOC107571073	XM_016257353.1	107571073	XP_016112839.1	75366	Sinocyclocheilus grahami
LOC106163421	XM_024077584.1	106163421	XP_023933352.1	7574	Lingula anatina
chs1	XM_036583271.1	118816723	XP_036439164.1	42526	Colossoma macropomum
chs1	XM_040011256.1	120721149	XP_039867190.1	43689	Simochromis diagramma
LOC124119327	XM_048383241.1	124119327	XP_048239198.1	6454	Haliotis rufescens
chs1	XM_014340387.2	102297543	XP_014195873.1	8153	Haplochromis burtoni
chs1	XM_006780504.2	102775936	XP_006780567.2	32507	Neolamprologus brichardi
LOTGIDRAFT_114955	XM_009053792.1	20231157	XP_009052040.1	225164	Lottia gigantea
LOC127730442	XM_052238861.1	127730442	XP_052094821.1		
LOC109636909	XM_020098935.1	109636909	XP_019954494.1	8255	Paralichthys olivaceus
LOC113680748	XM_027197783.1	113680748	XP_027053584.1	46731	Pocillopora damicornis
LOC107565902	XM_016251199.1	107565902	XP_016106685.1	75366	Sinocyclocheilus grahami
has3	XM_020935030.1	110169489	XP_020790689.1	150288	Boleophthalmus pectinirostris
LOC106157249	XM_024076566.1	106157249	XP_023932334.1	7574	Lingula anatina
LOC109464835	XM_019761915.1	109464835	XP_019617474.1	7741	Branchiostoma belcheri
HAS3	XM_018557333.1	108787718	XP_018412835.1	125878	Nanorana parkeri
has3	XM_005951181.3	102290815	XP_005951243.1	8153	Haplochromis burtoni
has3	XM_023294411.2	111585026	XP_023150179.1	80972	Amphiprion ocellaris
Has2	XM_013032227.1	105997712	XP_012887681.1	10020	Dipodomys ordii
LOC106175224	XM_024076134.1	106175224	XP_023931902.1	7574	Lingula anatina
Has2	XM_004634442.2	101586001	XP_004634499.1	10160	Octodon degus
Has2	XM_013122555.3	101823939	XP_012978009.1	10036	Mesocricetus auratus
Has2	XM_048457144.1	125415023	XP_048313101.1	447135	Myodes glareolus
Has2	XM_050145418.1	126503599	XP_050001375.1	100897	Microtus fortis
HAS3	XM_006027829.2	102373237	XP_006027891.1	38654	Alligator sinensis
Has2	XM_021657740.1	110561355	XP_021513415.1	10047	Meriones unguiculatus
HAS2	XM_003782374.3	100965137	XP_003782422.1	30611	Otolemur garnettii
has3	XM_023827052.1	111851808	XP_023682820.1	1676925	Paramormyrops kingsleyae
HAS2	XM_012664464.1	105826473	XP_012519918.1	379532	Propithecus coquereli
LOC125665411	XM_048898053.1	125665411	XP_048754010.1	37623	Ostrea edulis
Has2	XM_005410908.2	102022855	XP_005410965.1	34839	Chinchilla lanigera
Has2	XM_003463665.3	100731804	XP_003463713.1	10141	Cavia porcellus
Has2	XM_010635417.2	104870025	XP_010633719.1	885580	Fukomys damarensis
HAS2	XM_040979458.1	121155961	XP_040835392.1	130825	Ochotona curzoniae
Has2	XM_008837986.3	103738152	XP_008836208.1	1026970	Nannospalax galili
LOC102813576	XM_006830680.1	102813576	XP_006830743.1	185453	Chrysochloris asiatica
HAS3	XM_019484410.1	106737219	XP_019339955.1	8496	Alligator mississippiensis
Has2	XM_028767567.1	114621334	XP_028623400.1	491861	Grammomys surdaster
Has2	XM_052747832.1	128116521	XP_052603792.1		
has3	XM_006782241.2	102789346	XP_006782304.1	32507	Neolamprologus brichardi
Has2	XM_026406678.1	113195238	XP_026262463.1	9999	Urocitellus parryii
Has2	XM_015486425.2	107142891	XP_015341911.1	9993	Marmota marmota marmota
Has2	XM_027952294.1	114105718	XP_027808095.1	93162	Marmota flaviventris
Has2	XM_046464757.1	124106895	XP_046320713.1	9995	Marmota monax
HAS2	XM_008585337.1	103600972	XP_008583559.1	482537	Galeopterus variegatus
HAS2	XM_008056607.1	103258935	XP_008054798.1	1868482	Carlito syrichta
has3	XM_039692036.1	120493439	XP_039547970.1	90988	Pimephales promelas
Has2	XM_020153582.1	109677774	XP_020009171.1	51338	Castor canadensis
LOC125666075	XM_048899197.1	125666075	XP_048755154.1	37623	Ostrea edulis
has3	XM_005747886.1	102193903	XP_005747943.1	303518	Pundamilia nyererei
has3	XM_040026701.1	120730353	XP_039882635.1	43689	Simochromis diagramma
Has2	XM_004838010.2	101724130	XP_004838067.1	10181	Heterocephalus glaber
HAS2	XM_006916584.3	102879345	XP_006916646.1	9402	Pteropus alecto
HAS2	XM_011360767.2	105292531	XP_011359069.1	132908	Pteropus vampyrus
HAS2	XM_039853650.1	120595512	XP_039709584.1	143291	Pteropus giganteus
HAS2	XM_003933098.3	101048448	XP_003933147.1	27679	Saimiri boliviensis boliviensis
HAS2	XM_008001453.2	103237364	XP_007999644.1	60711	Chlorocebus sabaeus
HAS2	XM_011718730.2	105468510	XP_011717032.1	9545	Macaca nemestrina
HAS2	XM_011941057.1	105511038	XP_011796447.1	54131	Colobus angolensis palliatus
HAS2	XM_011973006.1	105534302	XP_011828396.1	9568	Mandrillus leucophaeus
HAS2	XM_012057455.1	105584563	XP_011912845.1	9531	Cercocebus atys
HAS2	XM_017530715.2	108305946	XP_017386204.1	2715852	Cebus imitator
HAS2	XM_017854448.1	108516805	XP_017709937.1	61621	Rhinopithecus bieti
HAS2	XM_032252768.1	116533148	XP_032108659.1	9515	Sapajus apella
HAS2	XM_032758490.1	116812697	XP_032614381.1	81572	Hylobates moloch
HAS2	XM_033202933.1	117079231	XP_033058824.1	54180	Trachypithecus francoisi
HAS2	XM_012466428.1	105726857	XP_012321851.1	37293	Aotus nancymaae
HAS3	XM_045819063.1	123806066	XP_045675019.1	9423	Phyllostomus hastatus
HAS2	XM_007943422.1	103199186	XP_007941613.1	9818	Orycteropus afer afer
HAS3	XM_006008676.2	102352892	XP_006008738.2	7897	Latimeria chalumnae
LOC107569650	XM_016255770.1	107569650	XP_016111256.1	75366	Sinocyclocheilus grahami
LOC107672271	XM_016465401.1	107672271	XP_016320887.1	1608454	Sinocyclocheilus anshuiensis
has3	XM_037452557.1	119196667	XP_037308454.1	134920	Pungitius pungitius
has3	XM_029278643.1	109990594	XP_029134476.1	56723	Labrus bergylta
LOC106519582	XM_014011312.1	106519582	XP_013866766.1	52670	Austrofundulus limnaeus
HAS2	XM_005891980.2	102278313	XP_005892042.1	72004	Bos mutus
has3	XM_008304471.1	103374388	XP_008302693.1	144197	Stegastes partitus
has3	XM_051383228.1	127353723	XP_051239188.1		
has3	XM_022756297.1	111229825	XP_022612018.1	41447	Seriola dumerili
has3	XM_015388907.1	107093702	XP_015244393.1	28743	Cyprinodon variegatus
Has3	XM_035457059.1	100757895	XP_035312950.1	10029	Cricetulus griseus
has3	XM_023397324.1	111647684	XP_023253092.1	302047	Seriola lalandi dorsalis
LOC107707223	XM_016511544.1	107707223	XP_016367030.1	307959	Sinocyclocheilus rhinocerous
LOC119249643	XM_037517099.1	119249643	XP_037372996.1	50954	Talpa occidentalis
LOC119249642	XM_037517098.1	119249642	XP_037372995.1	50954	Talpa occidentalis
LOC119061929	XM_037162710.2	119061929	XP_037018605.1		
Has3	XM_021230792.2	101837708	XP_021086451.1	10036	Mesocricetus auratus
HAS2	XM_004697409.2	101658408	XP_004697466.1	9371	Echinops telfairi
HAS3	XM_045191766.1	112300794	XP_045047701.1	9430	Desmodus rotundus
has3	XM_031868135.1	116394812	XP_031723995.1	433405	Anarrhichthys ocellatus
Has3	XM_005403568.2	102004071	XP_005403625.1	34839	Chinchilla lanigera
has3	XM_014993237.1	106921505	XP_014848723.1	48701	Poecilia mexicana
HAS2	XM_003408169.3	100661528	XP_003408217.1	9785	Loxodonta africana
Has3	XM_008833880.3	103734806	XP_008832102.1	1026970	Nannospalax galili
Has1	XM_013027615.1	105994185	XP_012883069.1	10020	Dipodomys ordii
HAS3	XM_037041406.1	118983809	XP_036897301.1	192404	Sturnira hondurensis
HAS1	XM_006868126.1	102815103	XP_006868188.1	185453	Chrysochloris asiatica
has3	XM_007579174.2	103156942	XP_007579236.1	48698	Poecilia formosa
HAS2	XM_032415844.1	116639457	XP_032271735.1	9720	Phoca vitulina
HAS2	XM_036068690.1	118520601	XP_035924583.1	9711	Halichoerus grypus
has3	XM_038705723.1	119893510	XP_038561651.1	27706	Micropterus salmoides
HAS2	XM_004480750.3	101439600	XP_004480807.1	9361	Dasypus novemcinctus
HAS2	XM_006157522.3	102491778	XP_006157584.1	246437	Tupaia chinensis
HAS3	XM_010008468.1	104398362	XP_010006770.1	8897	Chaetura pelagica
HAS2	XM_017680727.2	108409910	XP_017536216.1	9974	Manis javanica
HAS2	XM_036925529.1	118932236	XP_036781424.1	143292	Manis pentadactyla
HAS1	XM_012643361.1	105809536	XP_012498815.1	379532	Propithecus coquereli
LOC107686259	XM_016483182.1	107686259	XP_016338668.1	1608454	Sinocyclocheilus anshuiensis
HAS1	XM_037064572.1	118999831	XP_036920467.1	192404	Sturnira hondurensis
LOC101343848	XM_023728175.1	101343848	XP_023583943.1	9778	Trichechus manatus latirostris
HAS2	XM_016207750.1	107533172	XP_016063236.1	291302	Miniopterus natalensis
HAS2	XM_036264146.1	118631646	XP_036120039.1	27622	Molossus molossus
HAS3	XM_005881209.2	102242326	XP_005881271.1	109478	Myotis brandtii
LOC107583799	XM_016270127.1	107583799	XP_016125613.1	75366	Sinocyclocheilus grahami
HAS2	XM_036436889.2	118718252	XP_036292782.1	59472	Pipistrellus kuhlii
HAS2	XM_006085251.2	102421035	XP_006085313.1	59463	Myotis lucifugus
HAS2	XM_008143356.2	103287645	XP_008141578.1	29078	Eptesicus fuscus
HAS2	XM_015567446.1	102760371	XP_015422932.1	225400	Myotis davidii
HAS2	XM_036338186.1	118670794	XP_036194079.1	51298	Myotis myotis
Has3	XM_050143788.1	126502629	XP_049999745.1	100897	Microtus fortis
HAS2	XM_005885867.2	102249515	XP_005885929.1	109478	Myotis brandtii
LOC110145623	XM_020906026.1	110145623	XP_020761685.1	9874	Odocoileus virginianus texanus
HAS2	XM_010838932.1	104987849	XP_010837234.1	9901	Bison bison bison
HAS2	XM_040261889.1	120878949	XP_040117823.1	59534	Oryx dammah
HAS2	XM_007520808.1	103111522	XP_007520870.1	9365	Erinaceus europaeus
has3	XM_020624578.1	109974397	XP_020480234.1	43700	Monopterus albus
LOC101401751	XM_004431107.1	101401751	XP_004431164.1	9807	Ceratotherium simum simum
LOC102544075	XM_006211418.3	102544075	XP_006211480.1	30538	Vicugna pacos
HAS2	XM_008689305.2	103661603	XP_008687527.1	29073	Ursus maritimus
LOC105082905	XM_010972602.2	105082905	XP_010970904.1	9837	Camelus bactrianus
HAS2	XM_026495499.3	113252765	XP_026351284.1	9644	Ursus arctos
HAS2	XM_039227208.1	120228659	XP_039083139.1	95912	Hyaena hyaena
HAS2	XM_035011841.1	118015168	XP_034867732.1	9715	Mirounga leonina
HAS2	XM_045895970.1	123858763	XP_045751926.1	9716	Mirounga angustirostris
HAS2	XM_004416640.1	101365887	XP_004416697.1	9707	Odobenus rosmarus divergens
HAS2	XM_025871054.1	112823355	XP_025726839.1	34884	Callorhinus ursinus
HAS2	XM_028105705.1	114211198	XP_027961506.1	34886	Eumetopias jubatus
HAS3	XM_007524596.1	103114870	XP_007524658.1	9365	Erinaceus europaeus
HAS2	XM_006739332.2	102740905	XP_006739395.1	9713	Leptonychotes weddellii
has2	XM_042332392.1	103183203	XP_042188326.1	7868	Callorhinchus milii
Has3	XM_048430791.1	125398166	XP_048286748.1	447135	Myodes glareolus
Has3	XM_052727062.1	128103016	XP_052583022.1		
HAS2	XM_019665861.1	109395081	XP_019521406.1	186990	Hipposideros armiger
Has3	XM_028768664.1	114622224	XP_028624497.1	491861	Grammomys surdaster
HAS2	XM_004607644.1	101537021	XP_004607701.1	42254	Sorex araneus
HAS2	XM_037502176.1	119238456	XP_037358073.1	50954	Talpa occidentalis
LOC119038463	XM_037130960.2	119038463	XP_036986855.2		
LOC111146646	XM_022502282.1	111146646	XP_022357990.1	34882	Enhydra lutris kenyoni
HAS2	XM_032858408.1	116868278	XP_032714299.1	76717	Lontra canadensis
HAS3	XM_028143229.1	103284617	XP_027999030.1	29078	Eptesicus fuscus
HAS3	XM_036346179.1	118674399	XP_036202072.1	51298	Myotis myotis
HAS2	XM_027854045.1	114037230	XP_027709846.1	29139	Vombatus ursinus
HAS3	XM_006730076.2	102727783	XP_006730139.1	9713	Leptonychotes weddellii
HAS2	XM_004679612.2	101625921	XP_004679669.1	143302	Condylura cristata
HAS2	XM_007445586.1	103090515	XP_007445648.1	118797	Lipotes vexillifer
HAS2	XM_027132353.1	113633801	XP_026988154.1	90247	Lagenorhynchus obliquidens
HAS2	XM_030875702.1	115863199	XP_030731562.1	9731	Globicephala melas
Has3	XM_013012937.1	105983138	XP_012868391.1	10020	Dipodomys ordii
HAS2	XM_019459935.1	109273210	XP_019315480.1	9691	Panthera pardus
HAS2	XM_025922758.1	112859508	XP_025778543.1	9696	Puma concolor
HAS2	XM_025993398.1	112915955	XP_025849183.1	9627	Vulpes vulpes
HAS2	XM_040494336.1	121042919	XP_040350270.1	1608482	Puma yagouaroundi
LOC124507470	XM_047073806.1	124507470	XP_046929762.1	61384	Lynx rufus
HAS2	XM_008516116.1	103548360	XP_008514338.1	9798	Equus przewalskii
HAS3	XM_019654671.1	109389272	XP_019510216.1	186990	Hipposideros armiger
LOC124511693	XM_047079075.1	124511693	XP_046935031.1	61384	Lynx rufus
Has3	XM_021632544.1	110546016	XP_021488219.1	10047	Meriones unguiculatus
HAS3	XM_036897638.1	118918661	XP_036753533.1	143292	Manis pentadactyla
HAS1	XM_004415485.1	101385758	XP_004415542.1	9707	Odobenus rosmarus divergens
HAS3	XM_006760358.2	102768432	XP_006760421.1	225400	Myotis davidii
HAS3	XM_016164706.2	107520665	XP_016020192.2	9407	Rousettus aegyptiacus
HAS1	XM_039220174.1	120222377	XP_039076105.1	95912	Hyaena hyaena
has2	XM_020634977.2	109984833	XP_020490633.1	56723	Labrus bergylta
HAS3	XM_011380560.2	105305759	XP_011378862.1	132908	Pteropus vampyrus
HAS3	XM_039851788.1	120593867	XP_039707722.1	143291	Pteropus giganteus
has3	XM_049724221.1	125971191	XP_049580178.1	161590	Syngnathus scovelli
Has1	XM_021661038.1	110563830	XP_021516713.1	10047	Meriones unguiculatus
LOC103004078	XM_028168202.1	103004078	XP_028024003.1	9767	Balaenoptera acutorostrata scammoni
HAS2	XM_010194260.1	104548280	XP_010192562.1	54374	Mesitornis unicolor
HAS1	XM_034986998.1	117998278	XP_034842889.1	9715	Mirounga leonina
HAS1	XM_045892016.1	123855903	XP_045747972.1	9716	Mirounga angustirostris
HAS3	XM_032424367.1	116644644	XP_032280258.1	9720	Phoca vitulina
HAS3	XM_035024896.1	118023629	XP_034880787.1	9715	Mirounga leonina
HAS3	XM_036089395.1	118533917	XP_035945288.1	9711	Halichoerus grypus
HAS3	XM_045890839.1	123855317	XP_045746795.1	9716	Mirounga angustirostris
HAS1	XM_019425324.1	109252859	XP_019280869.1	9691	Panthera pardus
has3	XM_014015668.1	106522596	XP_013871122.1	52670	Austrofundulus limnaeus
HAS3	XM_025045246.1	102887158	XP_024901014.1	9402	Pteropus alecto
LOC104987850	XM_010838933.1	104987850	XP_010837235.1	9901	Bison bison bison
Has3	XM_026404472.1	113193722	XP_026260257.1	9999	Urocitellus parryii
HAS3	XM_037025311.1	108393449	XP_036881206.1	9974	Manis javanica
HAS1	XM_045847251.1	123824148	XP_045703207.1	9423	Phyllostomus hastatus
HAS2	XM_037048464.1	118988636	XP_036904359.1	192404	Sturnira hondurensis
LOC119064852	XM_037166752.2	119064852	XP_037022647.1		
HAS2	XM_045861298.1	123833178	XP_045717254.1	9423	Phyllostomus hastatus
HAS1	XM_040458039.1	121018937	XP_040313973.1	1608482	Puma yagouaroundi
HAS1	XM_025849427.1	112806927	XP_025705212.1	34884	Callorhinus ursinus
HAS3	XM_016200786.1	107527898	XP_016056272.1	291302	Miniopterus natalensis
HAS1	XM_036274018.1	118638303	XP_036129911.1	27622	Molossus molossus
HAS2	XM_009477929.1	104027250	XP_009476204.1	36300	Pelecanus crispus
HAS2	XM_005241193.3	101916039	XP_005241250.1	8954	Falco peregrinus
HAS2	XM_005438423.3	102052598	XP_005438480.1	345164	Falco cherrug
HAS1	XM_026014211.1	112931490	XP_025869996.1	9627	Vulpes vulpes
has2	XM_020597193.1	109958497	XP_020452849.1	43700	Monopterus albus
HAS3	XM_039222281.1	120224050	XP_039078212.1	95912	Hyaena hyaena
HAS3	XM_008070040.2	103272548	XP_008068231.1	1868482	Carlito syrichta
HAS3	XM_036273835.1	118638201	XP_036129728.1	27622	Molossus molossus
HAS3	XM_008702412.2	103673621	XP_008700634.2	29073	Ursus maritimus
HAS3	XM_026011572.1	112929462	XP_025867357.1	9627	Vulpes vulpes
HAS3	XM_026495097.3	113252415	XP_026350882.1	9644	Ursus arctos
HAS2	XM_010176847.1	104531836	XP_010175149.1	279965	Antrostomus carolinensis
HAS3	XM_027846164.1	114031125	XP_027701965.1	29139	Vombatus ursinus
HAS2	XM_024572273.2	112315538	XP_024428041.1	9430	Desmodus rotundus
HAS2	XM_010144491.1	104500780	XP_010142793.1	175835	Buceros rhinoceros silvestris
HAS3	XM_022583344.2	111179591	XP_022439052.1	9749	Delphinapterus leucas
HAS2	XM_026039497.1	112947413	XP_025895282.1	30464	Nothoprocta perdicaria
HAS3	XM_008567003.1	103585891	XP_008565225.1	482537	Galeopterus variegatus
LOC101347098	XM_004381725.3	101347098	XP_004381782.1	9778	Trichechus manatus latirostris
HAS3	XM_024733294.1	112391809	XP_024589062.1	189058	Neophocaena asiaeorientalis asiaeorientalis
HAS1	XM_032839410.1	116856133	XP_032695301.1	76717	Lontra canadensis
HAS2	XM_009504031.1	104044239	XP_009502326.1	9209	Phalacrocorax carbo
HAS2	XM_009568767.1	104066193	XP_009567062.1	55661	Cuculus canorus
HAS2	XM_009277218.1	103897231	XP_009275493.1	9233	Aptenodytes forsteri
HAS2	XM_009323329.1	103916358	XP_009321604.1	9238	Pygoscelis adeliae
HAS3	XM_027119463.1	113627148	XP_026975264.1	90247	Lagenorhynchus obliquidens
HAS3	XM_029238122.1	114904323	XP_029093955.1	40151	Monodon monoceros
HAS3	XM_030863534.1	115856894	XP_030719394.1	9731	Globicephala melas
HAS2	XM_016127581.2	107501437	XP_015983067.1	9407	Rousettus aegyptiacus
HAS3	XM_014591023.2	102489956	XP_014446509.1	246437	Tupaia chinensis
HAS2	XM_009864449.1	104270175	XP_009862751.1	57397	Apaloderma vittatum
HAS1	XM_028091436.1	114199520	XP_027947237.1	34886	Eumetopias jubatus
HAS2	XM_010312299.1	104643099	XP_010310601.1	925459	Balearica regulorum gibbericeps
HAS2	XM_009581699.1	104070948	XP_009579994.1	30455	Fulmarus glacialis
HAS2	XM_009817359.1	104261369	XP_009815661.1	37040	Gavia stellata
HAS2	XM_009880996.1	104282864	XP_009879298.1	50402	Charadrius vociferus
HAS2	XM_009905774.1	104304974	XP_009904076.1	118200	Dryobates pubescens
HAS2	XM_009930678.1	104325836	XP_009928980.1	8969	Haliaeetus albicilla
HAS2	XM_009997452.1	104388569	XP_009995754.1	8897	Chaetura pelagica
HAS2	XM_010013623.1	104405031	XP_010011925.1	176057	Nestor notabilis
HAS2	XM_010295124.1	104627032	XP_010293426.1	97097	Phaethon lepturus
HAS2	XM_026843689.1	113477381	XP_026699490.1	194338	Athene cunicularia
HAS2	XM_032999690.2	104367942	XP_032855581.1	56313	Tyto alba
HAS3	XM_007198185.1	103000737	XP_007198247.1	9767	Balaenoptera acutorostrata scammoni
HAS2	XM_009695906.1	104158299	XP_009694208.1	54380	Cariama cristata
Has3	XM_023709194.1	101585907	XP_023564962.1	10160	Octodon degus
LOC101401753	XM_014788517.1	101401753	XP_014644003.1	9807	Ceratotherium simum simum
HAS3	XM_007449934.1	103072634	XP_007449996.1	118797	Lipotes vexillifer
HAS2	XM_008941466.1	103774085	XP_008939714.1	57421	Merops nubicus
HAS2	XM_026055698.1	112960959	XP_025911483.1	308060	Apteryx rowi
HAS2	XM_026110153.1	112989187	XP_025965938.1	8790	Dromaius novaehollandiae
HAS2	XM_009959827.1	104353286	XP_009958129.1	188344	Leptosomus discolor
HAS1	XM_024566478.2	112310225	XP_024422246.2	9430	Desmodus rotundus
HAS2	XM_009682808.1	104149255	XP_009681103.1	8801	Struthio camelus australis
HAS2	XM_009084682.1	103811695	XP_009082930.1	57068	Acanthisitta chloris
HAS2	XM_010080514.1	104466934	XP_010078816.1	240206	Pterocles gutturalis
HAS2	XM_022553997.2	111164375	XP_022409705.1	9749	Delphinapterus leucas
HAS2	XM_009471076.1	104017993	XP_009469351.1	128390	Nipponia nippon
HAS3	XM_019455437.1	109270710	XP_019310982.1	9691	Panthera pardus
HAS2	XM_042839898.1	122171956	XP_042695832.1	9002	Centrocercus urophasianus
Has3	XM_020175321.1	109693770	XP_020030910.1	51338	Castor canadensis
Has3	XM_010612331.3	104854039	XP_010610633.1	885580	Fukomys damarensis
HAS3	XM_025920678.1	112857374	XP_025776463.1	9696	Puma concolor
HAS3	XM_040442926.1	121009709	XP_040298860.1	1608482	Puma yagouaroundi
LOC124511435	XM_047078659.1	124511435	XP_046934615.1	61384	Lynx rufus
HAS3	XM_023556608.1	100660025	XP_023412376.1	9785	Loxodonta africana
Has3	XM_004842958.3	101717946	XP_004843015.1	10181	Heterocephalus glaber
has3	XM_036584948.1	118817934	XP_036440841.1	42526	Colossoma macropomum
HAS2	XM_042869366.1	122178863	XP_042725300.1	30410	Lagopus leucura
HAS2	XM_027645750.1	113948286	XP_027501551.1	415028	Corapipo altera
HAS2	XM_013185053.2	106038507	XP_013040507.2	8845	Anser cygnoides
HAS3	XM_037515987.1	119248991	XP_037371884.1	50954	Talpa occidentalis
Has3	XM_015496155.2	107150954	XP_015351641.2	9993	Marmota marmota marmota
has3	XM_010775659.1	104949316	XP_010773961.1	8208	Notothenia coriiceps
HAS2	XM_010228499.1	104580944	XP_010226801.1	94827	Tinamus guttatus
HAS2	XM_008934566.2	103767427	XP_008932814.1	328815	Manacus vitellinus
HAS2	XM_017826403.1	108502932	XP_017681892.1	321398	Lepidothrix coronata
HAS2	XM_027684446.1	113968143	XP_027540247.1	114329	Neopelma chrysocephalum
HAS2	XM_027726981.2	113991012	XP_027582782.1	649802	Pipra filicauda
HAS2	XM_027884919.1	114057988	XP_027740720.1	164674	Empidonax traillii
HAS2	XM_050319078.1	126641886	XP_050175035.1	478635	Myiozetetes cayanensis
HAS2	XM_052703986.1	128091063	XP_052559946.1		
HAS3	XM_040253296.1	120872718	XP_040109230.1	59534	Oryx dammah
LOC127733636	XM_052242954.1	127733636	XP_052098914.1		
HAS3	XM_006878662.1	102867868	XP_006878724.1	28737	Elephantulus edwardii
Has3	XM_027933310.1	114090963	XP_027789111.1	93162	Marmota flaviventris
LOC106818958	XM_014823624.1	106818958	XP_014679110.1	37621	Priapulus caudatus
HAS2	XM_010203956.1	104559123	XP_010202258.1	57412	Colius striatus
HAS2	XM_010148114.1	104504324	XP_010146416.1	54383	Eurypyga helias
has3	XM_034227106.1	117553247	XP_034082997.1	8218	Gymnodraco acuticeps
HAS1	XM_048223910.1	113247342	XP_048079867.1	9644	Ursus arctos
Has1	XM_048806026.1	107160728	XP_048661983.1	9993	Marmota marmota marmota
Has1	XM_021223357.2	101823778	XP_021079016.1	10036	Mesocricetus auratus
HAS1	XM_040634406.1	103657359	XP_040490340.1	29073	Ursus maritimus
HAS3	XM_006860213.1	102834001	XP_006860275.1	185453	Chrysochloris asiatica
HAS1	XM_004710461.4	101657953	XP_004710518.2	9371	Echinops telfairi
HAS3	XM_008542843.1	103566426	XP_008541065.1	9798	Equus przewalskii
HAS2	XM_005420698.2	102045061	XP_005420755.1	48883	Geospiza fortis
HAS2	XM_005479569.3	102070625	XP_005479626.1	44394	Zonotrichia albicollis
HAS2	XM_005516933.2	102113165	XP_005516990.1	181119	Pseudopodoces humilis
HAS2	XM_008642621.2	103623516	XP_008640843.1	85066	Corvus brachyrhynchos
HAS2	XM_023921445.1	111925089	XP_023777213.1	156563	Cyanistes caeruleus
HAS2	XM_039715523.1	120505214	XP_039571457.1	9160	Passer montanus
HAS2	XM_041407572.1	121337448	XP_041263506.1	356909	Onychostruthus taczanowskii
HAS2	XM_041470746.1	121355368	XP_041326680.1	221976	Pyrgilauda ruficollis
HAS2	XM_042036336.1	121668481	XP_041892270.1	68294	Corvus kubaryi
HAS3	XM_012660520.1	105823349	XP_012515974.1	379532	Propithecus coquereli
Has3	XM_046434405.1	124086311	XP_046290361.1	9995	Marmota monax
HAS3	XM_004704589.2	101658149	XP_004704646.1	9371	Echinops telfairi
HAS3	XM_020881130.1	110129649	XP_020736789.1	9874	Odocoileus virginianus texanus
HAS3	XM_028095284.1	114202177	XP_027951085.1	34886	Eumetopias jubatus
Has1	XM_020155235.1	109680355	XP_020010824.1	51338	Castor canadensis
HAS2	XM_006137506.3	102445131	XP_006137568.1	13735	Pelodiscus sinensis
HAS3	XM_005896510.2	102283309	XP_005896572.1	72004	Bos mutus
HAS3	XM_010850964.1	104996658	XP_010849266.1	9901	Bison bison bison
HAS3	XM_044427615.1	123022158	XP_044283550.1	61221	Varanus komodoensis
HAS3	XM_036441383.2	118720922	XP_036297276.1	59472	Pipistrellus kuhlii
LOC102284172	XM_005903613.1	102284172	XP_005903675.1	72004	Bos mutus
HAS3	XM_012437317.2	105706764	XP_012292740.1	37293	Aotus nancymaae
HAS1	XM_030847854.1	115847743	XP_030703714.1	9731	Globicephala melas
HAS1	XM_027079123.1	113605634	XP_026934924.1	90247	Lagenorhynchus obliquidens
HAS1	XM_022586135.1	111181081	XP_022441843.1	9749	Delphinapterus leucas
HAS3	XM_007940295.1	103196541	XP_007938486.1	9818	Orycteropus afer afer
LOC101348918	XM_004371445.2	101348918	XP_004371502.1	9778	Trichechus manatus latirostris
Has1	XM_003465585.4	100712902	XP_003465633.2	10141	Cavia porcellus
HAS1	XM_032171516.1	116479412	XP_032027407.1	81572	Hylobates moloch
Has3	XM_003471993.4	100725931	XP_003472041.1	10141	Cavia porcellus
HAS1	XM_024768515.1	112415483	XP_024624283.1	189058	Neophocaena asiaeorientalis asiaeorientalis
HAS2	XM_014965183.1	106902023	XP_014820669.1	198806	Calidris pugnax
LOC111160773	XM_022524120.1	111160773	XP_022379828.1	34882	Enhydra lutris kenyoni
HAS3	XM_007993820.2	103233221	XP_007992011.2	60711	Chlorocebus sabaeus
HAS3	XM_011976679.1	105537171	XP_011832069.1	9568	Mandrillus leucophaeus
HAS3	XM_012050647.1	105581444	XP_011906037.1	9531	Cercocebus atys
HAS3	XM_011931990.1	105504528	XP_011787380.1	54131	Colobus angolensis palliatus
HAS1	XM_028129450.1	103297721	XP_027985251.1	29078	Eptesicus fuscus
has3	XM_034132914.1	117484442	XP_033988805.1	40690	Trematomus bernacchii
HAS3	XM_033218809.1	117087961	XP_033074700.1	54180	Trachypithecus francoisi
HAS3	XM_032157758.1	116471434	XP_032013649.1	81572	Hylobates moloch
HAS2	XM_006879317.1	102858664	XP_006879379.1	28737	Elephantulus edwardii
LOC120858882	XM_040235235.1	120858882	XP_040091169.1	59534	Oryx dammah
HAS3	XM_019505243.1	109289249	XP_019360788.1	94835	Gavialis gangeticus
HAS1	XM_007463397.1	103077212	XP_007463459.1	118797	Lipotes vexillifer
HAS3	XM_027783926.1	101913427	XP_027639727.1	8954	Falco peregrinus
Has1	XM_048449046.1	125409869	XP_048305003.1	447135	Myodes glareolus
HAS3	XM_004600568.1	101546762	XP_004600625.1	42254	Sorex araneus
HAS3	XM_010350697.2	104653219	XP_010348999.1	27679	Saimiri boliviensis boliviensis
HAS2	XM_020796512.1	110080529	XP_020652171.1	103695	Pogona vitticeps
HAS1	XM_036296216.1	118649301	XP_036152109.1	51298	Myotis myotis
HAS3	XM_014942208.1	106888175	XP_014797694.1	198806	Calidris pugnax
HAS1	XM_032264635.1	116540837	XP_032120526.1	9515	Sapajus apella
Has1	XM_028766475.1	114620387	XP_028622308.1	491861	Grammomys surdaster
HAS2	XM_014870126.1	106849492	XP_014725612.1	9172	Sturnus vulgaris
HAS1	XM_017503871.2	108286238	XP_017359360.1	2715852	Cebus imitator
Has1	XM_004866752.3	101707808	XP_004866809.1	10181	Heterocephalus glaber
LOC111152757	XM_022511369.1	111152757	XP_022367077.1	34882	Enhydra lutris kenyoni
HAS3	XM_032854092.1	116865712	XP_032709983.1	76717	Lontra canadensis
HAS2	XM_024217014.2	112118625	XP_024072782.1	158814	Terrapene carolina triunguis
HAS1	XM_012461963.2	105723767	XP_012317386.1	37293	Aotus nancymaae
Has1	XM_005412672.2	102008466	XP_005412729.1	34839	Chinchilla lanigera
HAS3	XM_040982474.1	121157967	XP_040838408.1	130825	Ochotona curzoniae
LOC109645899	XM_020111572.1	109645899	XP_019967131.1	8255	Paralichthys olivaceus
Has1	XM_026382036.1	113177499	XP_026237821.1	9999	Urocitellus parryii
HAS3	XM_015811472.1	107283545	XP_015666958.1	103944	Protobothrops mucrosquamatus
HAS3	XM_032771385.1	116819549	XP_032627276.1	106734	Chelonoidis abingdonii
HAS3	XM_034426696.1	117671058	XP_034282587.1	94885	Pantherophis guttatus
HAS2	XM_005507278.2	102087835	XP_005507335.1	8932	Columba livia
HAS3	XM_031615054.1	116243685	XP_031470914.1	9054	Phasianus colchicus
HAS3	XM_042821620.1	122161879	XP_042677554.1	9002	Centrocercus urophasianus
HAS3	XM_052685855.1	128082029	XP_052541815.1		
HAS1	XM_039839540.1	120583982	XP_039695474.1	143291	Pteropus giganteus
Has1	XM_008853369.3	103750321	XP_008851591.2	1026970	Nannospalax galili
HAS1	XM_019634649.1	109378196	XP_019490194.1	186990	Hipposideros armiger
HAS3	XM_004690434.2	101626269	XP_004690491.1	143302	Condylura cristata
Has1	XM_046466068.1	124107842	XP_046322024.1	9995	Marmota monax
has3	XM_019878095.1	109520699	XP_019733654.1	109280	Hippocampus comes
HAS3	XM_025888969.1	112836956	XP_025744754.1	34884	Callorhinus ursinus
HAS2	XM_032777236.1	116822981	XP_032633127.1	106734	Chelonoidis abingdonii
HAS3	XM_010962535.2	105074866	XP_010960837.1	9837	Camelus bactrianus
HAS3	XM_015238703.2	102540878	XP_015094189.1	30538	Vicugna pacos
HAS3	XM_020788335.1	110076300	XP_020643994.1	103695	Pogona vitticeps
HAS3	XM_042797652.1	116960474	XP_042653586.1	56313	Tyto alba
HAS1	XM_039466389.1	101046826	XP_039322323.1	27679	Saimiri boliviensis boliviensis
HAS1	XM_012081103.1	105595379	XP_011936493.1	9531	Cercocebus atys
HAS1	XM_036104100.1	118543251	XP_035959993.1	9711	Halichoerus grypus
HAS2	XM_044422161.1	123019324	XP_044278096.1	61221	Varanus komodoensis
Has1	XM_027921589.1	114080058	XP_027777390.1	93162	Marmota flaviventris
HAS1	XM_032387975.1	116621939	XP_032243866.1	9720	Phoca vitulina
HAS2	XM_010123284.1	104474466	XP_010121586.1	187382	Chlamydotis macqueenii
HAS1	XM_016125710.2	107500451	XP_015981196.2	9407	Rousettus aegyptiacus
Has1	XM_050120144.1	126487396	XP_049976101.1	100897	Microtus fortis
LOC107740342	XM_016552757.1	107740342	XP_016408243.1	307959	Sinocyclocheilus rhinocerous
HAS2	XM_006025471.3	102388766	XP_006025533.1	38654	Alligator sinensis
HAS2	XM_006275564.3	102573446	XP_006275626.1	8496	Alligator mississippiensis
HAS2	XM_019552383.1	109321661	XP_019407928.1	8502	Crocodylus porosus
HAS2	XM_019528114.1	109305166	XP_019383659.1	94835	Gavialis gangeticus
HAS3	XM_009477398.1	104023561	XP_009475673.1	128390	Nipponia nippon
HAS1	XM_011767832.1	105497093	XP_011766134.1	9545	Macaca nemestrina
HAS3	XM_048050510.1	106046595	XP_047906467.1	8845	Anser cygnoides
HAS1	XM_040978353.1	121155160	XP_040834287.1	130825	Ochotona curzoniae
HAS3	XM_004393332.1	101373682	XP_004393389.1	9707	Odobenus rosmarus divergens
HAS2	XM_015412111.1	107111182	XP_015267597.1	146911	Gekko japonicus
HAS2	XM_009942719.1	104336853	XP_009941021.1	30419	Opisthocomus hoazin
HAS1	XM_033224347.1	117091691	XP_033080238.1	54180	Trachypithecus francoisi
Has1	XM_052712837.1	128094443	XP_052568797.1		
HAS3	XM_014057883.1	106542218	XP_013913358.1	35019	Thamnophis sirtalis
HAS3	XM_010579549.1	104839325	XP_010577851.1	52644	Haliaeetus leucocephalus
HAS2	XM_035891580.1	104123704	XP_035747473.1	188379	Egretta garzetta
HAS1	XM_029239347.1	114904929	XP_029095180.1	40151	Monodon monoceros
HAS3	XM_042885943.1	122187997	XP_042741877.1	30410	Lagopus leucura
LOC101395623	XM_004439016.2	101395623	XP_004439073.2	9807	Ceratotherium simum simum
LOC113409375	XM_026663202.1	113409375	XP_026518987.1	158814	Terrapene carolina triunguis
HAS3	XM_009890335.1	104291135	XP_009888637.1	50402	Charadrius vociferus
HAS1	XM_017864383.1	108523658	XP_017719872.1	61621	Rhinopithecus bieti
HAS2	XM_026689406.1	113426958	XP_026545191.1	8663	Notechis scutatus
HAS2	XM_026703615.1	113438288	XP_026559400.1	8673	Pseudonaja textilis
HAS2	XM_015824080.1	107294817	XP_015679566.1	103944	Protobothrops mucrosquamatus
HAS2	XM_034422240.1	117668388	XP_034278131.1	94885	Pantherophis guttatus
HAS1	XM_037025739.1	108385574	XP_036881634.1	9974	Manis javanica
HAS3	XM_009904438.1	104303764	XP_009902740.1	118200	Dryobates pubescens
HAS1	XM_036883568.1	118911470	XP_036739463.1	143292	Manis pentadactyla
HAS1	XM_011946228.1	105514694	XP_011801618.1	54131	Colobus angolensis palliatus
LOC120878950	XM_040261891.1	120878950	XP_040117825.1	59534	Oryx dammah
HAS2	XM_031591177.1	116227712	XP_031447037.1	9054	Phasianus colchicus
Has1	XM_023704846.1	101563220	XP_023560614.1	10160	Octodon degus
LOC112397124	XM_024741247.1	112397124	XP_024597015.1	189058	Neophocaena asiaeorientalis asiaeorientalis
HAS3	XM_017539323.2	108311760	XP_017394812.1	2715852	Cebus imitator
HAS3	XM_032284286.1	116555566	XP_032140177.1	9515	Sapajus apella
HAS2	XM_007425841.2	103058218	XP_007425903.1	176946	Python bivittatus
HAS3	XM_007444745.2	103053107	XP_007444807.1	176946	Python bivittatus
HAS1	XM_012813681.1	100956461	XP_012669135.1	30611	Otolemur garnettii
HAS1	XM_007538165.1	103127268	XP_007538227.1	9365	Erinaceus europaeus
HAS3	XM_015406696.1	107106528	XP_015262182.1	146911	Gekko japonicus
HAS1	XM_007997812.2	103235145	XP_007996003.1	60711	Chlorocebus sabaeus
HAS1	XM_036422741.2	118710286	XP_036278634.1	59472	Pipistrellus kuhlii
HAS1	XM_004619787.1	101554788	XP_004619844.1	42254	Sorex araneus
HAS2	XM_006003147.2	102359069	XP_006003209.1	7897	Latimeria chalumnae
LOC112118521	XM_029914175.1	112118521	XP_029770035.1	158814	Terrapene carolina triunguis
HAS1	XM_040252072.1	120871971	XP_040108006.1	59534	Oryx dammah
HAS3	XM_027646487.1	113948697	XP_027502288.1	415028	Corapipo altera
HAS3	XM_027685077.1	113968487	XP_027540878.1	114329	Neopelma chrysocephalum
LOC110145620	XM_020906025.1	110145620	XP_020761684.1	9874	Odocoileus virginianus texanus
has3	XM_007907937.2	103188089	XP_007906128.1	7868	Callorhinchus milii
HAS2	XM_018553339.1	108784501	XP_018408841.1	125878	Nanorana parkeri
HAS3	XM_027744530.2	114000296	XP_027600331.1	649802	Pipra filicauda
HAS3	XM_041484387.1	121362687	XP_041340321.1	221976	Pyrgilauda ruficollis
HAS3	XM_039696568.1	120496281	XP_039552502.1	9160	Passer montanus
HAS3	XM_041400967.1	121334073	XP_041256901.1	356909	Onychostruthus taczanowskii
HAS3	XM_014889522.1	106861261	XP_014745008.1	9172	Sturnus vulgaris
HAS3	XM_027903723.1	114067933	XP_027759524.1	164674	Empidonax traillii
HAS2	XM_009991179.1	104383101	XP_009989481.1	121530	Tauraco erythrolophus
HAS3	XM_005424779.2	102044642	XP_005424836.1	48883	Geospiza fortis
HAS3	XM_042022841.1	121662051	XP_041878775.1	68294	Corvus kubaryi
HAS3	XM_050311565.1	126637978	XP_050167522.1	478635	Myiozetetes cayanensis
has2	XM_034227835.1	117553755	XP_034083726.1	8218	Gymnodraco acuticeps
HAS3	XM_017816253.1	108498016	XP_017671742.1	321398	Lepidothrix coronata
HAS3	XM_008927565.3	103761000	XP_008925813.2	328815	Manacus vitellinus
LOC102245815	XM_005866158.1	102245815	XP_005866220.1	109478	Myotis brandtii
HAS3	XM_005531898.1	102104183	XP_005531955.1	181119	Pseudopodoces humilis
LOC106937670	XM_015019301.1	106937670	XP_014874787.1	48699	Poecilia latipinna
has2	XM_034128007.1	117480628	XP_033983898.1	40690	Trematomus bernacchii
has2	XM_010778891.1	104952136	XP_010777193.1	8208	Notothenia coriiceps
LOC102483298	XM_006157751.1	102483298	XP_006157813.1	246437	Tupaia chinensis
has2	XM_020091086.1	109631998	XP_019946645.1	8255	Paralichthys olivaceus
HAS1	XM_031682126.1	102540001	XP_031537986.1	30538	Vicugna pacos
HAS1	XM_027858233.1	114040208	XP_027714034.1	29139	Vombatus ursinus
LOC102754470	XM_015568797.1	102754470	XP_015424283.1	225400	Myotis davidii
Has1	XM_033766036.1	104857290	XP_033621927.1	885580	Fukomys damarensis
HAS1	XM_032803317.1	116838270	XP_032659208.1	106734	Chelonoidis abingdonii
has2	XM_006794879.2	102800289	XP_006794942.1	32507	Neolamprologus brichardi
HAS1	XM_034434925.1	117675876	XP_034290816.1	94885	Pantherophis guttatus
has2	XM_031876122.1	116399166	XP_031731982.1	433405	Anarrhichthys ocellatus
HAS1	XM_026684584.1	113423270	XP_026540369.1	8663	Notechis scutatus
LOC109463883	XM_019760764.1	109463883	XP_019616323.1	7741	Branchiostoma belcheri
HAS3	XM_009556071.1	104054993	XP_009554366.1	55661	Cuculus canorus
has2	XM_005743246.1	102205650	XP_005743303.1	303518	Pundamilia nyererei
has2	XM_005937668.2	102301569	XP_005937730.1	8153	Haplochromis burtoni
has2	XM_040013123.1	120722225	XP_039869057.1	43689	Simochromis diagramma
has2	XM_037455192.1	119198236	XP_037311089.1	134920	Pungitius pungitius
HAS1	XM_024203954.2	112109431	XP_024059722.2	158814	Terrapene carolina triunguis
HAS1	XM_021705964.1	103274697	XP_021561639.1	1868482	Carlito syrichta
HAS1	XM_007179945.1	103019394	XP_007180007.1	9767	Balaenoptera acutorostrata scammoni
HAS1	XM_007441031.2	103051686	XP_007441093.1	176946	Python bivittatus
LOC102278597	XM_014477064.1	102278597	XP_014332550.1	72004	Bos mutus
HAS1	XM_026718813.1	113448206	XP_026574598.1	8673	Pseudonaja textilis
HAS1	XM_019487056.1	102576462	XP_019342601.1	8496	Alligator mississippiensis
HAS1	XM_020807446.1	110086505	XP_020663105.1	103695	Pogona vitticeps
has2	XM_039679717.1	120484511	XP_039535651.1	90988	Pimephales promelas
HAS1	XM_006897305.1	102875869	XP_006897367.1	28737	Elephantulus edwardii
has2	XM_022753551.1	111227829	XP_022609272.1	41447	Seriola dumerili
has2	XM_023410414.1	111658043	XP_023266182.1	302047	Seriola lalandi dorsalis
HAS1	XM_015822409.2	107293265	XP_015677895.1	103944	Protobothrops mucrosquamatus
has2	XM_007558721.2	103142560	XP_007558783.1	48698	Poecilia formosa
has2	XM_015001037.1	106926240	XP_014856523.1	48701	Poecilia mexicana
has2	XM_015041583.1	106953067	XP_014897069.1	48699	Poecilia latipinna
has2	XM_008283647.1	103358617	XP_008281869.1	144197	Stegastes partitus
has2	XM_036596329.1	118825624	XP_036452222.1	42526	Colossoma macropomum
has2	XM_015377234.1	107086349	XP_015232720.1	28743	Cyprinodon variegatus
LOC107540430	XM_016217186.1	107540430	XP_016072672.1	291302	Miniopterus natalensis
HAS3	XM_027802539.1	102049447	XP_027658340.1	345164	Falco cherrug
LOC107673001	XM_016466400.1	107673001	XP_016321886.1	1608454	Sinocyclocheilus anshuiensis
HAS3	XM_017850778.1	108514512	XP_017706267.1	61621	Rhinopithecus bieti
LOTGIDRAFT_136430	XM_009046750.1	20233804	XP_009044998.1	225164	Lottia gigantea
HAS3	XM_026719818.1	113448955	XP_026575603.1	8673	Pseudonaja textilis
has2	XM_049730264.1	125975113	XP_049586221.1	161590	Syngnathus scovelli
HAS3	XM_026684819.1	113423423	XP_026540604.1	8663	Notechis scutatus
HAS3	XM_011758071.1	105491552	XP_011756373.1	9545	Macaca nemestrina
HAS1	XM_010833467.1	104983919	XP_010831769.1	9901	Bison bison bison
has2	XM_038712049.1	119897981	XP_038567977.1	27706	Micropterus salmoides
HAS1	XM_012733536.1	101619259	XP_012588990.1	143302	Condylura cristata
LOC106095092	XM_013262339.1	106095092	XP_013117793.1	35570	Stomoxys calcitrans
LOC108727011	XM_018454897.1	108727011	XP_018310399.1	64791	Trachymyrmex zeteki
HAS1	XM_008525167.1	103554212	XP_008523389.1	9798	Equus przewalskii
HAS1	XM_015427851.1	107124387	XP_015283337.1	146911	Gekko japonicus
has2	XM_019892983.1	109529616	XP_019748542.1	109280	Hippocampus comes
has2	XM_023276852.2	111572958	XP_023132620.1	80972	Amphiprion ocellaris
HAS1	XM_044418812.1	123017460	XP_044274747.1	61221	Varanus komodoensis
HAS1	XM_025216482.1	102374679	XP_025072267.1	38654	Alligator sinensis
LOC106816902	XM_014821544.1	106816902	XP_014677030.1	37621	Priapulus caudatus
LOC127710528	XM_052216456.1	127710528	XP_052072416.1		
LOC107581653	XM_016267276.1	107581653	XP_016122762.1	75366	Sinocyclocheilus grahami
LOC113373343	XM_026613650.1	113373343	XP_026469435.1	7515	Ctenocephalides felis
has2	XM_035673086.1	118336433	XP_035528979.1	34816	Morone saxatilis
has2	XM_020937519.1	110171748	XP_020793178.1	150288	Boleophthalmus pectinirostris
HAS1	XM_015591899.2	102894200	XP_015447385.2	9402	Pteropus alecto
has2	XM_014008937.1	106517893	XP_013864391.1	52670	Austrofundulus limnaeus
LOC107596747	XM_016287543.1	107596747	XP_016143029.1	75366	Sinocyclocheilus grahami
has2	XM_016556378.1	107743236	XP_016411864.1	307959	Sinocyclocheilus rhinocerous
HAS1	XM_007957606.1	103211628	XP_007955797.1	9818	Orycteropus afer afer
has2	XM_023813142.1	111844575	XP_023668910.1	1676925	Paramormyrops kingsleyae
has2	XM_051407442.1	127367534	XP_051263402.1		
LOC107685568	XM_016482201.1	107685568	XP_016337687.1	1608454	Sinocyclocheilus anshuiensis
HAS3	XM_026039615.1	112947508	XP_025895400.1	30464	Nothoprocta perdicaria
HAS1	XM_023544085.1	100667758	XP_023399853.1	9785	Loxodonta africana
HAS1	XM_020900267.1	110141365	XP_020755926.1	9874	Odocoileus virginianus texanus
NECAME_12402	XM_013442218.1	25352430	XP_013297672.1	51031	Necator americanus
LOC124288516	XM_046725038.1	124288516	XP_046580994.1	36100	Haliotis rubra
LOC108801429	XM_018573322.1	108801429	XP_018428824.1	125878	Nanorana parkeri
LOC127727729	XM_052234842.1	127727729	XP_052090802.1		
LOC107124383	XM_015427846.1	107124383	XP_015283332.1	146911	Gekko japonicus
LOC106151890	XM_013525329.1	106151890	XP_013380783.1	7574	Lingula anatina
has1	XM_036579799.1	118814234	XP_036435692.1	42526	Colossoma macropomum
HAS2	XM_014074532.1	106555644	XP_013930007.1	35019	Thamnophis sirtalis
HAS3	XM_017741351.1	103620588	XP_017596840.1	85066	Corvus brachyrhynchos
HAS3	XM_023934445.1	111934390	XP_023790213.1	156563	Cyanistes caeruleus
LOC111234063	XM_022761973.1	111234063	XP_022617694.1	41447	Seriola dumerili
LOC108743609	XM_025979774.1	108743609	XP_025835559.1	224129	Agrilus planipennis
LOC106810059	XM_014813326.1	106810059	XP_014668812.1	37621	Priapulus caudatus
has1	XM_014989387.1	106919183	XP_014844873.1	48701	Poecilia mexicana
LOC106170975	XM_013551046.1	106170975	XP_013406500.1	7574	Lingula anatina
HAS3	XM_012528870.2	101417802	XP_012384324.2	9361	Dasypus novemcinctus
LOC103143133	XM_007559550.2	103143133	XP_007559612.1	48698	Poecilia formosa
has1	XM_015038296.1	106951038	XP_014893782.1	48699	Poecilia latipinna
has1	XM_014016623.1	106523247	XP_013872077.1	52670	Austrofundulus limnaeus
has1	XM_023419833.1	111664991	XP_023275601.1	302047	Seriola lalandi dorsalis
LOC111176792	XM_022577650.2	111176792	XP_022433358.1	9749	Delphinapterus leucas
has1	XM_008285857.1	103360181	XP_008284079.1	144197	Stegastes partitus
has1	XM_023283164.2	111577077	XP_023138932.1	80972	Amphiprion ocellaris
LOC109310734	XM_019536071.1	109310734	XP_019391616.1	8502	Crocodylus porosus
LOC103173266	XM_042343831.1	103173266	XP_042199765.1	7868	Callorhinchus milii
LOC102197314	XM_005741248.2	102197314	XP_005741305.2	303518	Pundamilia nyererei
has1	XM_040013150.1	120722242	XP_039869084.1	43689	Simochromis diagramma
has1	XM_005924229.3	102302827	XP_005924291.1	8153	Haplochromis burtoni
LOC106087970	XM_013253202.1	106087970	XP_013108656.1	35570	Stomoxys calcitrans
LOC109646031	XM_020111725.1	109646031	XP_019967284.1	8255	Paralichthys olivaceus
LOC109633177	XM_020092818.1	109633177	XP_019948377.1	8255	Paralichthys olivaceus
LOC107657615	XM_016445769.1	107657615	XP_016301255.1	1608454	Sinocyclocheilus anshuiensis
HAS1	XM_011966046.1	105528990	XP_011821436.1	9568	Mandrillus leucophaeus
LOC107699477	XM_016500729.1	107699477	XP_016356215.1	1608454	Sinocyclocheilus anshuiensis
has1	XM_016287274.1	107596529	XP_016142760.1	75366	Sinocyclocheilus grahami
LOC111845814	XM_023815494.1	111845814	XP_023671262.1	1676925	Paramormyrops kingsleyae
has1	XM_006794763.1	102795195	XP_006794826.1	32507	Neolamprologus brichardi
HAS1	XM_011381658.2	105306587	XP_011379960.1	132908	Pteropus vampyrus
HAS3	XM_010024248.1	104413298	XP_010022550.1	176057	Nestor notabilis
LOC107723422	XM_016532016.1	107723422	XP_016387502.1	307959	Sinocyclocheilus rhinocerous
has1	XM_049731272.1	125975538	XP_049587229.1	161590	Syngnathus scovelli
HAS3	XM_021290880.1	102086971	XP_021146555.1	8932	Columba livia
HAS1	XM_005995692.1	102363484	XP_005995754.1	7897	Latimeria chalumnae
has1	XM_019886441.1	109525696	XP_019742000.1	109280	Hippocampus comes
has1	XM_037453807.1	119197472	XP_037309704.1	134920	Pungitius pungitius
LOC107714739	XM_016520700.1	107714739	XP_016376186.1	307959	Sinocyclocheilus rhinocerous
has1	XM_035672520.1	118336000	XP_035528413.1	34816	Morone saxatilis
HAS3	XM_009289457.1	103907310	XP_009287732.1	9233	Aptenodytes forsteri
LOC111855629	XM_023834820.1	111855629	XP_023690588.1	1676925	Paramormyrops kingsleyae
HAS1	XM_025914377.1	112850849	XP_025770162.1	9696	Puma concolor
has1	XM_051405574.1	127366540	XP_051261534.1		
has1	XM_038712513.1	119898311	XP_038568441.1	27706	Micropterus salmoides
has1	XM_020637331.2	109986618	XP_020492987.1	56723	Labrus bergylta
has1	XM_031852613.1	116386429	XP_031708473.1	433405	Anarrhichthys ocellatus
LOC109954038	XM_020589462.1	109954038	XP_020445118.1	43700	Monopterus albus
has1	XM_034228324.1	117554085	XP_034084215.1	8218	Gymnodraco acuticeps
has1	XM_010782003.1	104954817	XP_010780305.1	8208	Notothenia coriiceps
has1	XM_020937200.1	110171491	XP_020792859.1	150288	Boleophthalmus pectinirostris
has1	XM_039679931.1	120484639	XP_039535865.1	90988	Pimephales promelas
HAS3	XM_026119688.1	112994994	XP_025975473.1	8790	Dromaius novaehollandiae
HAS3	XM_026084834.1	112975125	XP_025940619.1	308060	Apteryx rowi
has1	XM_020608433.1	109964862	XP_020464089.1	43700	Monopterus albus
has1	XM_034127584.1	117480297	XP_033983475.1	40690	Trematomus bernacchii
LOC103774463	XM_008941870.1	103774463	XP_008940118.1	57421	Merops nubicus
HAS3	XM_006091148.3	102431478	XP_006091210.1	59463	Myotis lucifugus
HAS3	XM_014272190.2	102073257	XP_014127665.1	44394	Zonotrichia albicollis
HAS3	XM_009642641.1	104129686	XP_009640936.1	188379	Egretta garzetta
LOC124288576	XM_046725128.1	124288576	XP_046581084.1	36100	Haliotis rubra
LOC102448287	XM_014579837.1	102448287	XP_014435323.1	13735	Pelodiscus sinensis
HAS3	XM_014573179.2	102456379	XP_014428665.2	13735	Pelodiscus sinensis
LOC113464291	XM_026813309.1	113464291	XP_026669110.1	156304	Ceratina calcarata
LOTGIDRAFT_170891	XM_009046748.1	20241588	XP_009044996.1	225164	Lottia gigantea
LOC127357481	XM_051389710.1	127357481	XP_051245670.1		
LOC127290256	XM_051318730.1	127290256	XP_051174687.1		
LOC106163251	XM_013540791.2	106163251	XP_013396245.2	7574	Lingula anatina
LOC107707160	XM_016511077.1	107707160	XP_016366563.1	307959	Sinocyclocheilus rhinocerous
CIRH1A	XM_009665555.1	104138105	XP_009663850.1	8801	Struthio camelus australis
LOC122719633	XM_043945608.1	122719633	XP_043801543.1	183418	Apis laboriosa
LOC115240288	XM_029815746.1	115240288	XP_029671606.1	72781	Formica exsecta
LOTGIDRAFT_114956	XM_009053793.1	20231158	XP_009052041.1	225164	Lottia gigantea
LOC111852837	XM_023829138.1	111852837	XP_023684906.1	1676925	Paramormyrops kingsleyae
HAS3	XM_012806143.1	100947884	XP_012661597.1	30611	Otolemur garnettii
LOC105625764	XM_012207084.1	105625764	XP_012062474.1	12957	Atta cephalotes
LOC103802112	XM_009074564.1	103802112	XP_009072812.1	57068	Acanthisitta chloris
LOC108691512	XM_018199285.1	108691512	XP_018054774.1	520822	Atta colombica
LOC112904395	XM_025974302.1	112904395	XP_025830087.1	224129	Agrilus planipennis
UGCG	XM_006733474.2	102728520	XP_006733537.1	9713	Leptonychotes weddellii
UGCG	XM_016213753.1	107537675	XP_016069239.1	291302	Miniopterus natalensis
LOC103373416	XM_008303301.1	103373416	XP_008301523.1	144197	Stegastes partitus
LOC120742701	XM_040046141.1	120742701	XP_039902075.1	43689	Simochromis diagramma
UGCG	XM_007178210.1	103012116	XP_007178272.1	9767	Balaenoptera acutorostrata scammoni
UGCG	XM_032865596.1	116872461	XP_032721487.1	76717	Lontra canadensis
ugcg	XM_039676382.1	120482262	XP_039532316.1	90988	Pimephales promelas
Ugcg	XM_013023259.1	105990777	XP_012878713.1	10020	Dipodomys ordii
UGCG	XM_027839536.1	114025984	XP_027695337.1	29139	Vombatus ursinus
UGCG	XM_007529509.2	103119246	XP_007529571.1	9365	Erinaceus europaeus
ugcg	XM_034237025.1	117560200	XP_034092916.1	8218	Gymnodraco acuticeps
LOC106151889	XM_013525326.2	106151889	XP_013380780.1	7574	Lingula anatina
UGCG	XM_013006806.2	101639563	XP_012862260.1	9371	Echinops telfairi
LOC124503093	XM_047067897.1	124503093	XP_046923853.1	61384	Lynx rufus
UGCG	XM_023588779.1	101413927	XP_023444547.1	9361	Dasypus novemcinctus
UGCG	XM_029203295.1	114884347	XP_029059128.1	40151	Monodon monoceros
Ugcg	XM_048419934.1	125390804	XP_048275891.1	447135	Myodes glareolus
UGCG	XM_036915660.1	118927441	XP_036771555.1	143292	Manis pentadactyla
LOC108754843	XM_018497467.1	108754843	XP_018352969.1	34720	Trachymyrmex septentrionalis
UGCG	XM_006214786.2	102538453	XP_006214848.1	30538	Vicugna pacos
UGCG	XM_015568751.1	102753615	XP_015424237.1	225400	Myotis davidii
UGCG	XM_008577566.1	103594353	XP_008575788.1	482537	Galeopterus variegatus
Ugcg	XM_003463788.3	100730880	XP_003463836.1	10141	Cavia porcellus
UGCG	XM_008513770.1	103546872	XP_008511992.1	9798	Equus przewalskii
UGCG	XM_007968416.2	103219011	XP_007966607.1	60711	Chlorocebus sabaeus
UGCG	XM_011941752.1	105511588	XP_011797142.1	54131	Colobus angolensis palliatus
UGCG	XM_011992459.1	105548436	XP_011847849.1	9568	Mandrillus leucophaeus
UGCG	XM_012093321.1	105601255	XP_011948711.1	9531	Cercocebus atys
UGCG	XM_033237819.1	117098831	XP_033093710.1	54180	Trachypithecus francoisi
UGCG	XM_032164870.1	116475544	XP_032020761.1	81572	Hylobates moloch
UGCG	XM_012461827.2	105723676	XP_012317250.1	37293	Aotus nancymaae
UGCG	XM_017503395.2	108285906	XP_017358884.1	2715852	Cebus imitator
UGCG	XM_032240346.1	116524854	XP_032096237.1	9515	Sapajus apella
UGCG	XM_039475082.1	101029543	XP_039331016.1	27679	Saimiri boliviensis boliviensis
UGCG	XM_007449770.1	103088786	XP_007449832.1	118797	Lipotes vexillifer
UGCG	XM_022579052.2	111177327	XP_022434760.1	9749	Delphinapterus leucas
UGCG	XM_024757279.1	112407843	XP_024613047.1	189058	Neophocaena asiaeorientalis asiaeorientalis
UGCG	XM_027105217.1	113619814	XP_026961018.1	90247	Lagenorhynchus obliquidens
UGCG	XM_030859015.1	115854584	XP_030714875.1	9731	Globicephala melas
UGCG	XM_003785221.3	100947307	XP_003785269.1	30611	Otolemur garnettii
Ugcg	XM_004647263.3	101566022	XP_004647320.1	10160	Octodon degus
UGCG	XM_036090942.1	118534853	XP_035946835.1	9711	Halichoerus grypus
LOC101342311	XM_004372163.2	101342311	XP_004372220.1	9778	Trichechus manatus latirostris
UGCG	XM_026002763.1	112923058	XP_025858548.1	9627	Vulpes vulpes
UGCG	XM_017660475.2	108397186	XP_017515964.1	9974	Manis javanica
UGCG	XM_037492293.1	119230787	XP_037348190.1	50954	Talpa occidentalis
UGCG	XM_004396979.1	101368798	XP_004397036.1	9707	Odobenus rosmarus divergens
UGCG	XM_005906575.2	102270731	XP_005906637.1	72004	Bos mutus
UGCG	XM_006142737.1	102473750	XP_006142799.1	246437	Tupaia chinensis
UGCG	XM_006906105.3	102893957	XP_006906167.1	9402	Pteropus alecto
Ugcg	XM_015492201.2	107147701	XP_015347687.1	9993	Marmota marmota marmota
UGCG	XM_016126354.2	107500772	XP_015981840.1	9407	Rousettus aegyptiacus
UGCG	XM_019454200.1	109269973	XP_019309745.1	9691	Panthera pardus
UGCG	XM_025888231.1	112836471	XP_025744016.1	34884	Callorhinus ursinus
UGCG	XM_025932063.1	112868977	XP_025787848.1	9696	Puma concolor
Ugcg	XM_026391139.1	113184422	XP_026246924.1	9999	Urocitellus parryii
UGCG	XM_026506014.3	113260314	XP_026361799.1	9644	Ursus arctos
Ugcg	XM_027942965.1	114098752	XP_027798766.1	93162	Marmota flaviventris
UGCG	XM_028108707.1	114213490	XP_027964508.1	34886	Eumetopias jubatus
UGCG	XM_032418374.1	116641027	XP_032274265.1	9720	Phoca vitulina
UGCG	XM_035016062.1	118017815	XP_034871953.1	9715	Mirounga leonina
UGCG	XM_039240724.1	120237431	XP_039096655.1	95912	Hyaena hyaena
UGCG	XM_039870740.1	120608761	XP_039726674.1	143291	Pteropus giganteus
UGCG	XM_040239418.1	120863296	XP_040095352.1	59534	Oryx dammah
UGCG	XM_040481960.1	121034836	XP_040337894.1	1608482	Puma yagouaroundi
UGCG	XM_040631717.1	103678658	XP_040487651.1	29073	Ursus maritimus
UGCG	XM_041004275.1	121172408	XP_040860209.1	130825	Ochotona curzoniae
UGCG	XM_045882927.1	123849902	XP_045738883.1	9716	Mirounga angustirostris
Ugcg	XM_046451656.1	124097255	XP_046307612.1	9995	Marmota monax
Ugcg	XM_004849571.3	101716042	XP_004849628.1	10181	Heterocephalus glaber
LOC101391718	XM_004423330.2	101391718	XP_004423387.1	9807	Ceratotherium simum simum
UGCG	XM_004600301.2	101549502	XP_004600358.1	42254	Sorex araneus
LOC111145657	XM_022500732.1	111145657	XP_022356440.1	34882	Enhydra lutris kenyoni
UGCG	XM_006864670.1	102828423	XP_006864732.1	185453	Chrysochloris asiatica
LOC106094285	XM_013261489.1	106094285	XP_013116943.1	35570	Stomoxys calcitrans
UGCG	XM_010843578.1	104991182	XP_010841880.1	9901	Bison bison bison
Ugcg	XM_005382714.2	102007772	XP_005382771.1	34839	Chinchilla lanigera
Ugcg	NM_001246692.1	100689432	NP_001233621.1	10029	Cricetulus griseus
Ugcg	XM_052716709.1	128096748	XP_052572669.1		
UGCG	XM_006900846.1	102871186	XP_006900908.1	28737	Elephantulus edwardii
UGCG	XM_003407805.3	100661988	XP_003407853.1	9785	Loxodonta africana
Ugcg	XM_010639339.2	104872949	XP_010637641.1	885580	Fukomys damarensis
Ugcg	XM_008831129.2	103732534	XP_008829351.1	1026970	Nannospalax galili
Ugcg	XM_050164693.1	126515203	XP_050020650.1	100897	Microtus fortis
UGCG	XM_007936715.1	103193477	XP_007934906.1	9818	Orycteropus afer afer
Ugcg	XM_020173825.1	109692884	XP_020029414.1	51338	Castor canadensis
UGCG	XM_014534389.1	102249980	XP_014389875.1	109478	Myotis brandtii
UGCG	XM_008141799.2	103286344	XP_008140021.1	29078	Eptesicus fuscus
UGCG	XM_006088024.3	102442336	XP_006088086.1	59463	Myotis lucifugus
UGCG	XM_036330017.1	118667182	XP_036185910.1	51298	Myotis myotis
UGCG	XM_036260982.1	118629564	XP_036116875.1	27622	Molossus molossus
UGCG	XM_004677953.2	101634607	XP_004678010.1	143302	Condylura cristata
UGCG	XM_045840598.1	123819968	XP_045696554.1	9423	Phyllostomus hastatus
UGCG	XM_024562313.2	112306382	XP_024418081.1	9430	Desmodus rotundus
UGCG	XM_037035720.1	118979600	XP_036891615.1	192404	Sturnira hondurensis
LOC119054666	XM_037152658.2	119054666	XP_037008553.1		
Ugcg	XM_021664674.1	110566762	XP_021520349.1	10047	Meriones unguiculatus
LOC113419498	XM_026678904.1	113419498	XP_026534689.1	8663	Notechis scutatus
LOC117222302	XM_033473937.1	117222302	XP_033329828.1	115081	Megalopta genalis
LOC127710410	XM_052216239.1	127710410	XP_052072199.1		
Ugcg	XM_005085057.4	101844334	XP_005085114.2	10036	Mesocricetus auratus
LOC106933687	XM_015013097.1	106933687	XP_014868583.1	48701	Poecilia mexicana
UGCG	XM_011740364.1	105481075	XP_011738666.1	9545	Macaca nemestrina
LOC114885956	XM_029206392.1	114885956	XP_029062225.1	40151	Monodon monoceros
ugcg	XM_034117178.1	117471971	XP_033973069.1	40690	Trematomus bernacchii
UGCG	XM_023525168.1	105307973	XP_023380936.1	132908	Pteropus vampyrus
LOC107658668	XM_016447314.1	107658668	XP_016302800.1	1608454	Sinocyclocheilus anshuiensis
